Location,Province,State,Hewett_Sample_Number,Mine,USGS_Sample_ID,Mineral,Additional_Descriptions,Selected_References,Collector,Latitude,Longitude,WGS84_Coordinate_Source,MRDS_Record_ID,PLSS,Sample_Type,Label_Origin,Mn_Oxide_Dominant,Mn_Min_Vol_Estimate,Mass_kilograms,Mass_grams,Cabinet_Letter,Drawer_Number,,
Bisbee,,Arizona,AR-26,Higgins Mine,MC0040,alabandite,,,,31.43820,-109.92065,MRDS,10026901,,Reference Hand Sample(s),Rock Bag,Y,70,0.794,794,A,3,,
Patagonia Mountains,,Arizona,AR-25,,MC0042,alabandite,Harshaw Mining District,,,31.51458 ,-110.77596,MRDS,10108992,,Reference Hand Sample(s),Rock Bag,Y,60,0.78,780,A,3,,
Cochise County,,Arizona,AR-24,Humboldt Mine,MC0044,alabandite,"Round Valley, Cochise County, Arizona",,,31.95374,-109.16675,MRDS,10104051,,Reference Hand Sample(s),Rock Bag,Y,60,0.468,468,A,3,,
White Pine County,,Nevada,NE-17,Siegel Mine,MC0082,alabandite,Schellbourne Mining District,,,39.72882,-114.60892,MRDS,10037249,,Reference Hand Sample(s),Rock Bag,Y,80,0.38,380,A,6,,
Jefferson County,,Montana,MON-2,Wickes Manganese Prospect,MC0184,alabandite,,,Helen Jefferson,46.34910,-112.11338,MRDS,10294537,,Reference Hand Sample(s),Rock Bag,N,30,0.146,146,A,13,,
Butte ,,Montana,,,MC0189,alabandite,,,,46.01990,-112.53089,MRDS,10400191,,Reference Hand Sample(s),Envelope,N,40,0.174,174,A,13,,
Brazil,,Paraíba,LU-12,Serra Branca,MC0683,arrojadite,Arrojadita is noted on specimen.,,,-6.45054,-36.28388,MRDS,10105338,,Reference Hand Sample(s),Rock Bag,Y,50,1.872,"1,872",G,G1,,
Trinity County,,California,Cal-44,Spider Claim,MC0606,axinite,,,C.W. Chesterman,40.26905 ,-123.12171,MRDS,10190634,,"Reference Hand Sample(s),Sand",Rock Bag,N,15,0.852,852,E,E7,,
Kern County,,California,Cal-47,BHP Prospect,MC0615,axinite,,,,35.32110,-117.68673,MRDS,10033480,,Reference Hand Sample(s),Rock Bag,N,20,0.43,430,F,F1,,
Artillery Peak,,Arizona,AR-23,Chapin Claim 19,MC0033,barite,,,,34.33810,-113.63689,MRDS,10027664,,Reference Hand Sample(s),Rock Bag,N,20,0.214,214,A,3,,
Grand County,,Utah,,The Needles,MC0262,barite,Gustavus Claim,,,38.70388,-109.89681,MRDS,60000999,,Reference Hand Sample(s),Rock Bag,N,60,0.18,180,B,B1,,
Hidalgo del Parral,,Chihuahua,,,MC0488,barite,Parral Mine District,,,26.90031,-105.63384,MRDS,10105923,,Reference Hand Sample(s),Plastic Bag,Y,40,0.694,694,D,D4,,
Allende,,Chihuahua,M-21,Pavo Real Mine,MC0504,barite,,,Ivan F. Wilson,26.91698,-105.45051,MRDS,10098771,,Reference Hand Sample(s),Rock Bag,Y,80,1.074,"1,074",D,D5,,
Pershing County,,Nevada,NE-26,Black Diablo Mine,MC0109,bementite,,,,40.68160,-117.56626,MRDS,10295147,,Reference Hand Sample(s),Rock Bag,Y,70,1.102,"1,102",A,7,,
Clallam County,,Washington,,Thompson Claim,MC0196,bementite,,,John A. Straczek,48.06007,-123.66572,MRDS,10047897,,Reference Hand Sample(s),Rock Bag,Y,70,0.654,654,A,14,,
Independence County,,Arkansas,SE-11,Hankins Hollow Mine,MC0472,bementite,Coleman Land is noted on samples.,,,35.88119,-91.82705,MRDS,10138685,,"Reference Hand Sample(s),Powder,Sand",Rock Bag,Y,70,0.618,618,D,D3,,
Mendocino County,,California,Cal-123,Thomas Mine,MC0518,bementite,,,D.F. Hewett,39.31047,-123.17529,MRDS,10285652,,Reference Hand Sample(s),Rock Bag,Y,70,0.542,542,D,D6,,
Amador County,,California,Cal-140,State of California Mine,MC0552,bementite,,,,38.36460,-120.93322,MRDS,10114446,,Reference Hand Sample(s),Rock Bag,Y,55,0.192,192,E,E3,,
Trinity County,,California,Cal-37,Manganese Queen Mine,MC0616,bementite,Promise Mine is noted on samples.,,M.D. Crittenden,40.41818,-123.17805,MRDS,10109406,,Reference Hand Sample(s),Rock Bag,N,40,0.608,608,F,F1,,
Trinity County,,California,Cal-43,Manganese Queen Mine,MC0629,bementite,,,Parker D. Trask,40.41818,-123.17805,MRDS,10109406,,Reference Hand Sample(s),Rock Bag,N,30,0.446,446,F,F2,,
Stanislaus County,,California,Cal-62,Buckeye Mine,MC0637,bementite,,,,37.52714,-121.39546,MRDS,10033644,,Reference Hand Sample(s),Rock Bag,Y,55,1.276,"1,276",F,F3,,
Mason County,,Washington,,Black Hump Claims,MC0231,bementite ,Occurance is in the proximity of Lake Cushman's Boat Landing.,,,47.53062,-123.32932,MRDS,10055961,,Reference Hand Sample(s),Rock Bag,Y,55,0.082,82,A,16,,
Aguila District,,Arizona,AR-1-b,Hatton Claims,MC0004,black calcite,,,,33.62923,-113.11659,MRDS,10027068,,"Reference Hand Sample(s),Powder",Rock Bag,Y,80,0.424,424,A,1,,
Trigo Mountains,,Arizona,AR-1-c,,MC0005,black calcite,Cibola Mine Group,,,33.29256,-114.61469,MRDS,10113228,,"Reference Hand Sample(s),Powder",Rock Bag,Y,60,0.476,476,A,1,,
Yuma County,,Arizona,AR-2,Ballard Deposits,MC0010,black calcite,Castle Dome Mountains,,,33.04177,-114.16748,MRDS,60001554,,"Reference Hand Sample(s),Powder",Rock Bag,N,40,0.16,160,A,1,,
Lincoln County,,Nevada,,Tempiute Silver Mine,MC0077,black calcite,,,,37.61246,-115.65254,MRDS,10105796,,Reference Hand Sample(s),Rock Bag,N,30,0.412,412,A,6,,
White Pine County,,Nevada,NE-9a,Eberhardt Mine,MC0079,black calcite,"Hamilton, Nevada noted on specimen.",,,39.21743,-115.48418,MRDS,10296039,,"Reference Hand Sample(s),Powder",Rock Bag,N,40,0.578,578,A,6,,
Millard County,,Utah,UT-1,,MC0272,black calcite,"Conger Range,Utah",,,39.1630724,-114.0378192,Earth Point©,,"Northwest Section 18,T19S,R19W","Reference Hand Sample(s),Thin Section(s)",Rock Bag,N,30,0.922,922,B,B2,,
Catron County,,New Mexico,NM-6,Confidence Mine,MC0294,black calcite,,,,33.39592,-108.81925,MRDS,10012401,,Reference Hand Sample(s),Rock Bag,N,40,0.628,628,B,B3,,
Catron County,,New Mexico,NM-8,,MC0295,black calcite,Mogollon District,,,33.40453,-108.80092,MRDS,10069325,,Reference Hand Sample(s),Rock Bag,N,20,0.432,432,B,B3,,
Catron County,,New Mexico,NM-8,,MC0296,black calcite,Mogollon District,,,33.40453,-108.80092,MRDS,10069325,,"Reference Hand Sample(s),Powder",Rock Bag,Y,40,0.254,254,B,B3,,
Catron County,,New Mexico,NM-8,,MC0297,black calcite,Mogollon District,,,33.40453,-108.80092,MRDS,10069325,,Reference Hand Sample(s),Rock Bag,N,40,0.617,617,B,B3,,
Bisbee,,Arizona,AR-4,Higgins Mine,MC0002,braunite,,,,31.44294,-109.92205,MRDS,10112561,,"Reference Hand Sample(s),Powder",Rock Bag,Y,80,0.604,604,A,1,,
Izard County,,Arkansas,SE-8,Cummins Hollow Mine,MC0460,braunite,,,,35.89759,-91.83455,MRDS,10235424,,Reference Hand Sample(s),Rock Bag,Y,70,0.08,80,D,D2,,
Independence County,,Arkansas,SE-5,Ozark Mine,MC0462,braunite,,,,35.86979,-91.60454,MRDS,10235505,,"Reference Hand Sample(s),Powder",Rock Bag,Y,80,0.428,428,D,D2,,
San Felipe,,Zacatecas,M-19,San Felipe de Jesus Mine,MC0507,braunite,"""25 M les SE of Canitas, Zacs. Mex.""-P.D.Trask",Reference_29,Parker D. Trask,28.46667,-102.36667,NCAT,,,Reference Hand Sample(s),Rock Bag,Y,80,0.03,30,D,D5,,
Plumas County,,California,Cal-131,Western Manganese,MC0564,braunite,,,,40.08317,-120.93494,MRDS,10261314,,Reference Hand Sample(s),Rock Bag,Y,85,1.182,"1,182",E,E4,,
Mariposa County,,California,Cal-25,Caldwell Mine,MC0650,braunite,,,,37.68075,-120.28127,MRDS,10030814,,Reference Hand Sample(s),Rock Bag,Y,55,1.82,"1,820",F,F4,,
Kings County,Nova Scotia,,C-16,Markhamville Mine,MC0658,braunite,WGS84 coordinates reported by New Brunswick Mineral Occurance Database.,Reference_5,Dr. P.R. Eakins,45.6153,-65.43996,NCAT,,,"Reference Hand Sample(s),Powder",Rock Bag,Y,55,0.436,436,F,F4,,
Philippines,,,,Dimanyang Mine,MC0765,braunite,"""Dimanyang Deposit, Tunnel 7 in Busuanga Island, Phillipines""-R.K. Sorem",,R.K. Sorem,12.11041 ,119.99934,MRDS,10280800,,Reference Hand Sample(s),Paper Bag,Y,60,0.082,82,G,G5,,
Philippines,,,,Siñgay Mine,MC0766,braunite,"""Singay Deposit in Busuanga Island, Philippines""-R.K. Sorem",,R.K. Sorem,12.11041 ,119.99934,MRDS,10280800,,"Reference Hand Sample(s),Powder",Paper Bag,N,45,0.148,148,G,G5,,
Philippines,,,,Siñgay Mine,MC0768,braunite,"""Singay Deposit in Busuanga Island, Philippines""-R.K. Sorem",,R.K. Sorem,12.11041 ,119.99934,MRDS,10280800,,Reference Hand Sample(s),Paper Bag,Y,65,0.174,174,G,G5,,
Pakistan,Balochistan,,KI-4,,MC0785,braunite,"Lasbela District, Balochistan, Pakistan",Reference_2,Igbal Ali,26.76491,66.41027,ArcGIS,,,"Reference Hand Sample(s),Powder",Rock Bag,Y,60,0.096,96,G,G6,,
Sierra County,,New Mexico,,Jones-Reiland Claims 1940's,MC0350,calcite,,,S.K. Neuschel,32.83845,-107.25253,MRDS,10008857,,Reference Hand Sample(s),Paper Bag,Y,45,0.254,254,C,C1,,
Otero County,,New Mexico,,,MC0333,chalcophanite,Copper Flat Group,,S.K. Neuschel,32.82932,-105.73775,MRDS,10272361,,Reference Hand Sample(s),Rock Bag,Y,50,0.474,474,B,B5,,
Grant County,,New Mexico,,,MC0388,chalcophanite,Copper Flat Group,,S.K. Neuschel,32.82932,-105.73775,MRDS,10272361,,Reference Hand Sample(s),Paper Bag,Y,80,2.14,"2,140",,On Dresser A,,
Mason County,,Washington,,Black and White Mine,MC0197,cinnabar,,,John A. Straczek,47.57423,-123.34626,MRDS,10088849,,Reference Hand Sample(s),Rock Bag,N,25,0.134,134,A,14,,
Socorro County,,New Mexico,NM-20,Optimo Claim,MC0329,coronadite,Carretas Canyon Group,,S.K. Neuschel,33.98370,-106.99337,MRDS,10094249,,Reference Hand Sample(s),Rock Bag,Y,65,0.548,548,B,B5,,
Inyo County,,California,Cal-88,Defense Mine,MC0549,coronadite,,,Wayne E. Hall,36.24441,-117.46062,MRDS,10076654,,Reference Hand Sample(s),Rock Bag,Y,85,0.058,58,E,E3,,
Morocco,Errachidia,,Mor-9,Vein 12-Taouz Tadaout Mine,MC0725,coronadite,,,,30.89956,-3.98167,MRDS,10008198,,"Reference Hand Sample(s),Powder",Rock Bag,Y,60,0.464,464,G,G3,,
Morocco,Midelt,,Mor-10,Akebab Mine,MC0726,coronadite,,,G. Jouravsky,32.66616,-4.66489,MRDS,10008197,,"Reference Hand Sample(s),Powder",Rock Bag,Y,60,0.412,412,G,G3,,
Patagonia Mountains,,Arizona,AR-22,Mowry Mine,MC0027,cryptomelane,,,,31.42847,-110.70400,MRDS,10109889,,Reference Hand Sample(s),Rock Bag,Y,95,0.936,936,A,2,,
Lander County,,Nevada,NE-2A,Black Devil Mine,MC0134,cryptomelane,,,,39.82380,-117.47956,MRDS,10045910,,"Reference Hand Sample(s),Powder,Pebble",Rock Bag,Y,50,0.688,688,A,9,,
Meagher County,,Montana,,Victory Manganese Claim,MC0186,cryptomelane,,,"S.K. Neuschel, M.D. Crittenden",46.78711,-111.20776,MRDS,10221919,,"Reference Hand Sample(s),Powder",Rock Bag,Y,90,0.146,146,A,13,,
Butte ,,Montana,,,MC0188,cryptomelane,,,"C.F. Park, Jr.",46.01990,-112.53089,MRDS,10400191,,Reference Hand Sample(s),Rock Bag,Y,90,0.388,388,A,13,,
Jackson County,,Oregon,OR-1,Tyrrell Mine,MC0234,cryptomelane,Lake Creek,,,42.37373,-122.57923,MRDS,10128740,,"Reference Hand Sample(s),Pebble",Rock Bag,Y,60,0.958,958,A,17,,
Dolores County,,Colorado,COL-13,Logan Mine,MC0249,cryptomelane,,,,37.71723,-108.02426,MRDS,10014132,,Reference Hand Sample(s),Rock Bag,Y,80,0.66,660,A,18,,
Humboldt County,,Nevada,NE-28,Raven Claim,MC0276,cryptomelane,,,,41.72904,-119.11880,MRDS,10045026,,Reference Hand Sample(s),Rock Bag,N,90,0.54,540,B,B2,,
Juab County,,Utah,UT-15,Wild Cat Mine,MC0281,cryptomelane,,,,39.85022,-113.45444,MRDS,10020407,,"Reference Hand Sample(s),Sand",Rock Bag,Y,90,0.224,224,B,B2,,
Socorro County,,New Mexico,NM-14,Rheinhart Prospect,MC0299,cryptomelane,Luis Lopez District,,S.K. Neuschel,33.85148,-107.19615,MRDS,10008851,,"Reference Hand Sample(s),Powder",Rock Bag,Y,80,1.286,"1,286",B,B3,,
Socorro County,,New Mexico,,Black Feather Claim,MC0320,cryptomelane,Luis Lopez District,,S.K. Neuschel,33.96259,-106.97479,MRDS,60001553,,Reference Hand Sample(s),Rock Bag,Y,50,0.738,738,B,B4,,
Luna County,,New Mexico,NM-16,Killion Mine,MC0324,cryptomelane,Little Florida Mining District,,,32.21123,-107.59559,MRDS,10198821,,"Reference Hand Sample(s),Powder,Pebble",Rock Bag,Y,80,1.228,"1,228",B,B5,,
Socorro County,,New Mexico,,Black Mask Manganese Mine,MC0349,cryptomelane,,,S.K. Neuschel,34.37952,-107.17338,MRDS,10012384,,Reference Hand Sample(s),Rock Bag,Y,40,0.65,650,C,C1,,
Socorro County,,New Mexico,,Negrohead Manganese Mine,MC0365,cryptomelane,,,S.K. Neuschel,34.00676,-107.05670,MRDS,10012393,,Reference Hand Sample(s),Paper Bag,Y,55,1.598,"1,598",C,C2,,
Socorro County,,New Mexico,,Negrohead Manganese Mine,MC0366,cryptomelane,,,S.K. Neuschel,34.00676,-107.05670,MRDS,10012393,,Reference Hand Sample(s),Paper Bag,Y,50,0.86,860,C,C2,,
Socorro County,,New Mexico,,Negrohead Manganese Mine,MC0367,cryptomelane,,,S.K. Neuschel,34.00676,-107.05670,MRDS,10012393,,Reference Hand Sample(s),Paper Bag,Y,70,0.398,398,C,C2,,
Grant County,,New Mexico,,,MC0372,cryptomelane,Fierro Manganese Group,,S.K. Neuschel,32.83401,-108.08281,MRDS,60000400,,Reference Hand Sample(s),Paper Bag,Y,90,0.106,106,C,C2,,
Socorro County,,New Mexico,,Black Feather Claim,MC0374,cryptomelane,Luis Lopez District,,S.K. Neuschel,33.96259,-106.97479,MRDS,60001553,,Reference Hand Sample(s),Paper Bag,Y,80,0.48,480,C,C2,,
Smyth County,,Virginia,E-42,Dean's Branch Prospect,MC0395,cryptomelane,,,R.L. Miller,36.77728,-81.53982,MRDS,10179084,,Reference Hand Sample(s),Rock Bag,Y,70,0.722,722,C,C3,,
Smyth County,,Virginia,E-37,Hutton Mine,MC0403,cryptomelane,,,R.L. Miller,36.74758,-81.51952,MRDS,10100634,,Reference Hand Sample(s),Rock Bag,Y,90,0.238,238,C,C4,,
Marion,,Virginia,E-52,Currin Valley Mines,MC0405,cryptomelane,,,R.L. Miller,36.79175,-81.49982,MRDS,10106476,,Reference Hand Sample(s),Rock Bag,Y,80,0.418,418,C,C4,,
Bedford County,,Pennsylvania,E-36,Sherman Valley ,MC0433,cryptomelane,Simon and Coles is noted on samples.,,,40.09222,-78.24781,MRDS,10128476,,Reference Hand Sample(s),Rock Bag,Y,90,0.096,96,D,D1,,
Washington County,,Tennessee,,West Ore Bank Mine,MC0434,cryptomelane,,,P.B. King,36.15339,-82.51296,MRDS,10251398,,Reference Hand Sample(s),Rock Bag,Y,90,0.196,196,D,D1,,
Johnson County,,Tennessee,,Neely Mine,MC0438,cryptomelane,,,P.B. King,36.56618,-81.73953,MRDS,10275471,,Reference Hand Sample(s),Rock Bag,Y,90,0.124,124,D,D1,,
Shannon County,,Missouri,SE-14,Seaman No.1 Mine,MC0459,cryptomelane,,,,37.10477,-91.18203,MRDS,10123564,,Reference Hand Sample(s),Rock Bag,Y,70,0.182,182,D,D2,,
Chalchihuites,,Zacatecas,M-31,La Colorada Mine,MC0490,cryptomelane,,,Parker D. Trask,23.48377,-103.88378,MRDS,10073020,,Reference Hand Sample(s),Rock Bag,Y,75,0.18,180,D,D4,,
San Bernardino,,California,Cal-103,Dawson Deposit,MC0586,cryptomelane,,,,34.39004,-114.26301,MRDS,10095185,,Reference Hand Sample(s),Rock Bag,Y,70,0.396,396,E,E5,,
Carson City,,Nevada,NE-23,Dixon Brothers Prospect,MC0675,cryptomelane,Pine Nut Mountain,,,39.17050,-119.61490,MRDS,10296228,,Reference Hand Sample(s),Rock Bag,Y,50,1.542,"1,542",F,F6,,
Brazil,,Mato Grosso do Sul,,Urucum Mine,MC0681,cryptomelane,,,J.V.H. Dorr,-19.13091,-57.54925,MRDS,10024440,,Reference Hand Sample(s),Rock Bag,Y,50,0.82,820,F,F6,,
Cuba,Granma,,Cu-8,La Unica Mine,MC0712,cryptomelane,,,John A. Straczek,20.14116,-76.35832,MRDS,10061327,,"Reference Hand Sample(s),Pebble",Rock Bag,Y,55,1.606,"1,606",G,G2,,
Japan,Hokkaido,,J-24,Kokko Mine,MC0760,cryptomelane,"""Kokko Mine, Hokkaido""-Y. Hariya",Reference_17,Yu Hariya,43.14434,140.85976,ArcGIS,,,"Reference Hand Sample(s),Powder",Paper Bag,Y,80,0.02,20,G,G5,,
Jackson County,,Colorado,Col-12,Northgate ,MC0673,fluorite,,,,40.93333,-106.25278,MRDS,10400604,,"Reference Hand Sample(s),Powder",Rock Bag,Y,75,1.1,"1,100",F,F6,,
Dona Ana County,,New Mexico,,Hust Manganese Claim,MC0332,geothite,,,S.K. Neuschel,32.54733,-106.95998,MRDS,10198989,,Reference Hand Sample(s),Rock Bag,N,60,0.292,292,B,B5,,
Pima County,,Arizona,AR-14,COD Mine,MC0008,hausmannite,Las Guijas Mine Group,,,31.65733,-111.37929,MRDS,10162307,,"Reference Hand Sample(s),Powder",Rock Bag,Y,90,0.668,668,A,1,,
Clallam County,,Washington,WA-1-2,Crescent Mine,MC0212,hausmannite,,,John A. Straczek,48.07750,-123.94333,MRDS,10042389,,Reference Hand Sample(s),Rock Bag,Y,75,1.06,"1,060",A,15,,
Clallam County,,Washington,WA-1-16,Crescent Mine,MC0213,hausmannite,,,John A. Straczek,48.07750,-123.94333,MRDS,10042389,,Reference Hand Sample(s),Rock Bag,N,40,0.626,626,A,15,,
Clallam County,,Washington,,Crescent Mine,MC0219,hausmannite,,,John A. Straczek,48.07750,-123.94333,MRDS,10042389,,Reference Hand Sample(s),Rock Bag,Y,55,0.748,748,A,16,,
Clallam County,,Washington,WA-1-19,Crescent Mine,MC0226,hausmannite,,,,48.07750,-123.94333,MRDS,10042389,,Reference Hand Sample(s),Rock Bag,N,45,0.634,634,A,16,,
Independence County,,Arkansas,SE-7,W.T. Gray Mine,MC0463,hausmannite,,,,35.88429,-91.61654,MRDS,10156320,,Reference Hand Sample(s),Rock Bag,Y,80,0.024,24,D,D2,,
Iron County,,Missouri,SE-16,Big Muddy Mine,MC0467,hausmannite,MRDS File Name: Big Bogg Mountain Mine,,D.F. Hewett,37.54727,-90.66151,MRDS,10244125,,Reference Hand Sample(s),Rock Bag,Y,60,0.888,888,D,D3,,
Independence County,,Arkansas,SE-2,Hankins Hollow Mine,MC0470,hausmannite,,,,35.88119,-91.82705,MRDS,10138685,,Reference Hand Sample(s),Rock Bag,Y,65,1.218,"1,218",D,D3,,
Bromide,,Oklahoma,SE-19,Viola-Bromide Deposit,MC0476,hausmannite,MRDS File Name: Springbrook Deposit Bromide,Reference_16,Dick Erd,34.37952,-96.53468,MRDS,10151496,,Reference Hand Sample(s),Rock Bag,Y,75,0.792,792,D,D3,,
Sonoma County,,California,Cal-17,Aho Mine,MC0533,hausmannite,,,,38.53544,-123.18080,MRDS,10033628,,Reference Hand Sample(s),Rock Bag,Y,75,0.744,744,E,E2,,
Mendocino County,,California,Cal-61,Linser Mine,MC0604,hausmannite,,,M.D. Crittenden,39.98429 ,-123.63723,MRDS,10109247,,Reference Hand Sample(s),Rock Bag,Y,65,1.486,"1,486",E,E7,,
Trinity County,,California,Cal-41,Lucky Bill Prospect,MC0617,hausmannite,Old Bill is noted on samples.,,,40.29124,-123.10694,MRDS,10095214,,Reference Hand Sample(s),Rock Bag,N,45,0.86,860,F,F1,,
Trinity County,,California,Cal-49,Double A Mine,MC0626,hausmannite,,,M.D. Crittenden,40.20675,-123.27551,MRDS,10263508,,Reference Hand Sample(s),Rock Bag,Y,55,0.868,868,F,F2,,
Trinity County,,California,Cal-33,Blue Jay Mine,MC0646,hausmannite,,,,40.11235,-123.24611,MRDS,10214554,,Reference Hand Sample(s),Rock Bag,Y,60,1.526,"1,526",F,F4,,
Trinity County,,California,Cal-33,Blue Jay Mine,MC0648,hausmannite,,,,40.11235,-123.24611,MRDS,10214554,,Reference Hand Sample(s),Rock Bag,Y,50,1.38,"1,380",F,F4,,
Mariposa County,,California,Cal-25,Caldwell Mine,MC0678,hausmannite,,,,37.68075,-120.28127,MRDS,10030814,,"Reference Hand Sample(s),Powder",Rock Bag,N,45,2.882,"2,882",F,F6,,
Morocco,Ouarzazate,,Mor-4,Tachgagalt,MC0721,hausmannite,,,,30.83293,-6.83168,MRDS,10090235,,"Reference Hand Sample(s),Powder",Rock Bag,Y,75,1.112,"1,112",G,G3,,
France,,,Eu-2,Las Cabesses Mine,MC0733,hausmannite,Pyrenees Range,Reference_31,D.F. Hewett,42.95501,1.29833,NCAT,,,"Reference Hand Sample(s),Powder",Rock Bag,N,45,0.618,618,G,G4,,
Japan,Tohoku,,J-13,Noda-Tamagawa Mine,MC0753,hausmannite,"""Noda-tamagawa Mine (Shimo-ichigo gal.) Iwate Pref.-Bed in paleozoic sediments""-T. Watanabe",Reference_12,"Takeo, Watanabe",36.66938,139.44736,ArcGIS,,,Reference Hand Sample(s),Paper Bag,N,45,0.248,248,G,G5,,
Beaver County,,Utah,UT-8,Miller Scheelite Claims Mine,MC0275,helvite,,,,38.36053,-112.77718,MRDS,10010357,,Reference Hand Sample(s),Glass Vial,N,5,0.0000019,0.0019,B,B2,,
Grant County,,New Mexico,NM-30,Contact Mine,MC0345,hetaerolite,,,S.K. Neuschel,32.68401,-108.37173,MRDS,10013273,,Reference Hand Sample(s),Paper Bag,Y,75,0.352,352,B,B6,,
Edwards,,New York,Cal-114,Talc Quarry (Talcville),MC0674,hexagonite,,, Louis W. Currier,44.30942,-75.30959,MRDS,10082213,,Reference Hand Sample(s),Rock Bag,N,5,0.138,138,F,F6,,
Ellington,,Missouri,,Mccaw-Nash Prospect,MC0075,hollandite,,,Oliver Grawe,37.20227,-91.02152,MRDS,10148202,,Reference Hand Sample(s),Rock Bag,N,40,0.668,668,A,6,,
Ellington,,Missouri,,Mccaw-Nash Prospect,MC0076,hollandite,,,Oliver Grawe,37.20227,-91.02152,MRDS,10148202,,"Reference Hand Sample(s),Powder",Rock Bag,Y,80,0.678,678,A,6,,
Esmeralda County,,Nevada,NE-3A,Mohawk Mine,MC0125,hollandite,,,,37.72911,-117.81343,MRDS,10046778,,"Reference Hand Sample(s),Powder",Rock Bag,Y,70,0.25,250,A,9,,
Hidalgo County,,New Mexico,NM-12,Peace Manganese Prospect,MC0290,hollandite,,,S.K. Neuschel,31.58070,-108.79229,MRDS,10008865,,"Reference Hand Sample(s),Powder",Rock Bag,Y,70,0.668,668,B,B3,,
Dona Ana County,,New Mexico,,Ward Claims,MC0334,hollandite,,,S.K. Neuschel,32.55183,-107.06998,MRDS,10271830,,Reference Hand Sample(s),Rock Bag,N,60,0.296,296,B,B5,,
Socorro County,,New Mexico,,Cliffside Mine,MC0351,hollandite,Water Canyon Manganese Mine 1914,,S.K. Neuschel,34.02231,-107.12309,MRDS,10008852,,Reference Hand Sample(s),Paper Bag,N,45,0.518,518,C,C1,,
Grant County,,New Mexico,,Black Diamond Mine,MC0361,hollandite,Black Diamond Group,,S.K. Neuschel,32.86817,-108.20756,MRDS,10014794,,Reference Hand Sample(s),Paper Bag,Y,80,1.62,"1,620",C,C1,,
Socorro County,,New Mexico,,Lucky Strike No.1,MC0368,hollandite,,,R.C. Erd,33.99149,-106.99249,MRDS,10248047,,Reference Hand Sample(s),Paper Bag,Y,75,0.326,326,C,C2,,
Socorro County,,New Mexico,,Cliff Claim,MC0375,hollandite,,,S.K. Neuschel,33.95065,-106.96920,MRDS,10089315,,Reference Hand Sample(s),Paper Bag,Y,80,1.17,"1,170",C,C2,,
Socorro County,,New Mexico,,Red Hill Claims,MC0389,hollandite,Luis Lopez District,,S.K. Neuschel,33.95319,-106.96139,MRDS,10272438,,Reference Hand Sample(s),Paper Bag,Y,85,2.762,"2,762",,On Dresser A,,
Shady Valley,,Tennessee,E-24,Scott Prospect,MC0426,hollandite,,,,36.52068,-81.94374,MRDS,10201898,,Reference Hand Sample(s),Rock Bag,Y,80,0.264,264,C,C5,,
Inyo County,,California,Cal-8,Death Valley Claims,MC0572,hollandite,,,,36.50848,-117.40739,MRDS,10033471,,"Reference Hand Sample(s),Powder",Rock Bag,Y,80,0.192,192,E,E4,,
Clallam County,,Washington,WA-1-16,Crescent Mine,MC0216,inesite,,,M.D. Crittenden,48.07750,-123.94333,MRDS,10042389,,Reference Hand Sample(s),Rock Bag,Y,60,0.218,218,A,15,,
San Luis Obispo County ,,California,Cal-58,Rinconada Mine,MC0582,inesite,,,,35.28941,-120.47764,MRDS,10103825,,Reference Hand Sample(s),Rock Bag,N,40,0.668,668,E,E5,,
Mendocino County,,California,Cal-46,Foster Mountain Mine,MC0602,inesite,,,M.D. Crittenden,39.44069,-123.17831,MRDS,10031344,,Reference Hand Sample(s),Rock Bag,Y,60,1.96,"1,960",E,E7,,
Trinity County,,California,Cal-42,Yolla Bolly Mountain Claims,MC0628,inesite,,,,40.13679,-122.99166,MRDS,10033733,,Reference Hand Sample(s),Rock Bag,N,45,0.376,376,F,F2,,
Butte County,,California,Cal-154,Shamberger Prospect,MC0530,jacobsite,,,,39.55099,-121.16271,MRDS,10028533,,Reference Hand Sample(s),Rock Bag,N,40,0.812,812,E,E1,,
Butte County,,California,Cal-153,Binet,MC0536,jacobsite,,,,39.55018,-121.15794,MRDS,10211094,,"Reference Hand Sample(s),Pebble",Rock Bag,Y,60,0.596,596,E,E2,,
Esmeralda County,,Nevada,NE-1,Tonopah Divide Mine,MC0101,johannsenite,,,,37.99688,-117.24008,MRDS,10046865,,Reference Hand Sample(s),Rock Bag,N,40,2.156,"2,156",A,7,,
Riondel ,British Columbia,,C-2,Bluebell Mine,MC0657,knebelite,"Kootenay Lake in British Columbia, Canada",,,49.75987,-116.86110,MRDS,10191144,,"Reference Hand Sample(s),Pebble",Rock Bag,N,10,0.168,168,F,F4,,
Japan,Kanto,,J-5,Kyurazawa Mine,MC0747,knebelite,"Odaki ore body, Kyurazawa Mine, Ashio Town, Tochigi, Japan.",Reference_30,,36.57772,139.34762,ArcGIS,,,Reference Hand Sample(s),Paper Bag,N,20,0.05,50,G,G5,,
Nye County,,Nevada,NE-15-Q-13,Quinn Canyon Range,MC0154,lithiophorite,,,,38.13576,-118.67013,MRDS,10067315,,"Reference Hand Sample(s),Powder",Rock Bag,Y,65,0.27,270,A,11,,
Nye County,,Nevada,NE-15-Q-51B,Quinn Canyon Range,MC0157,lithiophorite,,,,38.13576,-118.67013,MRDS,10067315,,"Reference Hand Sample(s),Powder",Rock Bag,N,40,0.288,288,A,11,,
Nye County,,Nevada,NE-15-Q-52C,Quinn Canyon Range,MC0158,lithiophorite,,,,38.13576,-118.67013,MRDS,10067315,,"Reference Hand Sample(s),Powder,Sand",Rock Bag,N,20,0.392,392,A,11,,
Nye County,,Nevada,NE-15-Q-70,Quinn Canyon Range,MC0164,lithiophorite,,,,38.13576,-118.67013,MRDS,10067315,,"Reference Hand Sample(s),Powder,Pebble",Rock Bag,Y,50,0.354,354,A,11,,
Etowah County,,Alabama,E-14,Greasy Cove,MC0413,lithiophorite,,,W.G. Pierce,34.00015,-82.21664,MRDS,10067533,,Reference Hand Sample(s),Rock Bag,Y,95,1.822,"1,822",C,C4,,
Bradley County,,Tennessee,E-23,White Oak Mountain Deposit,MC0427,lithiophorite,Manganese occurance located in Fort Payne Chert.,,,35.19872,-84.98049,MRDS,10067827,,Reference Hand Sample(s),Rock Bag,Y,70,0.116,116,C,C5,,
Pima County,,Arizona,AR-29,San Xavier Mine,MC0180,manganese-hedenbergite,,,Truman H. Kuhn,31.97401,-111.09652,MRDS,10039579,,"Reference Hand Sample(s),Pebble",Rock Bag,N,30,0.092,92,A,13,,
Graham County,,Arizona,AR-27,,MC0036,manganiferous pyroxine,"Near Arivaipa, Graham County, Arizona",,Frank Simons,32.98340,-110.33398,MRDS,60000293,,Reference Hand Sample(s),Rock Bag,N,40,1.152,"1,152",A,3,,
Coal County,,Oklahoma,SE-20,Moseley Creek No.4,MC0455,manganite,,,John A. Straczek,34.47432,-96.48418,MRDS,10127562,,"Reference Hand Sample(s),Powder",Rock Bag,Y,85,0.864,864,D,D2,,
Coal County,,Oklahoma,SE-18,Moseley Creek No.1,MC0466,manganite,,,,34.43702,-96.47638,MRDS,10135629,,"Reference Hand Sample(s),Powder,Pebble",Rock Bag,Y,70,0.826,826,D,D3,,
Atikokan,Ontario,,,Steep Rock Iron Mine,MC0655,manganite,,,Harry Klemic,48.82310,-91.64297,MRDS,10157857,,Reference Hand Sample(s),Rock Bag,N,10,0.2,200,F,F4,,
Hants County,Nova Scotia,,C-9,Deep Hollow Mine,MC0659,manganite,Brown Manganese Prospect,Reference_10,,45.15208,-64.18244,NCAT,,,Reference Hand Sample(s),Rock Bag,N,40,0.21,210,F,F4,,
Hants County,Nova Scotia,,C-14,McCumber Mine (Macumber Mine),MC0662,manganite,,Reference_10,,45.1551,-64.18568,NCAT,,,Reference Hand Sample(s),Rock Bag,Y,75,0.78,780,F,F5,,
Lunenburg County,Nova Scotia,,C-4,New Ross Manganese Mine,MC0665,manganite,,Reference_10,,44.84477,-64.45338,NCAT,,,Reference Hand Sample(s),Rock Bag,Y,60,1.64,"1,640",F,F5,,
Japan,Hokkaido,,J-1,Nagatoyo Mine,MC0745,manganite,,Reference_14,Zyunpei Harada,42.6808,140.07352,ArcGIS,,,"Reference Hand Sample(s),Powder",Paper Bag,Y,90,0.02,20,G,G5,,
Japan,Hokkaido,,J-27,Ryubu Mine,MC0761,manganite,"""Ryubu Mine, Hokkaido""-Y. Hariya",Reference_17,Yu Hariya,42.26382,139.89647,ArcGIS,,,"Reference Hand Sample(s),Powder",Paper Bag,Y,75,0.024,24,G,G5,,
Japan,Hokkaido,,J-32,Hatsune Mine,MC0764,manganite,"""Hatsune Mine, Hokkaido""-Y. Hariya",Reference_17,Yu Hariya,42.37097,139.86678,ArcGIS,,,"Reference Hand Sample(s),Powder",Paper Bag,Y,65,0.008,8,G,G5,,
Sweden,Västra Götaland,,Misc-2,Bölet,MC0770,manganite,Swedish mine and ore resource map with coordinates,Reference_25,,58.60999,14.52503,NCAT,,,Reference Hand Sample(s),Rock Bag,Y,80,0.07,70,G,G6,,
Mason County,,Washington,,Black and White Mine,MC0198,native copper,,,John A. Straczek,47.57423,-123.34626,MRDS,10088849,,Reference Hand Sample(s),Rock Bag,N,30,0.22,220,A,14,,
Clallam County,,Washington,WA-1-5,Crescent Mine,MC0223,neotocite,,,John A. Straczek,48.07750,-123.94333,MRDS,10042389,,Reference Hand Sample(s),Rock Bag,Y,75,1.026,"1,026",A,16,,
Clallam County,,Washington,WA-1-20,Crescent Mine,MC0229,neotocite,,,M.D. Crittenden,48.07750,-123.94333,MRDS,10042389,,Reference Hand Sample(s),Rock Bag,Y,80,0.224,224,A,16,,
Clallam County,,Washington,WA-1-27,Crescent Mine,MC0230,neotocite,,,M.D. Crittenden,48.07750,-123.94333,MRDS,10042389,,Reference Hand Sample(s),Rock Bag,Y,80,0.042,42,A,16,,
Alleghany County,,North Carolina,E-25,Bald Knob Deposit,MC0442,neotocite,,,Jewell J. Glass,36.53898,-81.08231,MRDS,10150753,,Reference Hand Sample(s),Rock Bag,N,40,0.394,394,D,D1,,
Independence County,,Arkansas,SE-1,Hankins Hollow Mine,MC0471,neotocite,,,,35.88119,-91.82705,MRDS,10138685,,Reference Hand Sample(s),Rock Bag,Y,40,0.258,258,D,D3,,
San Luis Obispo County ,,California,Cal-56,Welch Mine,MC0600,neotocite,,,,35.27077,-120.77738,MRDS,10189733,,"Reference Hand Sample(s),Powder,Pebble",Rock Bag,Y,50,1.466,"1,466",E,E7,,
Stanislaus County,,California,Cal-57,Buckeye Mine,MC0634,neotocite,,,,37.52714,-121.39546,MRDS,10033644,,Reference Hand Sample(s),Rock Bag,N,20,0.846,846,F,F2,,
Trinity County,,California,Cal-34,Hale Creek Mine,MC0640,neotocite,,,M.D. Crittenden,40.36596,-123.46862,MRDS,10109405,,Reference Hand Sample(s),Rock Bag,Y,60,0.422,422,F,F3,,
San Luis Obispo County ,,California,Cal-40,Mt. Bishop Mine,MC0660,neotocite,,,,35.69776,-121.09459,MRDS,10140716,,Reference Hand Sample(s),Rock Bag,N,30,1.482,"1,482",F,F5,,
Molango,,Hidalgo,M-23,,MC0502,nsutite,Molangos Piedras Negras District,,N.W. Jaffe,20.83386,-98.73361,MRDS,60001850,,Reference Hand Sample(s),Rock Bag,Y,85,0.016,16,D,D5,,
Plumas County,,California,Cal-65,Braito Mine,MC0633,piedmontite,,,,40.07876,-120.95272,MRDS,10072360,,"Reference Hand Sample(s),Pebble",Rock Bag,N,30,0.846,846,F,F2,,
Argentina,Catamarca,,SA-14,Farallón Negro,MC0686,polianite,,,, -27.41416,-66.74944,MRDS,10303949,,Reference Hand Sample(s),Rock Bag,Y,65,1.336,"1,336",G,G1,,
Grant County,,New Mexico,NM-30,Contact Mine,MC0336,pyrochroite,,,S.K. Neuschel,32.68401,-108.37173,MRDS,10013273,,Reference Hand Sample(s),Paper Bag,Y,50,0.746,746,B,B6,,
Grant County,,New Mexico,NM-30,Contact Mine,MC0337,pyrochroite,,,S.K. Neuschel,32.68401,-108.37173,MRDS,10013273,,Reference Hand Sample(s),Paper Bag,Y,60,0.482,482,B,B6,,
Grant County,,New Mexico,NM-30,Contact Mine,MC0338,pyrochroite,,,S.K. Neuschel,32.68401,-108.37173,MRDS,10013273,,Reference Hand Sample(s),Paper Bag,Y,60,0.786,786,B,B6,,
Grant County,,New Mexico,NM-30,Contact Mine,MC0339,pyrochroite,,,S.K. Neuschel,32.68401,-108.37173,MRDS,10013273,,Reference Hand Sample(s),Paper Bag,Y,70,0.294,294,B,B6,,
Grant County,,New Mexico,NM-30,Contact Mine,MC0340,pyrochroite,,,S.K. Neuschel,32.68401,-108.37173,MRDS,10013273,,Reference Hand Sample(s),Paper Bag,Y,60,0.226,226,B,B6,,
Grant County,,New Mexico,NM-30,Contact Mine,MC0341,pyrochroite,,,S.K. Neuschel,32.68401,-108.37173,MRDS,10013273,,Reference Hand Sample(s),Paper Bag,Y,60,0.402,402,B,B6,,
Grant County,,New Mexico,NM-30,Contact Mine,MC0342,pyrochroite,,,S.K. Neuschel,32.68401,-108.37173,MRDS,10013273,,Reference Hand Sample(s),Paper Bag,Y,70,0.548,548,B,B6,,
Grant County,,New Mexico,NM-30,Contact Mine,MC0343,pyrochroite,,,S.K. Neuschel,32.68401,-108.37173,MRDS,10013273,,Reference Hand Sample(s),Paper Bag,Y,80,0.404,404,B,B6,,
Grant County,,New Mexico,NM-30,Contact Mine,MC0344,pyrochroite,,,S.K. Neuschel,32.68401,-108.37173,MRDS,10013273,,Reference Hand Sample(s),Paper Bag,Y,60,0.434,434,B,B6,,
Japan,Tohoku,,J-4,Noda-Tamagawa Mine,MC0746,pyrochroite,"Misago ore body, Noda-Tamagawa Mine, Kunoe District, Iwate, Japan. ",Reference_12,,36.66938,139.44736,ArcGIS,,,Reference Hand Sample(s),Paper Bag,Y,50,0.038,38,G,G5,,
Aguila District,,Arizona,AR-20,Sambo Prospect,MC0017,pyrolusite,El Oso Mine,,,33.81200,-113.05354,MRDS,10027581,,Reference Hand Sample(s),Rock Bag,Y,90,0.128,128,A,2,,
Aguila District,,Arizona,AR-21,Lions Den Mine,MC0026,pyrolusite,,,,33.73589,-113.27187,MRDS,10027098,,"Reference Hand Sample(s),Powder",Rock Bag,N,45,0.37,370,A,2,,
Yavapai County,,Arizona,,Castle Creek Deposit,MC0058,pyrolusite,,,E.L. Jones,34.00196,-112.35854,MRDS,10161789,,Reference Hand Sample(s),Rock Bag,Y,95,0.12,120,A,4,,
Campbell County,,Virginia,,Merritt Property,MC0084,pyrolusite,,,,37.16840,-79.30947,MRDS,10080188,,Reference Hand Sample(s),Rock Bag,Y,50,0.304,304,A,6,,
Nye County,,Nevada,NE-15-Q-107,Quinn Canyon Range,MC0136,pyrolusite,,,,38.13576,-118.67013,MRDS,10067315,,"Reference Hand Sample(s),Powder,Pebble",Rock Bag,Y,90,0.722,722,A,10,,
Nye County,,Nevada,NE-15-Q-109,Quinn Canyon Range,MC0143,pyrolusite,,,,38.13576,-118.67013,MRDS,10067315,,Reference Hand Sample(s),Rock Bag,N,30,0.174,174,A,10,,
Nye County,,Nevada,NE-15-Q-108,Quinn Canyon Range,MC0150,pyrolusite,,,,38.13576,-118.67013,MRDS,10067315,,Reference Hand Sample(s),Rock Bag,Y,70,0.548,548,A,11,,
Nye County,,Nevada,NE-15-Q-50,Quinn Canyon Range,MC0165,pyrolusite,,,,38.13576,-118.67013,MRDS,10067315,,Reference Hand Sample(s),Rock Bag,Y,70,0.384,384,A,11,,
Granite County,,Montana,,Gird Creek Prospect,MC0185,pyrolusite,,,"S.K. Neuschel, M.D. Crittenden",46.48709,-113.19782,MRDS,10245613,,Reference Hand Sample(s),Rock Bag,N,45,0.136,136,A,13,,
Salida,,Colorado,,,MC0253,pyrolusite,Browns Canyon Fluorspar Area,,,38.64722,-106.07560,MRDS,10013778,,Reference Hand Sample(s),Rock Bag,Y,70,0.95,950,A,18,,
Ouray County,,Colorado,COL-8,Ouray Hot Spring,MC0254,pyrolusite,,,Don White,38.01780,-107.66784,MRDS,10287967,,Reference Hand Sample(s),Rock Bag,Y,80,1.954,"1,954",A,18,,
Salt Lake County,,Utah,UT-18,Evans Limestone Quarry,MC0260,pyrolusite,,,,40.44605,-111.94635,MRDS,10020908,,Reference Hand Sample(s),Rock Bag,Y,80,0.232,232,B,B1,,
Juab County,,Utah,UT-14,Orme Property,MC0266,pyrolusite,,,,39.37136,-111.95388,MRDS,10275731,,"Reference Hand Sample(s),Powder,Sand",Rock Bag,Y,75,0.424,424,B,B1,,
San Juan County,,Utah,UT-28,,MC0287,pyrolusite,"Lisbon Valley, Utah",,,38.3589496,-109.4411839,Earth Point©,,"Northwest Section 19,T28S,R23E",Reference Hand Sample(s),Rock Bag,Y,55,1.688,"1,688",,On Dresser A,,
Luna County,,New Mexico,NM-15,Manganese Valley Mine,MC0293,pyrolusite,Little Florida Mountains District,,S.K. Neuschel,32.20346,-107.59198,MRDS,10067834,,"Reference Hand Sample(s),Powder",Paper Bag,Y,90,0.786,786,B,B3,,
Sierra County,,New Mexico,,Lake Valley Deposit,MC0303,pyrolusite,,,S.K. Neuschel,32.71679,-107.56727,MRDS,10105528,,Reference Hand Sample(s),Rock Bag,Y,75,1.84,"1,840",,On Dresser A,,
Rincon,,New Mexico,NM-11,Morgan Mine,MC0323,pyrolusite,,,,32.68622,-107.07448,MRDS,10199095,,"Reference Hand Sample(s),Pebble",Rock Bag,Y,80,1.244,"1,244",B,B5,,
Harding County,,New Mexico,,Crooks No. 1 Claim,MC0373,pyrolusite,Cuba Manganese District,,S.K. Neuschel,36.02145,-104.24774,MRDS,10014470,,Reference Hand Sample(s),Paper Bag,Y,60,0.038,38,C,C2,,
Campbell County,,Virginia,E-54,Grasty Manganese Mine,MC0397,pyrolusite,,,,37.16313,-79.30808,MRDS,10082542,,Reference Hand Sample(s),Rock Bag,Y,90,1.974,"1,974",C,C3,,
Neva,,Tennessee,E-21,Wilson Hill Mine,MC0404,pyrolusite,,,,36.37369,-81.86928,MRDS,10084245,,Reference Hand Sample(s),Rock Bag,Y,85,0.312,312,C,C4,,
Page County,,Virginia,E-51,Stanley Mine,MC0412,pyrolusite,,,,35.56004,-78.51055,MRDS,10105492,,"Reference Hand Sample(s),Powder",Rock Bag,Y,95,1.236,"1,236",C,C4,,
Augusta County,,Virginia,E-46,Mt. Torry Tract,MC0418,pyrolusite,,,,37.94449,-78.99835,MRDS,10084408,,Reference Hand Sample(s),Rock Bag,Y,100,0.148,148,C,C5,,
Augusta County,,Virginia,E-46,Vesuvius Mine,MC0419,pyrolusite,Lyndhurst-Vesuvius District,,,37.95838,-79.07474,MRDS,10105491,,Reference Hand Sample(s),Rock Bag,Y,95,0.022,22,C,C5,,
Augusta County,,Virginia,E-41,Crimora Mine,MC0420,pyrolusite,,,,38.13972,-78.81750,MRDS,10067823,,Reference Hand Sample(s),Rock Bag,Y,70,1.05,"1,050",C,C5,,
Unicoi County,,Tennessee,E-19,Susan Brummet Mine,MC0423,pyrolusite,,,F.W. Stead,36.21429,-82.30485,MRDS,10227150,,Reference Hand Sample(s),Rock Bag,Y,90,0.66,660,C,C5,,
Oriskany,,Virginia,E-45,Mineral Ridge Mine,MC0424,pyrolusite,,,,39.03892,-78.48666,MRDS,10084160,,Reference Hand Sample(s),Rock Bag,Y,90,0.304,304,C,C5,,
Campbell County,,Virginia,E-18,Piedmont Manganese Mine,MC0430,pyrolusite,,,D.F. Hewett,37.36950,-79.03947,MRDS,10082530,,Reference Hand Sample(s),Rock Bag,Y,60,0.304,304,C,C5,,
Imuris,,Sonora ,M-16,Gamer Propert,MC0483,pyrolusite,,,Parker D. Trask,30.75016,-110.71734,MRDS,10098746,,"Reference Hand Sample(s),Powder",Rock Bag,Y,90,0.184,184,D,D4,,
Tephuanes,,Durango,M-25,Pichacho de la Candela,MC0484,pyrolusite,,,Parker D. Trask,25.41703,-105.55050,MRDS,10050040,,"Reference Hand Sample(s),Powder",Rock Bag,Y,85,0.266,266,D,D4,,
Ensenada,,Baja California,Cal-27,Gavilan Mine,MC0513,pyrolusite,"Point Conception, Mexico",,,32.16676,-116.16749,MRDS,10048929,,Reference Hand Sample(s),Rock Bag,N,30,1.16,"1,160",D,D6,,
San Bernardino County,,California,Cal-74,Owl Holes Deposit,MC0570,pyrolusite,,,,35.64888,-116.69809,MRDS,10036243,,Reference Hand Sample(s),Rock Bag,Y,80,0.396,396,E,E4,,
Riverside County,,California,Cal-18,Arlington-Blackjack Mine,MC0577,pyrolusite,,,,33.82505,-114.93411,MRDS,10237019,,"Reference Hand Sample(s),Powder",Rock Bag,Y,90,1.312,"1,312",E,E5,,
Lunenburg County,Nova Scotia,,C-15,New Ross Manganese Mine,MC0668,pyrolusite,Ore from Marpic Shaft in New Ross Mine.,Reference_10,,44.85128,-64.44418,NCAT,,,"Reference Hand Sample(s),Powder",Rock Bag,Y,60,1.118,"1,118",F,F5,,
Hants County,Nova Scotia,,C-13,Stephen's Manganese Mine,MC0672,pyrolusite,,Reference_11,,45.22104,-62.01281,NCAT,,,Reference Hand Sample(s),Rock Bag,Y,70,0.26,260,F,F6,,
Argentina,Cordoba,,SA-3,Los Hoyos,MC0688,pyrolusite,"Aguada Del Monte (Hiermang) District in Sobremonte,Cordoba, Argentina ",Reference_24,,-29.86444,-64.11972,NCAT,,,"Reference Hand Sample(s),Powder",Rock Bag,Y,60,0.736,736,G,G1,,
Argentina,Mendoza,,SA-6,Santa Cruz Mine,MC0694,pyrolusite,,,,-35.96415,-68.38276,MRDS,10004975,,"Reference Hand Sample(s),Powder,Pebble",Rock Bag,Y,60,0.25,250,G,G1,,
Argentina,Rio Negro,,SA-1,,MC0696,pyrolusite,San Antonio Oeste,,,-40.74755,-64.96598,MRDS,10207156,,Reference Hand Sample(s),Rock Bag,Y,70,0.87,870,G,G1,,
Argentina,Santiago Del Estero,,SA-12,"""La Santiagueña""",MC0697,pyrolusite,,,,-29.44744,-64.03265,MRDS,60001312,,"Reference Hand Sample(s),Powder",Rock Bag,Y,60,0.858,858,G,G1,,
Japan,Hokkaido,,J-8,Pirika Mine,MC0750,pyrolusite,,Reference_17,Yu Hariya,42.49237,140.17604,ArcGIS,,,Reference Hand Sample(s),Paper Bag,Y,90,0.064,64,G,G5,,
Japan,Hokkaido,,J-16,Tanaka Manganese Mine,MC0755,pyrolusite,,Reference_17,Yu Hariya,42.34075,139.88189,ArcGIS,,,Reference Hand Sample(s),Paper Bag,Y,75,0.01,10,G,G5,,
Japan,Hokkaido,,J-20,Oshima Mine,MC0757,pyrolusite,"""Oshima Mine, Hokkaido""-Y. Hariya",Reference_17,Yu Hariya,41.58717,140.24127,ArcGIS,,,"Reference Hand Sample(s),Powder",Paper Bag,Y,90,0.028,28,G,G5,,
Japan,Hokkaido,,J-21,Otaru-Matsukura Mine,MC0758,pyrolusite,"""Otaru, Hokkaido""-Y. Hariya",Reference_13,Yu Hariya,43.1104,140.97091,ArcGIS,,,"Reference Hand Sample(s),Powder",Paper Bag,Y,90,0.01,10,G,G5,,
Japan,Hokkaido,,J-22,Wakasa Mine,MC0759,pyrolusite,"""Wakaba Mine, Hokkaido""-Y. Hariya",Reference_14,Yu Hariya,43.95056,143.68542,ArcGIS,,,"Reference Hand Sample(s),Powder",Paper Bag,Y,95,0.02,20,G,G5,,
Japan,Hokkaido,,J-30,Meppu Mine,MC0763,pyrolusite,"""Meppu Mine, Hokkaido""-Y. Hariya",Reference_17,Yu Hariya,42.45671,140.10383,ArcGIS,,,"Reference Hand Sample(s),Powder",Paper Bag,Y,90,0.012,12,G,G5,,
Indonesia,,,Misc-6,Kembang Mine,MC0771,pyrolusite,"Java Island, Indonesia",,Ir. Koolhoven,-7.77766,110.19957,MRDS,10280581,,"Reference Hand Sample(s),Powder",Rock Bag,Y,75,0.118,118,G,G6,,
Indonesia,,,Misc-7,Karangnunggal Mine,MC0772,pyrolusite,"Java Island, Indonesia",,,-7.59768 ,107.99963,MRDS,10280205,,"Reference Hand Sample(s),Powder",Rock Bag,Y,75,0.256,256,G,G6,,
Pakistan,Balochistan,,SJK-2,,MC0788,pyrolusite,"Lasbela District, Balochistan, Pakistan",Reference_2,Igbal Ali,26.76491,66.41027,ArcGIS,,,"Reference Hand Sample(s),Powder,Pebble",Rock Bag,Y,55,0.392,392,G,G6,,
Japan,Kanto,,J-6,Kyurazawa Mine,MC0748,pyrosmalite,"Shin-Sanjin ore body, Kyurazawa Mine, Ashio Town, Tochigi, Japan.",Reference_30,,36.57772,139.34762,ArcGIS,,,Reference Hand Sample(s),Paper Bag,N,40,0.032,32,G,G5,,
Buenaventura,,Chihuahua,M-35,,MC0487,ramsdellite,Terrenates District,,,29.69910,-106.79389,MRDS,10104183,,Reference Hand Sample(s),Rock Bag,Y,60,0.592,592,D,D4,,
Ensenada,,Baja California,M-22,Gavilan Mine,MC0510,ramsdellite,Ensenada Mining District,,J.A. Noble,32.16676,-116.16749,MRDS,10048929,,"Reference Hand Sample(s),Powder",Rock Bag,Y,80,0.249,249,D,D6,,
Riverside County,,California,Cal-73,Blythe Manganese Deposit,MC0548,ramsdellite,,,,39.54928,-121.15854,MRDS,10231506,,Reference Hand Sample(s),Rock Bag,Y,90,0.172,172,E,E3,,
Argentina,Santiago Del Estero,,SA-8,"""La Santiagueña""",MC0684,ramsdellite,,,,-29.44744,-64.03265,MRDS,60001312,,"Reference Hand Sample(s),Powder,Pebble",Rock Bag,Y,70,1.272,"1,272",G,G1,,
Globe District,,Arizona,G-10,Ramboz Mine,MC0066,rhodochrosite,Rambo Mine,,M.D. Crittenden,33.45591,-110.77263,MRDS,10046307,,"Reference Hand Sample(s),Powder",Rock Bag,N,40,0.368,368,A,5,,
Tayoltita,,Durango,M-9,Araña Mine,MC0478,rhodochrosite,"San Dimas District in Durango, Mexico",,,24.10041,-105.93384,MRDS,10084804,,"Reference Hand Sample(s),Powder,Pebble",Rock Bag,Y,65,0.368,368,D,D4,,
Clallam County,,Washington,,Thompson Claim,MC0200,rhodonite,Skokomish River,,John A. Straczek,42.33322,-111.70251,MRDS,10047897,,Reference Hand Sample(s),Rock Bag,N,30,0.256,256,A,14,,
Clallam County,,Washington,,Thompson Claim,MC0203,rhodonite,,,John A. Straczek,42.33322,-111.70251,MRDS,10047897,,Reference Hand Sample(s),Rock Bag,Y,50,0.434,434,A,14,,
Macon County,,North Carolina,E-32,Mason Mountain Rhodolite Mine,MC0440,rhodonite,,,,35.20341,-83.39129,MRDS,10126719,,Reference Hand Sample(s),Rock Bag,Y,80,0.224,224,D,D1,,
Hampshire County,,Massachusetts,E-56,Betts Manganese Mines,MC0450,rhodonite,,,D.F. Hewett,42.49526,-72.94732,MRDS,10067329,,Reference Hand Sample(s),Rock Bag,Y,90,1.374,"1,374",D,D2,,
Los Angeles County,,California,Cal-91,Purple Sage Deposit,MC0531,rhodonite,"Clarence Cruzan owned the Purple Sage deposit, whose last name is noted on samples.",,,34.54361,-118.37401,MRDS,10139642,,Reference Hand Sample(s),Rock Bag,Y,75,1.124,"1,124",E,E1,,
McCormick County,,North Carolina,E-16,Dorn Mine,MC0391,spessartite,,,,33.91904,-82.29125,MRDS,10083791,,Reference Hand Sample(s),Rock Bag,N,30,1.03,"1,030",C,C3,,
Mitchell County,,North Carolina,E-4,,MC0396,spessartite,Spruce Pine District,,,35.93339,-82.13315,MRDS,60000270,,Reference Hand Sample(s),Rock Bag,N,20,0.442,442,C,C3,,
Moneta,,Virginia,E-2,Wheatley Mine,MC0406,spessartite,,,,37.17507,-79.59754,MRDS,10100236,,Reference Hand Sample(s),Rock Bag,N,75,0.086,86,C,C4,,
Surry County,,North Carolina,E-29,Freeman Mine,MC0422,spessartite,,,,36.42588,-80.84370,MRDS,10224028,,Reference Hand Sample(s),Rock Bag,N,50,1.358,"1,358",C,C5,,
Clay County,,North Carolina,E-28,Shooting Creek Deposit,MC0425,spessartite,,,,35.05011,-83.74990,MRDS,10069118,,Reference Hand Sample(s),Rock Bag,N,55,1.844,"1,844",C,C5,,
Macon County,,North Carolina,E-27,Higdon Mountain,MC0431,spessartite,,,,35.17451,-83.29158,MRDS,10199609,,Reference Hand Sample(s),Rock Bag,Y,75,2.13,"2,130",C,C5,,
Allehhany County,,North Carolina,E-35,Bald Knob Deposit,MC0444,spessartite,,,Jewell J. Glass,36.53898,-81.08231,MRDS,10150753,,Reference Hand Sample(s),Rock Bag,N,85,2.638,"2,638",D,D1,,
Franklin County,,Massachusetts,E-56,Hawley Mine,MC0445,spessartite,,,,42.59998,-72.92452,MRDS,10083577,,Reference Hand Sample(s),Rock Bag,Y,75,0.932,932,D,D1,,
Louisa County ,,Virginia,E-51,Nelson Prospect,MC0452,spessartite,,,,39.04947,-78.47555,MRDS,10080728,,Reference Hand Sample(s),Rock Bag,Y,70,1.554,"1,554",D,On Dresser A,,
Utah County,,Utah,UT-10,Burgin Kenecott Mine,MC0270,sphalerite ,Drill cores from hole ET No.32 at 1052 level of Burgin Shaft.,,,39.95023,-112.04523,MRDS,10073158,,Core Sample(s),Rock Bag,N,25,0.15,150,B,B1,,
Wayne County,,Tennessee,E-5,Van Leer Mine,MC0435,strengite,,,,35.03291,-87.60641,MRDS,10178424,,Reference Hand Sample(s),Rock Bag,N,60,0.014,14,D,D1,,
Jackson County,,Oregon,OR-6,Shamrock Manganese,MC0233,tephroite,,,,42.59732,-122.97670,MRDS,10043050,,Reference Hand Sample(s),Rock Bag,Y,75,1.642,"1,642",A,17,,
Sussex County,,New Jersey,E-9,,MC0401,tephroite,Franklin-Sterling Hill Zinc District,,,41.10000,-74.58292,MRDS,10307218,,Reference Hand Sample(s),Rock Bag,N,45,0.756,756,C,C4,,
Sussex County,,New Jersey,E-9,,MC0402,tephroite,Franklin-Sterling Hill Zinc District,,,41.10000,-74.58292,MRDS,10307218,,Reference Hand Sample(s),Rock Bag,N,30,1.304,"1,304",C,C4,,
Hancock County,,Maine,E-7,Blue Hill Manganese Mine,MC0408,tephroite,,,,44.43435,-68.58876,MRDS,10218662,,Reference Hand Sample(s),Rock Bag,Y,40,0.912,912,C,C4,,
Sussex County,,New Jersey,E-6,,MC0432,tephroite,Franklin-Sterling Hill Zinc District,,,41.10000,-74.58292,MRDS,10307218,,Reference Hand Sample(s),Rock Bag,N,60,0.23,230,D,D1,,
Allehhany County,,North Carolina,E-35,Bald Knob Deposit,MC0443,tephroite,,,Jewell J. Glass,36.53898,-81.08231,MRDS,10150753,,Reference Hand Sample(s),Rock Bag,N,65,0.454,454,D,D1,,
Hampshire County,,Massachusetts,E-56,Betts Manganese Mines,MC0448,tephroite,,,Jewell J. Glass,42.49526,-72.94730,MRDS,10067329,,Reference Hand Sample(s),Rock Bag,Y,80,1.614,"1,614",D,D2,,
Calaveras County,,California,Cal-85,Kellogg Mine,MC0522,tephroite,Amador Group,,,38.05408,-120.65907,MRDS,10028798,,Reference Hand Sample(s),Rock Bag,Y,50,0.356,356,D,D6,,
Nevada County,,California,Cal-149,Smith Mine,MC0553,tephroite,,,,39.02459,-121.10993,MRDS,10115673,,Reference Hand Sample(s),Rock Bag,Y,60,0.516,516,E,E3,,
Amador County,,California,Cal-145,Lubanko Mine,MC0554,tephroite,,,,38.47018,-120.74824,MRDS,10109106,,Reference Hand Sample(s),Rock Bag,Y,55,0.6,600,E,E3,,
Amador County,,California,Cal-148,Germolis Mine,MC0562,tephroite,MRDS File Name: Germolie Rodonick,,,38.47684,-120.75658,MRDS,10095062,,Reference Hand Sample(s),Rock Bag,Y,70,1.514,"1,514",E,E4,,
Mariposa County,,California,Cal-25,Caldwell Mine,MC0652,tephroite,,,,37.68075,-120.28127,MRDS,10030814,,Reference Hand Sample(s),Rock Bag,N,40,1.224,"1,224",F,F4,,
Sonoma County,,California,Cal-25,Sonoma Mine,MC0653,tephroite,,,E.H. Bailey,38.54368,-122.98025,MRDS,10214375,,Reference Hand Sample(s),Rock Bag,N,45,1.196,"1,196",F,F4,,
Cuba,Granma,,Cu-6,Charco Redondo Mine,MC0717,todorokite,,,,20.24337,-76.41915,MRDS,10061336,,"Reference Hand Sample(s),Pebble",Rock Bag,Y,90,1.388,"1,388",G,G3,,
Apache County,,Arizona,AR-10,Sonsela Butte Deposit,MC0001,,,,,36.09586,-109.05177,MRDS,10048360,,Reference Hand Sample(s),Rock Bag,Y,70,0.442,442,A,1,,
Pinal County,,Arizona,AR-18,Santa-Rosa Mine,MC0003,,,,,32.64620,-111.76041,MRDS,10183265,,"Reference Hand Sample(s),Powder",Rock Bag,Y,60,0.798,798,A,1,,
Pinal County,,Arizona,AR-19,Black Jewel Claim,MC0006,,,,,32.72732,-111.77793,MRDS,10039511,,"Reference Hand Sample(s),Powder",Rock Bag,Y,70,0.426,426,A,1,,
Pinal County,,Arizona,AR-16,Teller Mine,MC0007,,,,,32.64538,-111.76627,MRDS,10103746,,"Reference Hand Sample(s),Powder",Rock Bag,N,30,0.322,322,A,1,,
Pinal County,,Arizona,AR-3,Swingle Claim,MC0009,,,,,32.80788,-110.51957,MRDS,10039512,,"Reference Hand Sample(s),Powder",Rock Bag,Y,100,0.54,540,A,1,,
Mohave County,,Arizona,AR-15,Barbee Claims,MC0012,,Artillery Peak,,,34.34504,-113.56968,MRDS,10186150,,Reference Hand Sample(s),Rock Bag,Y,98,0.112,112,A,1,,
Mohave County,,Arizona,AR-11,Chapin Claim No.19,MC0013,,Artillery Peak,,,34.33810,-113.63689,MRDS,10027664,,Reference Hand Sample(s),Rock Bag,Y,90,0.306,306,A,1,,
Graham County,,Arizona,AR-17,Bush Claim,MC0014,,,,,32.45067,-109.71759,MRDS,10026986,,Reference Hand Sample(s),Rock Bag,Y,98,0.212,212,A,1,,
Coconino County,,Arizona,AR-7,Long Valley Claim,MC0015,,,,,34.60475,-111.30151,MRDS,10234191,,Reference Hand Sample(s),Rock Bag,Y,90,0.354,354,A,1,,
Aguila District,,Arizona,AR-20,Atkins Mine,MC0016,,Black Crow Mine Group,,,33.78450,-113.07993,MRDS,10104091,,Reference Hand Sample(s),Rock Bag,N,20,0.39,390,A,2,,
Aguila District,,Arizona,AR-20,Black Hawk Mine,MC0019,,,,,33.70616,-113.17186,MRDS,10186723,,"Reference Hand Sample(s),Powder",Rock Bag,Y,95,0.244,244,A,2,,
Aguila District,,Arizona,AR-20,Wisconsin Prospect,MC0020,,,,,33.72786,-113.21656,MRDS,10113474,,"Reference Hand Sample(s),Powder",Rock Bag,Y,60,0.178,178,A,2,,
Aguila District,,Arizona,AR-20,Pansy Mine,MC0021,,,,,33.76446,-113.13966,MRDS,10162133,,"Reference Hand Sample(s),Powder",Rock Bag,N,30,0.38,380,A,2,,
Aguila District,,Arizona,AR-20,Black Queen Mine,MC0022,,,,,33.75426,-113.23606,MRDS,10210561,,"Reference Hand Sample(s),Powder",Rock Bag,Y,70,0.33,330,A,2,,
Aguila District,,Arizona,AR-20,Black Rock,MC0023,,,,,33.73950,-113.17687,MRDS,10027086,,"Reference Hand Sample(s),Powder",Rock Bag,Y,98,0.674,674,A,2,,
Aguila District,,Arizona,AR-20,Danville and Hanchette Claim,MC0024,,,,,33.6750389,-112.9976477,Earth Point©,,"Section 20,T4N,R7W",Reference Hand Sample(s),Rock Bag,N,25,0.766,766,A,2,,
Aguila District,,Arizona,AR-20,,MC0025,,,,,33.7898381,-113.2201003,Earth Point©,,"Section 8,T5N,R9W",Reference Hand Sample(s),Rock Bag,N,20,0.856,856,A,2,,
Maricopa County,,Arizona,AR-20,,MC0028,,,,,33.7752387,-113.1157223,Earth Point©,,"Section 17,T5N,R8W","Reference Hand Sample(s),Powder",Rock Bag,N,40,0.31,310,A,2,,
Maricopa County,,Arizona,AR-20,,MC0029,,,,,33.7679609,-113.1070243,Earth Point©,,"Southeast Section 17,T5N,R8W","Reference Hand Sample(s),Powder",Rock Bag,Y,80,0.704,704,A,2,,
Aguila District,,Arizona,AR-20,Apache Mine,MC0030,,,,,33.78617,-110.69099,MRDS,10258508,,"Reference Hand Sample(s),Powder",Rock Bag,Y,80,0.866,866,A,2,,
Aguila District,,Arizona,AR-20,Black Bear Mine,MC0031,,,,,32.02842,-111.49320,MRDS,10210691,,Reference Hand Sample(s),Rock Bag,N,45,0.332,332,A,3,,
Aguila District,,Arizona,AR-20,Valley View Claim,MC0032,,,,,33.76534,-113.11187,MRDS,10009776,,Reference Hand Sample(s),Rock Bag,Y,60,0.058,58,A,3,,
Artillery Peak,,Arizona,AR-23,Maggie 1-A-Adit,MC0034,,,,,34.34724,-113.65078,MRDS,10162258,,Reference Hand Sample(s),Rock Bag,Y,80,0.366,366,A,3,,
Aguila District,,Arizona,AR-20,Black Bart,MC0035,,,,,33.73256,-113.16826,MRDS,10027061,,"Reference Hand Sample(s),Powder",Rock Bag,Y,60,1.266,"1,266",A,3,,
Artillery Peak,,Arizona,AR-23,Maggie Tunnel,MC0037,,,,,34.34724,-113.65078,MRDS,10162258,,Reference Hand Sample(s),Rock Bag,Y,80,0.832,832,A,3,,
Aguila District,,Arizona,AR-20,Snowball Mine,MC0038,,,,,33.65256,-113.31567,MRDS,10027659,,"Reference Hand Sample(s),Powder",Rock Bag,Y,60,0.35,350,A,3,,
Artillery Peak,,Arizona,AR-23,Artillery Peak Mine,MC0039,,,,,34.34504,-113.56968,MRDS,10186150,,Reference Hand Sample(s),Rock Bag,Y,70,0.292,292,A,3,,
Pinal County,,Arizona,AR-5,Tarr and Harper Mine,MC0041,,Crescent Deposit,,,32.83760,-110.73179,MRDS,10088604,,"Reference Hand Sample(s),Powder",Rock Bag,Y,90,0.632,632,A,3,,
Artillery Peak,,Arizona,AR-23,Chapin Claim 15,MC0043,,,,,34.33810,-113.63689,MRDS,10027664,,Reference Hand Sample(s),Rock Bag,N,40,1.122,"1,122",A,3,,
La Paz County,,Arizona,A-12, Jolly Roger Mine,MC0045,,Dobbins Claims,,M.D. Crittenden,33.96755,-113.96298,MRDS,10131912,,Reference Hand Sample(s),Rock Bag,Y,85,0.306,306,A,4,,
Duncan,,Arizona,,Luckie No.1 Fluorite Claim,MC0046,,,,J.K. Grunig,32.84789,-109.05453,MRDS,10043299,,Reference Hand Sample(s),Rock Bag,Y,100,0.128,128,A,4,,
Gila County,,Arizona,G-11,New Dominion Mine,MC0047,,,,M.D. Crittenden,33.42591,-110.78902,MRDS,10109786,,Reference Hand Sample(s),Rock Bag,Y,70,0.518,518,A,4,,
La Paz County,,Arizona,A-5,War Eagle Group,MC0048,,,,M.D. Crittenden,34.21864,-113.97358,MRDS,10234952,,Reference Hand Sample(s),Rock Bag,Y,80,0.55,550,A,4,,
Globe District,,Arizona,G-12,North Rambo Mine,MC0049,,,,M.D. Crittenden,33.45838,-110.77239,MRDS,10160847,,Reference Hand Sample(s),Rock Bag,Y,98,0.112,112,A,4,,
Duncan,,Arizona,,Luckie No.2 Fluorite Claim,MC0050,,,,J.K. Grunig,32.84789,-109.05453,MRDS,10043299,,Reference Hand Sample(s),Rock Bag,Y,100,0.08,80,A,4,,
Holbrook,,Arizona,,Apache Indian Reservation,MC0051,,,,,33.79368,-110.69569,MRDS,10026831,,Reference Hand Sample(s),Rock Bag,Y,98,0.632,632,A,4,,
Artillery Peak,,Arizona,A-9,Needle Eye Mine,MC0052,,,,M.D. Crittenden,34.32032,-113.54771,MRDS,10027671,,Reference Hand Sample(s),Rock Bag,Y,80,0.514,514,A,4,,
Sierra Ancha District,,Arizona,A-11,Apache Mine,MC0053,,,,M.D. Crittenden,33.79368,-110.69569,MRDS,10026831,,Reference Hand Sample(s),Rock Bag,Y,90,0.446,446,A,4,,
Duncan,,Arizona,,Fourth of July No.4 Claim,MC0054,,,,J.K. Grunig,32.86039,-109.0762,MRDS,10048298,,Reference Hand Sample(s),Rock Bag,Y,90,0.32,320,A,4,,
Greenlee County,,Arizona,T-1,Thurston and Hardy Mine,MC0055,,,,M.D. Crittenden,32.86678,-109.25064,MRDS,10010056,,Reference Hand Sample(s),Rock Bag,N,30,0.164,164,A,4,,
Yavapai County,,Arizona,A-7,Burmister Mine,MC0056,,,,M.D. Crittenden,34.32561,-112.08017,MRDS,10108990,,Reference Hand Sample(s),Rock Bag,Y,95,0.628,628,A,4,,
Globe,,Arizona,G-13,Globe Manganese ,MC0057,,Borge is noted on samples.,,M.D. Crittenden,33.42648,-110.74679,MRDS,10282948,,Reference Hand Sample(s),Rock Bag,Y,70,0.62,620,A,4,,
Pima County,,Arizona,,Manganese King Mine,MC0059,,Papago Indian Reservation,,M.D. Crittenden,32.42760,-112.12711,MRDS,10102391,,Reference Hand Sample(s),Rock Bag,Y,90,0.308,308,A,4,,
Globe District,,Arizona,G-6,Globe Manganese Mine,MC0060,,,,M.D. Crittenden,33.44452,-110.75875,MRDS,10046317,,Reference Hand Sample(s),Rock Bag,Y,80,0.248,248,A,4,,
Pinal County,,Arizona,AR-28,Holy Joe Peak,MC0061,,"North of Zapata Wash, Pinal County, Arizona",Reference_20,M.H. Krieger,32.8027519,-110.6219948,Earth Point©,,"Northeast Section 29,T7S, R17E",Reference Hand Sample(s),Rock Bag,Y,98,4.4,"4,400",,On Dresser A,,
Tombstone District,,Arizona,G-2,Black Tail Group ,MC0062,,,,"C.F. Park, Jr.",31.69153,-110.07426,MRDS,10112719,,Reference Hand Sample(s),Rock Bag,Y,75,1.874,"1,874",A,5,,
Gila County,,Arizona,,Rattlesnake Claims,MC0063,,,,J.N. Faick,33.77367,-111.00630,MRDS,10256861,,Reference Hand Sample(s),Rock Bag,Y,50,1.112,"1,112",A,5,,
Tombstone District,,Arizona,G-3,Contact Mine,MC0064,,,,A.E. Hauyer,31.69152,-110.08705,MRDS,10027104,,Reference Hand Sample(s),Rock Bag,N,40,1.782,"1,782",A,5,,
Globe District,,Arizona,G-8,Ramboz Mine,MC0065,,Rambo Mine,,M.D. Crittenden,33.45591,-110.77263,MRDS,10046307,,Reference Hand Sample(s),Rock Bag,N,30,0.5,500,A,5,,
Pinal County,,Arizona,A-13,Almino Group,MC0067,,,,M.D. Crittenden,33.11676,-110.93402,MRDS,10008529,,Reference Hand Sample(s),Rock Bag,Y,60,0.616,616,A,5,,
Pinal County,,Arizona,A-15,Cochise Group,MC0068,,,,M.D. Crittenden,33.11676,-110.88402,MRDS,10090603,,Reference Hand Sample(s),Rock Bag,Y,70,0.598,598,A,5,,
Peach Springs District,,Arizona,,Peach Springs Manganese Mine,MC0069,,"Coconino county, Arizona",,,35.67530,-113.01077,MRDS,10027560,,Reference Hand Sample(s),Rock Bag,N,40,0.61,610,A,5,,
Pinal County,,Arizona,S-1,Monarch Claim,MC0070,,Queen Creek Tunnel,,M.D. Crittenden,33.28929,-111.08850,MRDS,10138000,,Reference Hand Sample(s),Rock Bag,Y,80,0.238,238,A,5,,
Sierra Ancha District,,Arizona,A-2,Armer Wash Mine,MC0071,,,,M.D. Crittenden,33.75007,-111.03403,MRDS,10090601,,Reference Hand Sample(s),Rock Bag,Y,70,0.32,320,A,5,,
Sierra Ancha District,,Arizona,A-1,Armer Wash Mine,MC0072,,,,M.D. Crittenden,33.75007,-111.03403,MRDS,10090601,,Reference Hand Sample(s),Rock Bag,N,30,0.5,500,A,5,,
Globe District,,Arizona,G-5,Ramboz Mine,MC0073,,Rambo Mine,,M.D. Crittenden,33.45591,-110.77263,MRDS,10046307,,Reference Hand Sample(s),Rock Bag,N,40,0.72,720,A,5,,
Yuma County,,Arizona,A-3,"Kaiserdoom, Spring Mine Group",MC0074,,,,M.D. Crittenden,34.28672,-113.42144,MRDS,10027654,,Reference Hand Sample(s),Rock Bag,Y,70,0.472,472,A,5,,
Humboldt,,Nevada,23-19,Alpine Hg Mine,MC0078,,,,,41.19517,-117.28929,MRDS,10045075,,Reference Hand Sample(s),Rock Bag,N,15,0.236,236,A,6,,
White Pine County,,Nevada,NE-5a,Hidden Treasure,MC0080,,"Hamilton, Nevada noted on specimen.",,,39.23053,-115.47528,MRDS,10223095,,"Reference Hand Sample(s),Powder",Rock Bag,N,40,0.478,478,A,6,,
Nye County,,Nevada,NE-22,Tonopah,MC0081,,Tonopah Mining District,,,38.08327,-117.21925,MRDS,10310396,,"Reference Hand Sample(s),Powder,Pebble",Rock Bag,Y,98,0.23,230,A,6,,
Lincoln County,,Nevada,NE-17,Wells Cargo Mine,MC0085,,,,,37.21165,-114.29054,MRDS,10046393,,Reference Hand Sample(s),Rock Bag,Y,75,0.502,502,A,6,,
Carson City,,Nevada,NE-23,Dixon Brothers Prospect,MC0086,,,,,39.17050,-119.61490,MRDS,10296228,,"Reference Hand Sample(s),Powder",Rock Bag,Y,50,0.874,874,A,6,,
Bouse District,,Arizona,146,Black Chief Mine,MC0087,,,,,33.93695,-114.08829,MRDS,10259133,,Powder,Bottle Label,Y,100,0.012,12,A,6,,
Bouse District,,Arizona,144,Black Bird Mine,MC0088,,,,,33.92949,-113.99828,MRDS,10024060,,Powder,Bottle Label,Y,100,0.018,18,A,6,,
Bouse District,,Arizona,143,,MC0089,,,,,33.935964,-113.9313341,Earth Point©,,"Section 21,T7N,R16W",Powder,Bottle Label,Y,100,0.044,44,A,6,,
Bouse District,,Arizona,145,Linda K. Mine,MC0090,,,,,33.94755,-113.88548,MRDS,10210786,,Powder,Bottle Label,Y,100,0.014,14,A,6,,
Pinal County,,Arizona,148,Pointing Cactus Group,MC0091,,,,,32.63232,-111.74043,MRDS,10088603,,Powder,Bottle Label,Y,100,0.008,8,A,6,,
Pershing County,,Nevada,NE-37,Humboldt House Springs,MC0092,,,,, 40.58959,-118.26488,MRDS,10198597,,Reference Hand Sample(s),Rock Bag,N,30,0.496,496,A,6,,
Golconda-Humboldt County,,Nevada,NE-4, Golconda Hot Spring,MC0093,,,,,40.95433,-117.49040,MRDS,10044941,,"Reference Hand Sample(s),Powder",Rock Bag,Y,60,0.48,480,A,7,,
White Pine County,,Nevada,NE-8a,Treasure Hill Mine,MC0096,,,,,39.22160,-115.48394,MRDS,10310457,,"Reference Hand Sample(s),Powder",Rock Bag,Y,55,0.588,588,A,7,,
Hamilton,,Nevada,NE-11a,Seligman Mine,MC0097,,,,,39.26053,-115.55258,MRDS,10247385,,"Reference Hand Sample(s),Pebble",Rock Bag,Y,60,0.266,266,A,7,,
Lincoln County,,Nevada,,Hulse Deposit,MC0098,,,,,38.45523,-114.33362,MRDS,10008830,,Reference Hand Sample(s),Rock Bag,Y,98,0.142,142,A,7,,
White Pine County,,Nevada,NE-24,Maverick Springs Range,MC0099,,,,,39.94825,-115.45228,MRDS,10310453,,Reference Hand Sample(s),Rock Bag,N,20,0.33,330,A,7,,
Ely,,Nevada,NE-20,Vietti Mine,MC0100,,,,,39.18554,-114.76506,MRDS,10197973,,"Reference Hand Sample(s),Powder",Rock Bag,Y,80,0.496,496,A,7,,
Lander County,,Nevada,NE-7,Warm Springs Prospect,MC0102,,,,,40.51573,-117.10011,MRDS,10044813,,"Reference Hand Sample(s),Powder",Rock Bag,N,20,0.126,126,A,7,,
Pershing County,,Nevada,NE-14,Sou Hot Spring,MC0103,,,,,40.08570,-117.72156,MRDS,10295567,,Pebble,Rock Bag,N,40,0.27,270,A,7,,
Appomattox County,,Virginia,,Stonewall Manganese Mine,MC0104,,,,,37.44673,-78.97946,MRDS,10082523,,Reference Hand Sample(s),Rock Bag,Y,90,0.326,326,A,7,,
Campbell County,,Virginia,,Bell Mine,MC0105,,,,,37.29673,-79.18947,MRDS,10084447,,Reference Hand Sample(s),Rock Bag,Y,90,0.708,708,A,7,,
Campbell County,,Virginia,,Leets Manganese Mine,MC0107,,,,,37.39006,-79.04114,MRDS,10082535,,Reference Hand Sample(s),Rock Bag,Y,80,0.652,652,A,7,,
Campbell County,,Virginia,,Mortimer Mine,MC0108,,,,,37.25839,-79.23308,MRDS,10100495,,Reference Hand Sample(s),Rock Bag,Y,70,0.636,636,A,7,,
White Pine County,,Nevada,NE-10,Ward Beecher Deposit,MC0110,,,,,39.22493,-115.48778,MRDS,10174427,,"Reference Hand Sample(s),Powder",Rock Bag,N,10,0.826,826,A,8,,
White Pine County,,Nevada,NE-10-1,Ward Beecher Deposit,MC0111,,,,,39.22493,-115.48778,MRDS,10174427,,"Reference Hand Sample(s),Powder",Rock Bag,N,20,0.25,250,A,8,,
White Pine County,,Nevada,NE-10-2,Ward Beecher Deposit,MC0112,,,,,39.22493,-115.48778,MRDS,10174427,,Reference Hand Sample(s),Rock Bag,N,15,0.374,374,A,8,,
White Pine County,,Nevada,NE-10-3,Ward Beecher Deposit,MC0113,,,,,39.22493,-115.48778,MRDS,10174427,,Reference Hand Sample(s),Rock Bag,N,5,0.372,372,A,8,,
White Pine County,,Nevada,NE-10-4,Ward Beecher Deposit,MC0114,,,,,39.22493,-115.48778,MRDS,10174427,,"Reference Hand Sample(s),Powder",Rock Bag,N,10,1.064,"1,064",A,8,,
White Pine County,,Nevada,NE-10-5-3,Ward Beecher Deposit,MC0115,,,,,39.22493,-115.48778,MRDS,10174427,,"Reference Hand Sample(s),Powder,Pebble",Rock Bag,N,5,0.842,842,A,8,,
White Pine County,,Nevada,NE-10-A-1,Ward Beecher Deposit,MC0116,,,,,39.22493,-115.48778,MRDS,10174427,,Reference Hand Sample(s),Rock Bag,N,5,0.744,744,A,8,,
White Pine County,,Nevada,NE-10-A-2,Ward Beecher Deposit,MC0117,,,,,39.22493,-115.48778,MRDS,10174427,,"Reference Hand Sample(s),Powder,Pebble",Rock Bag,N,10,0.4,400,A,8,,
White Pine County,,Nevada,NE-10-A-3,Ward Beecher Deposit,MC0118,,,,,39.22493,-115.48778,MRDS,10174427,,Reference Hand Sample(s),Rock Bag,N,5,0.00034,0.34,A,8,,
White Pine County,,Nevada,NE-10-D-1,Ward Beecher Deposit,MC0119,,,,,39.22493,-115.48778,MRDS,10174427,,"Reference Hand Sample(s),Powder",Rock Bag,N,5,0.178,178,A,8,,
White Pine County,,Nevada,NE-4A,Aurora Deposit,MC0120,,,,,39.21803,-115.48338,MRDS,10198104,,"Reference Hand Sample(s),Powder",Rock Bag,N,15,0.294,294,A,8,,
White Pine County,,Nevada,NE-12,Treasure Hill Mine Area,MC0122,,,,,39.22160,-115.48394,MRDS,10310457,,"Reference Hand Sample(s),Powder",Rock Bag,N,30,1.524,"1,524",A,9,,
White Pine County,,Nevada,NE-12-H-8,Treasure Hill Mine Area,MC0123,,,,,39.22160,-115.48394,MRDS,10310457,,Reference Hand Sample(s),Rock Bag,N,25,0.122,122,A,9,,
White Pine County,,Nevada,NE-12-H-17,Treasure Hill Mine Area,MC0124,,,,,39.22160,-115.48394,MRDS,10310457,,Reference Hand Sample(s),Rock Bag,N,40,0.28,280,A,9,,
White Pine County,,Nevada,NE-12-9-16,Treasure Hill Mine Area,MC0127,,,,,39.22160,-115.48394,MRDS,10310457,,Reference Hand Sample(s),Rock Bag,N,20,0.362,362,A,9,,
White Pine County,,Nevada,NE-12-H-2,Treasure Hill Mine Area,MC0128,,,,,39.22160,-115.48394,MRDS,10310457,,Reference Hand Sample(s),Rock Bag,N,15,0.144,144,A,9,,
White Pine County,,Nevada,NE-12-H-6,Treasure Hill Mine Area,MC0129,,,,,39.22160,-115.48394,MRDS,10310457,,Reference Hand Sample(s),Rock Bag,N,10,0.168,168,A,9,,
Pershing County,,Nevada,NE-31,Humboldt House,MC0130,,,,,40.58959,-118.26488,MRDS,10198597,,"Reference Hand Sample(s),Powder",Rock Bag,Y,50,0.578,578,A,9,,
Elko County,,Nevada,NE-13,Midas Elko Prince Mine,MC0132,,,,,41.24160,-116.79315,MRDS,10149494,,Reference Hand Sample(s),Rock Bag,N,10,0.592,592,A,9,,
White Pine County,,Nevada,NE-12-H-7,Treasure Hill Mine Area,MC0133,,,,,39.22160,-115.48394,MRDS,10310457,,Reference Hand Sample(s),Rock Bag,N,10,0.806,806,A,9,,
Nye County,,Nevada,NE-15-Q-67,Quinn Canyon Range,MC0135,,,,,38.13576,-118.67013,MRDS,10067315,,"Reference Hand Sample(s),Powder",Rock Bag,Y,70,0.664,664,A,10,,
Nye County,,Nevada,NE-15-Q-65,Quinn Canyon Range,MC0137,,,,,38.13576,-118.67013,MRDS,10067315,,Reference Hand Sample(s),Rock Bag,Y,50,0.352,352,A,10,,
Nye County,,Nevada,NE-15-Q-10,Quinn Canyon Range,MC0138,,,,,38.13576,-118.67013,MRDS,10067315,,"Reference Hand Sample(s),Powder,Sand,Pebble",Rock Bag,Y,50,0.156,156,A,10,,
Nye County,,Nevada,NE-15-Q-5,Quinn Canyon Range,MC0139,,,,,38.13576,-118.67013,MRDS,10067315,,"Reference Hand Sample(s),Pebble",Rock Bag,Y,50,0.286,286,A,10,,
Nye County,,Nevada,NE-15-Q-63,Quinn Canyon Range,MC0140,,,,,38.13576,-118.67013,MRDS,10067315,,Reference Hand Sample(s),Rock Bag,N,30,0.618,618,A,10,,
Nye County,,Nevada,NE-15-Q-1,Quinn Canyon Range,MC0141,,,,,38.13576,-118.67013,MRDS,10067315,,"Reference Hand Sample(s),Powder,Sand,Pebble",Rock Bag,N,40,0.312,312,A,10,,
Nye County,,Nevada,NE-15-Q-64,Quinn Canyon Range,MC0142,,,,,38.13576,-118.67013,MRDS,10067315,,"Reference Hand Sample(s),Powder",Rock Bag,N,20,0.328,328,A,10,,
Nye County,,Nevada,NE-15-Q-55B,Quinn Canyon Range,MC0144,,,,,38.13576,-118.67013,MRDS,10067315,,Reference Hand Sample(s),Envelope,N,5,0.162,162,A,10,,
Nye County,,Nevada,NE-15-Q-58A,Quinn Canyon Range,MC0145,,,,,38.13576,-118.67013,MRDS,10067315,,Reference Hand Sample(s),Envelope,N,10,0.134,134,A,10,,
Nye County,,Nevada,NE-15,Quinn Canyon Range,MC0146,,,,,38.13576,-118.67013,MRDS,10067315,,"Reference Hand Sample(s),Powder,Sand",Rock Bag,Y,50,0.944,944,A,10,,
Nye County,,Nevada,NE-15-Q-66,Quinn Canyon Range,MC0147,,,,,38.13576,-118.67013,MRDS,10067315,,"Reference Hand Sample(s),Powder",Rock Bag,N,10,0.352,352,A,10,,
Nye County,,Nevada,NE-15-Q-8,Quinn Canyon Range,MC0148,,,,,38.13576,-118.67013,MRDS,10067315,,"Reference Hand Sample(s),Powder",Rock Bag,N,30,0.412,412,A,10,,
Nye County,,Nevada,NE-15-Q-2,Quinn Canyon Range,MC0149,,,,,38.13576,-118.67013,MRDS,10067315,,Reference Hand Sample(s),Rock Bag,N,30,0.184,184,A,11,,
Nye County,,Nevada,NE-15-Q-50B,Quinn Canyon Range,MC0151,,,,,38.13576,-118.67013,MRDS,10067315,,Reference Hand Sample(s),Rock Bag,N,20,0.142,142,A,11,,
Nye County,,Nevada,NE-15-Q-52,Quinn Canyon Range,MC0152,,,,,38.13576,-118.67013,MRDS,10067315,,Reference Hand Sample(s),Rock Bag,Y,50,0.47,470,A,11,,
Nye County,,Nevada,NE-15-Q-51D,Quinn Canyon Range,MC0153,,,,,38.13576,-118.67013,MRDS,10067315,,"Reference Hand Sample(s),Powder",Rock Bag,Y,70,0.46,460,A,11,,
Nye County,,Nevada,NE-15-22-9,Quinn Canyon Range,MC0155,,,,,38.13576,-118.67013,MRDS,10067315,,Reference Hand Sample(s),Rock Bag,Y,70,0.756,756,A,11,,
Nye County,,Nevada,NE-15-Q-50A,Quinn Canyon Range,MC0156,,,,,38.13576,-118.67013,MRDS,10067315,,Reference Hand Sample(s),Rock Bag,N,30,0.054,54,A,11,,
Nye County,,Nevada,NE-15-Q-51A,Quinn Canyon Range,MC0159,,,,,38.13576,-118.67013,MRDS,10067315,,Reference Hand Sample(s),Envelope,N,10,0.12,120,A,11,,
Nye County,,Nevada,NE-15-Q-62,Quinn Canyon Range,MC0160,,,,,38.13576,-118.67013,MRDS,10067315,,Reference Hand Sample(s),Envelope,N,25,0.034,34,A,11,,
Nye County,,Nevada,NE-15-Q-51C,Quinn Canyon Range,MC0161,,,,,38.13576,-118.67013,MRDS,10067315,,"Reference Hand Sample(s),Powder",Rock Bag,Y,50,0.318,318,A,11,,
Nye County,,Nevada,NE-15-Q-3,Quinn Canyon Range,MC0162,,,,,38.13576,-118.67013,MRDS,10067315,,Reference Hand Sample(s),Rock Bag,Y,60,0.374,374,A,11,,
Nye County,,Nevada,NE-15-Q-13,Quinn Canyon Range,MC0163,,,,,38.13576,-118.67013,MRDS,10067315,,Reference Hand Sample(s),Rock Bag,Y,80,0.574,574,A,11,,
Pershing County,,Nevada,NE-26,Black Diablo Open Cut,MC0166,,,,,40.68101,-117.55124,MRDS,10103891,,Reference Hand Sample(s),Rock Bag,N,40,0.542,542,A,12,,
White Pine County,,Nevada,NE-18-35-2,Aurora Deposit,MC0167,,,,,39.21803,-115.48338,MRDS,10198104,,"Reference Hand Sample(s),Powder,Pebble",Rock Bag,N,30,0.112,112,A,12,,
White Pine County,,Nevada,LU-19,Aurora Deposit,MC0168,,,,,39.21803,-115.48338,MRDS,10198104,,Reference Hand Sample(s),Rock Bag,N,25,0.348,348,A,12,,
Carson City ,,Nevada,,Dixon Brothers Prospect,MC0169,,,,,39.17050,-119.61490,MRDS,10296228,,Reference Hand Sample(s),Rock Bag,Y,90,0.762,762,A,12,,
Humboldt County,,Nevada,,Virgin Valley Deposits,MC0170,,,,K. McLeod,41.78820,-119.10713,MRDS,10045033,,Reference Hand Sample(s),Rock Bag,Y,90,0.1,100,A,12,,
Lander County,,Nevada,LU-15,Black Devil Mine,MC0172,,,,,39.82381,-117.47956,MRDS,10045910,,Reference Hand Sample(s),Rock Bag,Y,60,0.322,322,A,12,,
Clark County,,Nevada,NE-25,Three Kids Deposit,MC0173,,,,,36.09139,-114.92770,MRDS,10037203,,Reference Hand Sample(s),Rock Bag,Y,80,0.6,600,A,12,,
Eureka County,,Nevada,LU-7-2,Gibellini Manganese Mine,MC0174,,,,,39.20826,-116.09034,MRDS,10044699,,Reference Hand Sample(s),Rock Bag,N,30,0.468,468,A,12,,
Eureka County,,Nevada,LU-7-H-6,Gibellini Manganese Mine,MC0175,,,,,39.20826,-116.09034,MRDS,10044699,,"Reference Hand Sample(s),Powder",Rock Bag,Y,70,0.194,194,A,12,,
Eureka County,,Nevada,LU-7-1,Gibellini Manganese Mine,MC0176,,,,,39.20826,-116.09034,MRDS,10044699,,"Reference Hand Sample(s),Powder",Rock Bag,Y,60,0.674,674,A,12,,
Eureka County,,Nevada,LU-7,Gibellini Manganese Mine,MC0177,,,,,39.20826,-116.09034,MRDS,10044699,,Reference Hand Sample(s),Rock Bag,Y,60,2.696,"2,696",A,12,,
Pershing County,,Nevada,,Big Mike Copper Mine,MC0178,,,,,40.54330,-117.56030,MRDS,10310578,,Reference Hand Sample(s),Rock Bag,N,40,0.33,330,A,12,,
Humboldt County,,Nevada,NE-30,Golconda Hot Spring,MC0179,,,,,40.95433,-117.49040,MRDS,10044941,,"Reference Hand Sample(s),Powder",Rock Bag,N,40,1.944,"1,944",A,13,,
Butte ,,Montana,,,MC0181,,,,"C.F. Park, Jr.",46.01990,-112.53089,MRDS,10400191,,Reference Hand Sample(s),Rock Bag,Y,90,0.928,928,A,13,,
Phillipsburg,,Montana,MON-4,True Fissure Mine,MC0182,,Coyle Adit,,M.D. Crittenden,46.33489,-113.26564,MRDS,10071347,,"Reference Hand Sample(s),Powder,Sand",Rock Bag,N,20,0.52,520,A,13,,
Madison County,,Montana,MON-3,Wigwam Creek Prospect,MC0187,,,,Lee Matson,45.18410,-111.77945,MRDS,10294622,,"Reference Hand Sample(s),Powder",Rock Bag,Y,80,0.204,204,A,13,,
Bannock County,,Idaho,ID-3,Lava Hot Springs,MC0190,,,,,42.61552,-112.00802,MRDS,10168375,,Reference Hand Sample(s),Rock Bag,Y,70,0.794,794,A,13,,
Franklin County,,Idaho,ID-1,Cleveland Mine,MC0191,,,,,42.33322,-111.70251,MRDS,10207624,,"Reference Hand Sample(s),Powder",Paper Bag,Y,90,0.782,782,A,14,,
Franklin County,,Idaho,ID-1-4,Cleveland Mine,MC0192,,,,,42.33322,-111.70251,MRDS,10207624,,Reference Hand Sample(s),Paper Bag,Y,90,1.038,"1,038",A,14,,
Franklin County,,Idaho,ID-1-3,Cleveland Mine,MC0193,,,,,42.33322,-111.70251,MRDS,10207624,,Reference Hand Sample(s),Paper Bag,Y,80,0.564,564,A,14,,
Franklin County,,Idaho,ID-1-1,Cleveland Mine,MC0194,,,,,42.33322,-111.70251,MRDS,10207624,,Reference Hand Sample(s),Paper Bag,N,40,0.292,292,A,14,,
Franklin County,,Idaho,ID-1-2,Cleveland Mine,MC0195,,,,,42.33322,-111.70251,MRDS,10207624,,Reference Hand Sample(s),Paper Bag,Y,50,0.778,778,A,14,,
Mason County,,Washington,,Black and White Mine,MC0199,,,,John A. Straczek,47.57423,-123.34626,MRDS,10088849,,Reference Hand Sample(s),Rock Bag,Y,60,0.264,264,A,14,,
Mason County,,Washington,,Black and White Mine,MC0201,,,,John A. Straczek,47.57423,-123.34626,MRDS,10088849,,Reference Hand Sample(s),Rock Bag,N,40,0.286,286,A,14,,
Mason County,,Washington,,Black and White Mine,MC0202,,,,John A. Straczek,47.57423,-123.34626,MRDS,10088849,,Reference Hand Sample(s),Rock Bag,N,40,0.312,312,A,14,,
Mason County,,Washington,,Black and White Mine,MC0204,,,,John A. Straczek,47.57423,-123.34626,MRDS,10088849,,Reference Hand Sample(s),Rock Bag,N,40,0.388,388,A,14,,
Mason County,,Washington,,Black and White Mine,MC0205,,,,John A. Straczek,47.57423,-123.34626,MRDS,10088849,,Reference Hand Sample(s),Rock Bag,Y,70,0.188,188,A,14,,
Mason County,,Washington,WA-2-1,Triple Trip Mine,MC0206,,,,,47.50368,-123.32126,MRDS,10093020,,Reference Hand Sample(s),Rock Bag,N,40,0.302,302,A,14,,
Clallam County,,Washington,WA-1-25,Crescent Mine,MC0207,,Level 275,,,48.07750,-123.94333,MRDS,10042389,,Reference Hand Sample(s),Rock Bag,Y,80,2.834,"2,834",A,15,,
Clallam County,,Washington,WA-1-28,Crescent Mine,MC0208,,Northeast Drift,,,48.07750,-123.94333,MRDS,10042389,,"Reference Hand Sample(s),Powder",Rock Bag,Y,60,0.88,880,A,15,,
Clallam County,,Washington,WA-3-3,Crescent Mine,MC0209,,Northeast Drift,,,48.07750,-123.94333,MRDS,10042389,,Reference Hand Sample(s),Rock Bag,N,40,1.242,"1,242",A,15,,
Clallam County,,Washington,WA-1-22,Ed. B Claim,MC0210,,,,,48.07789,-124.04989,MRDS,10227771,,Reference Hand Sample(s),Rock Bag,Y,70,0.252,252,A,15,,
Clallam County,,Washington,WA-1-24,Crescent Mine,MC0211,,,,M.D. Crittenden,48.07750,-123.94333,MRDS,10042389,,Reference Hand Sample(s),Rock Bag,N,20,0.14,140,A,15,,
Clallam County,,Washington,WA-1-9,Crescent Mine,MC0214,,,,,48.07750,-123.94333,MRDS,10042389,,Reference Hand Sample(s),Rock Bag,Y,90,0.396,396,A,15,,
Clallam County,,Washington,WA-1-15,Crescent Mine,MC0215,,,,John A. Straczek,48.07750,-123.94333,MRDS,10042389,,Reference Hand Sample(s),Rock Bag,N,30,1.124,"1,124",A,15,,
Clallam County,,Washington,WA-1-11,Crescent Mine,MC0217,,,,,48.07750,-123.94333,MRDS,10042389,,Reference Hand Sample(s),Rock Bag,Y,80,0.732,732,A,15,,
Clallam County,,Washington,,Crescent Mine,MC0218,,,,,48.07750,-123.94333,MRDS,10042389,,Reference Hand Sample(s),Rock Bag,N,40,1.12,"1,120",A,15,,
Clallam County,,Washington,WA-1-18,Crescent Mine,MC0220,,Level 4 Stope,,M.D. Crittenden,48.07750,-123.94333,MRDS,10042389,,Reference Hand Sample(s),Rock Bag,N,35,0.168,168,A,16,,
Clallam County,,Washington,WA-1-8,Crescent Mine,MC0221,,,,M.D. Crittenden,48.07750,-123.94333,MRDS,10042389,,Reference Hand Sample(s),Rock Bag,Y,55,0.138,138,A,16,,
Clallam County,,Washington,WA-1-26,Crescent Mine,MC0222,,,,,48.07750,-123.94333,MRDS,10042389,,Reference Hand Sample(s),Rock Bag,Y,50,1.316,"1,316",A,16,,
Clallam County,,Washington,WA-1-21,Crescent Mine,MC0224,,Number 5 Tunnel,,,48.07750,-123.94333,MRDS,10042389,,Reference Hand Sample(s),Rock Bag,Y,50,0.256,256,A,16,,
Clallam County,,Washington,WA-3-2,Crescent Mine,MC0225,,,,M.D. Crittenden,48.07750,-123.94333,MRDS,10042389,,Reference Hand Sample(s),Rock Bag,Y,60,1.058,"1,058",A,16,,
Clallam County,,Washington,WA-1-12,Crescent Mine,MC0227,,,,M.D. Crittenden,48.07750,-123.94333,MRDS,10042389,,Reference Hand Sample(s),Rock Bag,Y,50,0.206,206,A,16,,
Clallam County,,Washington,WA-1-15,Crescent Mine,MC0228,,,,,48.07750,-123.94333,MRDS,10042389,,Reference Hand Sample(s),Rock Bag,N,40,0.702,702,A,16,,
Jackson County,,Oregon,OR-5,Shamrock Manganese,MC0232,,Evans Creek,,,42.59732,-122.9767,MRDS,10043050,,Core Sample(s),Rock Bag,N,5,0.844,844,A,17,,
Curry County,,Oregon,OR-2,Long Ridge Prospect,MC0236,,,,Ivan F. Wilson,42.26592,-124.07057,MRDS,10250103,,Reference Hand Sample(s),Rock Bag,N,45,0.482,482,A,17,,
Sumpter,,Oregon,OR-3,North Pole Mine,MC0237,,Level 500,,,44.82485,-118.21688,MRDS,10107273,,Reference Hand Sample(s),Rock Bag,N,5,0.246,246,A,17,,
Mason County,,Texas,T-3,Spiller Mine,MC0238,,,,,30.90520,-99.09345,MRDS,10275993,,"Reference Hand Sample(s),Powder",Rock Bag,N,30,0.928,928,A,17,,
Chispa,,Texas,T-2,Mayfield Mine,MC0239,,,,,30.72297,-104.77551,MRDS,10085792,,"Reference Hand Sample(s),Powder",Rock Bag,Y,90,0.36,360,A,17,,
San Miguel County,,Colorado,COL-2,Klondike Ridge,MC0240,,,,,38.01690,-108.69287,MRDS,10143045,,Reference Hand Sample(s),Rock Bag,Y,90,0.88,880,A,17,,
Fremont County,,Colorado,COL-7,,MC0243,,"North of Iron Mountain, Fremont county, Colorado",,Raymond Parker,38.34251,-105.42224,MRDS,10113539,,Reference Hand Sample(s),Rock Bag,N,30,0.238,238,A,17,,
Chaffee County,,Colorado,COL-1,Alderman Deposit,MC0244,,Browns Canyon District,,,38.62528,-106.06504,MRDS,10013699,,Reference Hand Sample(s),Rock Bag,N,25,0.896,896,A,18,,
Del Norte,,Colorado,COL-4,Shaw Claim,MC0245,,,,,37.81195,-106.44449,MRDS,10012928,,Reference Hand Sample(s),Rock Bag,Y,70,0.858,858,A,18,,
Del Norte,,Colorado,COL-4-1,Shaw Claim and Goodman Claim,MC0246,,,,,37.81195,-106.44449,MRDS,10012928,,Reference Hand Sample(s),Rock Bag,N,20,1.116,"1,116",A,18,,
Del Norte,,Colorado,COL-4-154,Goodman Claim,MC0247,,,,,37.81195,-106.44449,MRDS,10012928,,Reference Hand Sample(s),Rock Bag,N,40,0.13,130,A,18,,
Del Norte,,Colorado,COL-4-115,Shaw Claim,MC0248,,,,,37.81195,-106.44449,MRDS,10012928,,Reference Hand Sample(s),Rock Bag,Y,75,0.312,312,A,18,,
Chaffee County,,Colorado,,,MC0250,,Browns Canyon District,,D.C. Cox,38.64722,-106.07560,MRDS,10013778,,Reference Hand Sample(s),Rock Bag,Y,65,0.582,582,A,18,,
Chaffee County,,Colorado,,,MC0251,,Browns Canyon District,,D.C. Cox,38.64722,-106.07560,MRDS,10013778,,Reference Hand Sample(s),Rock Bag,N,30,0.906,906,A,18,,
Silverton,,Colorado,,Fairview Claim,MC0252,,,,,37.78891,-107.67144,MRDS,10289116,,Reference Hand Sample(s),Rock Bag,Y,80,0.866,866,A,18,,
San Bernardino,,California,COL-14,Van Horn,MC0255,,,,Dick Erd,34.28974,-114.30249,MRDS,10285612,,Reference Hand Sample(s),Rock Bag,N,40,2.072,"2,072",B,B1,,
Heber,,Utah,UT-22,,MC0256,,,,,40.536545,-111.4721444,Earth Point©,,"Northeast Section 27,T3S,R4E","Reference Hand Sample(s),Powder",Rock Bag,N,25,0.572,572,B,B1,,
Garfield County,,Utah,UT-4,Deuel Manganese Mines,MC0257,,Deuel Manganese Mine is in proximity of Harris Wash.,,,37.63332,-111.2513,MRDS,10009960,,Reference Hand Sample(s),Rock Bag,N,45,0.402,402,B,B1,,
Washington County,,Utah,UT-19,Black Beauty Claim No.1,MC0259,,,,,37.26776,-113.78164,MRDS,10021263,,Reference Hand Sample(s),Rock Bag,N,40,0.432,432,B,B1,,
Sevier County,,Utah,UT-4,Monroe Hot Springs,MC0261,,,,,38.64027,-112.11188,MRDS,10190940,,Reference Hand Sample(s),Rock Bag,N,45,0.09,90,B,B1,,
Beaver County,,Utah,UT-10,Monarch Mine,MC0263,,,,,38.24996,-113.58415,MRDS,10069420,,Reference Hand Sample(s),Rock Bag,N,55,0.254,254,B,B1,,
Juab County,,Utah,UT-5,Abraham Hot Spring,MC0264,,,,,39.61635,-112.72721,MRDS,10226873,,Reference Hand Sample(s),Rock Bag,N,65,0.08,80,B,B1,,
Rich County,,Utah,UT-16,Lakeview Manganese Mine,MC0265,,,,,41.79826,-111.28107,MRDS,10041741,,"Reference Hand Sample(s),Powder",Rock Bag,Y,60,0.38,380,B,B1,,
Ophir,,Utah,UT-11,Jim Fisk Mine,MC0267,,,,,40.37605,-112.24469,MRDS,10088432,,"Reference Hand Sample(s),Powder",Rock Bag,N,40,0.872,872,B,B1,,
Weber County,,Utah ,UT-12,Payday Mine,MC0268,,,,,41.30021,-111.58523,MRDS,10041753,,"Reference Hand Sample(s),Powder",Rock Bag,Y,85,0.904,904,B,B1,,
Utah County,,Utah,UT-9,Burgin Kenecott Mine,MC0269,,Drill cores from hole ET No.32 at 1052 level of Burgin Shaft.,,,39.95023,-112.04523,MRDS,10073158,,Core Sample(s),Rock Bag,Y,90,0.216,216,B,B1,,
Utah County,,Utah,UT-11,Burgin Kenecott Mine,MC0271,,Drill cores from hole ET No.32 at 1052 level of Burgin Shaft.,,,39.95023,-112.04523,MRDS,10073158,,Core Sample(s),Rock Bag,N,25,0.144,144,B,B1,,
Davis County,,Utah,UT-26,Hooper Hot Springs,MC0273,,"Ogden,Utah",,,41.13053,-112.16891,MRDS,10251557,,"Reference Hand Sample(s),Powder,Sand",Rock Bag,N,30,0.276,276,B,B2,,
Davis County,,Utah,UT-27,Hooper Hot Springs,MC0274,,"Ogden,Utah",,,41.13053,-112.16891,MRDS,10251557,,Reference Hand Sample(s),Rock Bag,N,20,0.45,450,B,B2,,
Millard County,,Utah,UT-25,,MC0277,,"Conger Range,Utah",,R.K. Hose,39.1850615,-113.7623457,Earth Point©,,"Section 4,T19S,R17W",Reference Hand Sample(s),Rock Bag,N,45,1.202,"1,202",B,B2,,
Millard County,,Utah,UT-26,,MC0278,,"Conger Range,Utah",,R.K. Hose,39.1410117,-113.8598479,Earth Point©,,"Section 22,T19S,R18W","Reference Hand Sample(s),Powder,Pebble",Rock Bag,N,30,0.666,666,B,B2,,
Wasatch County,,Utah,UT-22,Heber Hot Spa,MC0279,,,,,40.5292074,-111.481664,Earth Point©,,"Section 27,T3S,R4E",Reference Hand Sample(s),Rock Bag,N,40,0.67,670,B,B2,,
Millard County,,Utah,,,MC0280,,"Conger Range, Utah",,,39.1700869,-113.8786666,Earth Point©,,"Section 9,T19S,R18W",Reference Hand Sample(s),Rock Bag,Y,50,0.616,616,B,B2,,
Utah County,,Utah,UT-17,Oxen Mine,MC0282,,,,,39.97328,-112.07607,MRDS,10042210,,Reference Hand Sample(s),Rock Bag,Y,90,0.382,382,B,B2,,
Chaffee County,,Colorado,,,MC0283,,Browns Canyon District,,D.C. Cox,38.62528,-106.06504,MRDS,10013699,,Reference Hand Sample(s),Rock Bag,Y,40,0.326,326,B,B2,,
Chaffee County,,Colorado,,Colorado Mill Tunnel,MC0284,,Browns Canyon District,,D.C. Cox,38.62528,-106.06504,MRDS,10013699,,Reference Hand Sample(s),Rock Bag,Y,90,0.08,80,B,B2,,
Chaffee County,,Colorado,,,MC0285,,Browns Canyon District,,D.C. Cox,38.62528,-106.06504,MRDS,10013699,,Reference Hand Sample(s),Rock Bag,Y,70,0.53,530,B,B2,,
Millard County,,Utah,UT-25,,MC0286,,"Conger Range,Utah",,,39.1850615,-113.7623457,Earth Point©,,"Section 4,T19S,R17W",Reference Hand Sample(s),Rock Bag,N,30,2.642,"2,642",B,B2,,
Grant County,,New Mexico,NM-2,Cliff Roy Mine,MC0288,,,,,32.60762,-108.81257,MRDS,10087792,,"Reference Hand Sample(s),Powder",Rock Bag,Y,70,1.122,"1,122",B,B3,,
Grant County,,New Mexico,NM-2,Cliff Roy Mine,MC0289,,,,,32.60762,-108.81257,MRDS,10087792,,"Reference Hand Sample(s),Powder",Paper Jar,Y,80,0.714,714,B,B3,,
Sierra County,,New Mexico,NM-26,Ellis Deposit 1910's,MC0291,,,,,33.13428,-107.25642,MRDS,10101670,,Reference Hand Sample(s),Rock Bag,Y,65,0.5,500,B,B3,,
Catron County,,New Mexico,NM-7,,MC0292,,Mogollon District,,,33.40453,-108.80092,MRDS,10069325,,"Reference Hand Sample(s),Powder",Paper Jar,N,50,0.77,770,B,B3,,
Sierra County,,New Mexico,NM-10 ,Lake Valley Deposit,MC0298,,,,,32.71679,-107.56727,MRDS,10105528,,Reference Hand Sample(s),Rock Bag,Y,70,0.148,148,B,B3,,
Grant County,,New Mexico,NM-3,Consolidation Group,MC0300,,,,,32.63791,-108.84623,MRDS,10272033,,"Reference Hand Sample(s),Powder",Rock Bag,Y,70,0.708,708,B,B3,,
Sierra County,,New Mexico,NM-21,Manganese Hill Group,MC0302,,,,S.K. Neuschel,32.83179,-107.25615,MRDS,10008856,,Reference Hand Sample(s),Rock Bag,Y,85,0.654,654,B,B3,,
Socorro County,,New Mexico,NM-20,Gianera Mine,MC0304,,Hewett describes Gianera Mine located at 1500 ft southwest of Tower Mine.,Reference_15,,33.96259,-106.97479,MRDS,60001553,,Reference Hand Sample(s),Rock Bag,Y,85,1.148,"1,148",B,B4,,
Socorro County,,New Mexico,NM-20,Gianera Mine,MC0305,,Hewett describes Gianera Mine located at 1500 ft southwest of Tower Mine.,Reference_15,,33.96259,-106.97479,MRDS,60001553,,Reference Hand Sample(s),Rock Bag,Y,80,0.982,982,B,B4,,
Socorro County,,New Mexico,NM-20,Gianera Mine,MC0306,,Hewett describes Gianera Mine located at 1500 ft southwest of Tower Mine.,Reference_15,,33.96259,-106.97479,MRDS,60001553,,Reference Hand Sample(s),Rock Bag,Y,40,0.646,646,B,B4,,
Socorro County,,New Mexico,NM-20,Gianera Mine,MC0307,,Hewett describes Gianera Mine located at 1500 ft southwest of Tower Mine.,Reference_15,,33.96259,-106.97479,MRDS,60001553,,Reference Hand Sample(s),Rock Bag,Y,70,0.746,746,B,B4,,
Socorro County,,New Mexico,NM-20,Gianera Mine,MC0308,,Hewett describes Gianera Mine located at 1500 ft southwest of Tower Mine.,Reference_15,,33.96259,-106.97479,MRDS,60001553,,Reference Hand Sample(s),Rock Bag,Y,90,1.562,"1,562",B,B4,,
Socorro County,,New Mexico,NM-20,Gianera Mine,MC0309,,Hewett describes Gianera Mine located at 1500 ft southwest of Tower Mine.,Reference_15,,33.96259,-106.97479,MRDS,60001553,,"Reference Hand Sample(s),Powder",Paper Bag,Y,90,0.378,378,B,B4,,
Socorro County,,New Mexico,NM-20,Gianera Mine,MC0310,,Hewett describes Gianera Mine located at 1500 ft southwest of Tower Mine.,Reference_15,,33.96259,-106.97479,MRDS,60001553,,Reference Hand Sample(s),Paper Bag,Y,90,0.59,590,B,B4,,
Socorro County,,New Mexico,NM-20,Gianera Mine,MC0311,,Hewett describes Gianera Mine located at 1500 ft southwest of Tower Mine.,Reference_15,,33.96259,-106.97479,MRDS,60001553,,Reference Hand Sample(s),Rock Bag,Y,90,1.352,"1,352",B,B4,,
Socorro County,,New Mexico,NM-20,Gianera Mine,MC0312,,Hewett describes Gianera Mine located at 1500 ft southwest of Tower Mine.,Reference_15,,33.96259,-106.97479,MRDS,60001553,,"Reference Hand Sample(s),Powder",Paper Bag,Y,90,0.492,492,B,B4,,
Socorro County,,New Mexico,NM-20,Gianera Mine,MC0313,,Hewett describes Gianera Mine located at 1500 ft southwest of Tower Mine.,Reference_15,,33.96259,-106.97479,MRDS,60001553,,"Reference Hand Sample(s),Powder",Rock Bag,Y,90,0.644,644,B,B4,,
Socorro County,,New Mexico,NM-20,Gianera Mine,MC0314,,Hewett describes Gianera Mine located at 1500 ft southwest of Tower Mine.,Reference_15,,33.96259,-106.97479,MRDS,60001553,,"Reference Hand Sample(s),Powder",Paper Bag,Y,90,0.594,594,B,B4,,
Socorro County,,New Mexico,NM-20,Gianera Mine,MC0315,,Hewett describes Gianera Mine located at 1500 ft southwest of Tower Mine.,Reference_15,,33.96259,-106.97479,MRDS,60001553,,Reference Hand Sample(s),Rock Bag,Y,90,1.144,"1,144",B,B4,,
Socorro County,,New Mexico,NM-20,Gianera Mine,MC0316,,Hewett describes Gianera Mine located at 1500 ft southwest of Tower Mine.,Reference_15,,33.96259,-106.97479,MRDS,60001553,,"Reference Hand Sample(s),Powder",Paper Bag,Y,90,0.75,750,B,B4,,
Socorro County,,New Mexico,NM-20,Gianera Mine,MC0317,,Hewett describes Gianera Mine located at 1500 ft southwest of Tower Mine.,Reference_15,,33.96259,-106.97479,MRDS,60001553,,Reference Hand Sample(s),Rock Bag,Y,60,1.726,"1,726",,On Dresser A,,
Dona Ana County,,New Mexico,NM-23,,MC0319,,Velarde Manganese Group,,S.K. Neuschel,32.76373,-107.14002,MRDS,10097777,,"Reference Hand Sample(s),Powder",Rock Bag,Y,70,0.616,616,B,B4,,
Socorro County,,New Mexico,NM-20,Water Canyon,MC0321,,,,,34.02231,-107.12309,MRDS,10008852,,Reference Hand Sample(s),Rock Bag,Y,70,1.468,"1,468",B,B5,,
Hidalgo County,,New Mexico,NM-25,Cliff Roy Mine,MC0322,,"Caprock Mountain, New Mexico",,,32.60762,-108.81257,MRDS,10087792,,"Reference Hand Sample(s),Powder",Rock Bag,Y,50,1.26,"1,260",B,B5,,
Sierra County,,New Mexico,NM-22,,MC0325,,Black Jack Group is associated with Rock House Claims and Guame Property,,S.K. Neuschel,33.09039,-107.24392,MRDS,10008855,,"Reference Hand Sample(s),Powder",Rock Bag,Y,85,1.638,"1,638",B,B5,,
Socorro County,,New Mexico,NM-20,Optimo Claim,MC0326,,Carretas Canyon Group,,S.K. Neuschel,33.98370,-106.99337,MRDS,10094249,,Reference Hand Sample(s),Rock Bag,Y,75,0.544,544,B,B5,,
Socorro County,,New Mexico,NM-20,Optimo Claim,MC0327,,Carretas Canyon Group,,S.K. Neuschel,33.98370,-106.99337,MRDS,10094249,,"Reference Hand Sample(s),Powder,Pebble",Rock Bag,Y,75,0.84,840,B,B5,,
Socorro County,,New Mexico,NM-20,Optimo Claim,MC0328,,Carretas Canyon Group,,S.K. Neuschel,33.98370,-106.99337,MRDS,10094249,,"Reference Hand Sample(s),Powder",Rock Bag,Y,50,0.62,620,B,B5,,
Socorro County,,New Mexico,NM-20,Optimo Claim,MC0330,,Carretas Canyon Group,,S.K. Neuschel,33.98370,-106.99337,MRDS,10094249,,Reference Hand Sample(s),Rock Bag,N,45,0.686,686,B,B5,,
Sierra County,,New Mexico,,Jones-Reiland Claims 1940's,MC0331,,,,S.K. Neuschel,32.83845,-107.25253,MRDS,10008857,,Reference Hand Sample(s),Rock Bag,Y,80,0.402,402,B,B5,,
Grant County,,New Mexico,NM-1,Contact Mine,MC0335,,,,,32.68401,-108.37173,MRDS,10013273,,Reference Hand Sample(s),Rock Bag,N,30,0.788,788,B,B6,,
Socorro County,,New Mexico,,Lucky Strike No.2,MC0346,,"Tower Mine, Luis Lopez District",,,33.98429,-107.00119,MRDS,10199368,,Reference Hand Sample(s),Rock Bag,Y,85,0.988,988,B,B6,,
Socorro County,,New Mexico,,Lucky Strike No.2,MC0347,,"Tower Mine, Luis Lopez District",,,33.98429,-107.00119,MRDS,10199368,,Reference Hand Sample(s),Rock Bag,N,45,2.244,"2,244",B,B6,,
Socorro County,,New Mexico,,Lucky Strike No.2,MC0348,,"Tower Mine, Luis Lopez District",,,33.98429,-107.00119,MRDS,10199368,,"Reference Hand Sample(s),Sand",Rock Bag,Y,45,0.964,964,B,B6,,
Socorro County,,New Mexico,,Lucky Strike No.2,MC0248A,,,,,33.98429,-107.00119,MRDS,10199368,,Reference Hand Sample(s),Rock Bag,N,20,1.05,"1,050",B,B6,,
Socorro County,,New Mexico,,Cliffside Mine,MC0352,,Water Canyon Manganese Mine 1914,,S.K. Neuschel,34.02231,-107.12309,MRDS,10008852,,Reference Hand Sample(s),Paper Bag,Y,40,0.062,62,C,C1,,
Grant County,,New Mexico,,Cliff Roy Mine,MC0353,,,,S.K. Neuschel,32.61402,-108.80953,MRDS,10198876,,Reference Hand Sample(s),Paper Bag,Y,75,1.014,"1,014",C,C1,,
Grant County,,New Mexico,,Cliff Roy Mine,MC0354,,,,S.K. Neuschel,32.61402,-108.80953,MRDS,10198876,,Reference Hand Sample(s),Paper Bag,Y,75,0.468,468,C,C1,,
Grant County,,New Mexico,,Cliff Roy Mine,MC0355,,,,S.K. Neuschel,32.61402,-108.80953,MRDS,10198876,,Reference Hand Sample(s),Paper Bag,N,45,0.47,470,C,C1,,
Grant County,,New Mexico,,Cliff Roy Mine,MC0356,,,,S.K. Neuschel,32.61402,-108.80953,MRDS,10198876,,Reference Hand Sample(s),Paper Bag,Y,90,0.54,540,C,C1,,
Grant County,,New Mexico,,Cliff Roy Mine,MC0357,,,,S.K. Neuschel,32.61402,-108.80953,MRDS,10198876,,Reference Hand Sample(s),Paper Bag,N,30,0.37,370,C,C1,,
Grant County,,New Mexico,,Cliff Roy Mine,MC0358,,,,S.K. Neuschel,32.61402,-108.80953,MRDS,10198876,,Reference Hand Sample(s),Paper Bag,Y,90,0.864,864,C,C1,,
Grant County,,New Mexico,,Cliff Roy Mine,MC0359,,,,S.K. Neuschel,32.61402,-108.80953,MRDS,10198876,,Reference Hand Sample(s),Paper Bag,Y,45,0.49,490,C,C1,,
Grant County,,New Mexico,,Cliff Roy Mine,MC0360,,,,S.K. Neuschel,32.61402,-108.80953,MRDS,10198876,,Reference Hand Sample(s),Paper Bag,Y,80,0.63,630,C,C1,,
Sierra County,,New Mexico,,"Cliff Roy Mine sample collected in Grant County, New Mexico.",MC0362,,Diamond A Manganese Group,,S.K. Neuschel,33.12844,-107.22253,MRDS,10011905,,Reference Hand Sample(s),Paper Bag,Y,75,1.104,"1,104",C,C1,,
Sierra County,,New Mexico,,,MC0363,,Velarde Manganese Group,,S.K. Neuschel,32.76373,-107.14002,MRDS,10097777,,Reference Hand Sample(s),Paper Bag,Y,50,0.512,512,C,C1,,
Dona Ana County,,New Mexico,,Morgan Mine,MC0370,,,,,32.68622,-107.07448,MRDS,10199095,,Reference Hand Sample(s),Paper Bag,N,80,0.056,56,C,C2,,
Luna County,,New Mexico,,Manganese Valley Mine,MC0371,,Little Florida Mountains District,,Jewell J. Glass,32.20346,-107.59198,MRDS,10067834,,Reference Hand Sample(s),Paper Bag,Y,60,0.668,668,C,C2,,
Sierra County,,New Mexico,,Dawson Manganese Claims,MC0376,,"Apache Canyon, New Mexico",,S.K. Neuschel,32.89956,-107.20948,MRDS,10011993,,Reference Hand Sample(s),Paper Bag,Y,70,0.738,738,C,C2,,
Socorro County,,New Mexico,,Ultimo Claim,MC0377,,Carretas Canyon Group,,,33.98370,-106.99337,MRDS,10094249,,Reference Hand Sample(s),Paper Bag,Y,80,0.872,872,C,C2,,
Sierra County,,New Mexico,,,MC0378,,"Apache Canyon, New Mexico",,S.K. Neuschel,32.89956,-107.20948,MRDS,10011993,,Reference Hand Sample(s),Paper Bag,Y,80,3.796,"3,796",,On Dresser A,,
Hidalgo County,,New Mexico,,Hoggett Manganese Deposits,MC0379,,,,S.K. Neuschel,31.74320,-108.70395,MRDS,10008864,,Reference Hand Sample(s),Paper Bag,Y,70,2.064,"2,064",C,C2,,
Hidalgo County,,New Mexico,,Hoggett Manganese Deposits,MC0380,,,,S.K. Neuschel,31.74320,-108.70395,MRDS,10008864,,Reference Hand Sample(s),Paper Bag,Y,40,1.326,"1,326",C,C2,,
Hidalgo County,,New Mexico,,Hoggett Manganese Deposits,MC0381,,,,S.K. Neuschel,31.74320,-108.70395,MRDS,10008864,,Reference Hand Sample(s),Paper Bag,Y,70,0.29,290,C,C3,,
Hidalgo County,,New Mexico,,Hoggett Manganese Deposits,MC0382,,,,S.K. Neuschel,31.74320,-108.70395,MRDS,10008864,,Reference Hand Sample(s),Paper Bag,Y,70,0.21,210,C,C3,,
Hidalgo County,,New Mexico,,Hoggett Manganese Deposits,MC0383,,,,S.K. Neuschel,31.74320,-108.70395,MRDS,10008864,,Reference Hand Sample(s),Paper Bag,Y,75,1.27,"1,270",C,C3,,
Hidalgo County,,New Mexico,,Hoggett Manganese Deposits,MC0384,,,,S.K. Neuschel,31.74320,-108.70395,MRDS,10008864,,Reference Hand Sample(s),Paper Bag,Y,80,0.646,646,C,C3,,
Hidalgo County,,New Mexico,,Hoggett Manganese Deposits,MC0385,,,,S.K. Neuschel,31.74320,-108.70395,MRDS,10008864,,Reference Hand Sample(s),Paper Bag,Y,80,0.196,196,C,C3,,
Hidalgo County,,New Mexico,,Hoggett Manganese Deposits,MC0386,,,,S.K. Neuschel,31.74320,-108.70395,MRDS,10008864,,Reference Hand Sample(s),Paper Bag,Y,70,0.838,838,C,C3,,
Hidalgo County,,New Mexico,,Hoggett Manganese Deposits,MC0387,,,,S.K. Neuschel,31.74320,-108.70395,MRDS,10008864,,Powder,Box,Y,100,0.654,654,C,C3,,
Dona Ana County,,New Mexico,,,MC0390,,Rincon Manganese Group,,S.K. Neuschel,32.68262,-107.06225,MRDS,10012967,,Reference Hand Sample(s),Paper Bag,Y,90,4.032,"4,032",,On Dresser A,,
Campbell County,,Virginia,E-48,Pribble Mine,MC0392,,,,,37.25476,-79.23395,MRDS,10276714,,Reference Hand Sample(s),Rock Bag,Y,80,0.152,152,C,C3,,
Giles County,,Virginia,E-40,Stowe Mine,MC0393,,,,,37.31837,-80.87120,MRDS,10276452,,Reference Hand Sample(s),Rock Bag,Y,90,0.07,70,C,C3,,
Aroostook County,,Maine,E-8,Higgins Farm,MC0398,,,,,46.67664,-68.09322,MRDS,10194694,,Reference Hand Sample(s),Rock Bag,Y,80,0.928,928,C,C3,,
Brule County,,South Dakota,E-1,,MC0399,,Chamberlain Manganese District,,,43.80278,-99.33472,MRDS,10400309,,Reference Hand Sample(s),Rock Bag,N,60,0.74,740,C,C4,,
Grainger County,,Tennessee,E-20,Rutledge Mine,MC0400,,,,,36.25287,-83.48600,MRDS,10084079,,Reference Hand Sample(s),Rock Bag,Y,90,0.41,410,C,C4,,
Aroostook County,,Maine,,Haskell Prospect,MC0409,,,,,46.03884,-67.85182,MRDS,10170150,,Reference Hand Sample(s),Rock Bag,N,80,0.376,376,C,C4,,
Aroostook County,,Maine,,Benn Manganese Prospect,MC0410,,,,,46.06989,-67.88869,MRDS,10306766,,Reference Hand Sample(s),Rock Bag,N,70,0.798,798,C,C4,,
Page County,,Virginia,E-50,Stanley Mine ,MC0411,,,,,38.56004,-78.51055,MRDS,10105492,,Reference Hand Sample(s),Rock Bag,Y,100,1.654,"1,654",C,C4,,
Union Point ,,Georgia,E-13,Hart Mine,MC0416,,Judge John C. Hart held mineral rights in the Georgia Manganese Company.,Reference_18,,33.66403,-82.95626,MRDS,10083794,,Reference Hand Sample(s),Rock Bag,N,60,1.056,"1,056",C,C5,,
Craig County,,Virginia,E-39,Overbeck Mine,MC0417,,,,G.W. Stose,37.47589,-80.11367,MRDS,10084140,,Reference Hand Sample(s),Rock Bag,N,30,0.374,374,C,C5,,
Sevierville ,,Tennessee,E-17,East Fork Mine,MC0428,,,,,35.82820,-83.38428,MRDS,10178797,,Reference Hand Sample(s),Rock Bag,N,40,0.6,600,C,C5,,
Grainger County,,Tennessee,E-16,Rutledge Mine,MC0429,,,,,36.25287,-83.48600,MRDS,10084079,,Reference Hand Sample(s),Rock Bag,Y,85,0.096,96,C,C5,,
Smyth County,,Virginia,E-38,Jerrys Creek Mine,MC0436,,,,,36.72818,-81.58843,MRDS,10300948,,Reference Hand Sample(s),Rock Bag,N,30,0.176,176,D,D1,,
Amelia County,,Virginia,E-4,Morefield Mine,MC0437,,,,,37.36062,-77.91388,MRDS,10084287,,Reference Hand Sample(s),Rock Bag,N,5,0.056,56,D,D1,,
Sevierville ,,Tennessee,E-26,East Fork Mine,MC0439,,,,A. Keith,35.82820,-83.38428,MRDS,10178797,,Reference Hand Sample(s),Rock Bag,N,65,0.834,834,D,D1,,
Allehhany County,,North Carolina,E-35,Bald Knob Deposit,MC0441,,,,Jewell J. Glass,36.53898,-81.08231,MRDS,10150753,,Reference Hand Sample(s),Rock Bag,N,70,1.198,"1,198",D,D1,,
Franklin County,,Massachusetts,E-56,Hawley Mine,MC0446,,,,,42.59998,-72.92452,MRDS,10083577,,Core Sample(s),Rock Bag,Y,80,0.21,210,D,D1,,
Franklin County,,Massachusetts,E-56,Hawley Mine,MC0447,,,,,42.59998,-72.92452,MRDS,10083577,,Reference Hand Sample(s),Rock Bag,Y,60,2.222,"2,222",D,D1,,
Hampshire County,,Massachusetts,E-56,Betts Manganese Mines,MC0449,,,,Jewell J. Glass,42.49526,-72.94731,MRDS,10067329,,Reference Hand Sample(s),Rock Bag,Y,75,3.41,"3,410",D,D2,,
Page County,,Virginia,E-33,Stanley Mine,MC0451,,,,,38.56004,-78.51055,MRDS,10105492,,Reference Hand Sample(s),Rock Bag,Y,100,2.732,"2,732",D,On Dresser A,,
Coal County,,Oklahoma,,Moseley Creek No.4,MC0453,,,,,34.47432,-96.48418,MRDS,10127562,,Reference Hand Sample(s),Paper Bag,N,55,0.156,156,D,D2,,
Coal County,,Oklahoma,,Moseley Creek No.4,MC0454,,,,,34.47432,-96.48418,MRDS,10127562,,Reference Hand Sample(s),Paper Bag,Y,50,0.436,436,D,D2,,
Coal County,,Oklahoma,,Moseley Creek No.1,MC0456,,,,,34.43702,-96.47638,MRDS,10135629,,Reference Hand Sample(s),Paper Bag,Y,70,0.192,192,D,D2,,
Coal County,,Oklahoma,,Moseley Creek No.4,MC0457,,,,,34.47432,-96.48418,MRDS,10127562,,Reference Hand Sample(s),Paper Bag,N,60,0.344,344,D,D2,,
Coal County,,Oklahoma,SE-17,Moseley Creek No.2,MC0458,,,,,34.45982,-96.48338,MRDS,10151507,,Reference Hand Sample(s),Rock Bag,Y,80,0.124,124,D,D2,,
Izard County,,Arkansas,SE-4,Woodpecker Hollow Mine,MC0461,,,,,35.93839,-91.87265,MRDS,10235862,,Reference Hand Sample(s),Rock Bag,N,30,0.192,192,D,D2,,
Independence County,,Arkansas,SE-9,Manganese Cave Mine,MC0464,,,,,35.86869,-91.83935,MRDS,10284115,,"Reference Hand Sample(s),Pebble",Rock Bag,N,70,0.498,498,D,D2,,
Iron County,,Missouri,SE-22,Cuthbertson Mountain Mine,MC0465,,,,,37.53087,-90.64181,MRDS,10171215,,Reference Hand Sample(s),Rock Bag,Y,55,0.99,990,D,D3,,
Independence County,,Arkansas,,Miller-Rinehart Mine,MC0468,,,,,35.82540,-91.65514,MRDS,10187448,,Reference Hand Sample(s),Rock Bag,Y,60,1.116,"1,116",D,D3,,
Batesville,,Arkansas,SE-12,Clubhouse Mine,MC0469,,,,,35.87429,-91.75954,MRDS,10235378,,"Reference Hand Sample(s),Powder",Rock Bag,Y,75,1.392,"1,392",D,D3,,
Independence County,,Arkansas,SE-10,Hankins Hollow Mine,MC0473,,,,,35.88119,-91.82705,MRDS,10138685,,"Reference Hand Sample(s),Powder",Rock Bag,Y,70,0.466,466,D,D3,,
Independence County,,Arkansas,SE-3,Hankins Hollow Mine,MC0474,,,,,35.88119,-91.82705,MRDS,10138685,,Reference Hand Sample(s),Rock Bag,Y,75,1.656,"1,656",D,D3,,
Independence County,,Arkansas,SE-13,A.R. Chinn Prospect,MC0475,,"Cave Creek, Arkansas is noted on sample.",,,35.83950,-91.63824,MRDS,10162559,,Reference Hand Sample(s),Rock Bag,Y,80,1.19,"1,190",D,D3,,
Cañitas,,Zacatecas,M-30,Manganita Mine,MC0479,,,Reference_27,Parker D. Trask,23.61666,-102.33333,NCAT,,,Reference Hand Sample(s),Rock Bag,Y,90,0.18,180,D,D4,,
Tayoltita,,Durango,M-8,San Luis Mine,MC0480,,,,,24.09571,-105.90581,MRDS,10142640,,Reference Hand Sample(s),Rock Bag,Y,50,0.074,74,D,D4,,
Hidalgo del Parral,,Chihuahua,M-11,San Antonio Mine,MC0481,,"Talamantes District near Parral, Chihuahua, Mexico",,Ivan F. Wilson,26.91698,-105.45051,MRDS,10098771,,Reference Hand Sample(s),Rock Bag,Y,75,0.732,732,D,D4,,
Hidalgo del Parral,,Chihuahua,,,MC0486,,Parral Mine District,,,26.90031,-105.63384,MRDS,10105923,,Reference Hand Sample(s),Plastic Bag,Y,70,0.566,566,D,D4,,
Hidalgo del Parral,,Chihuahua,M-32,Mina La Venganza,MC0492,,,,,29.69910,-106.79389,MRDS,10104183,,"Reference Hand Sample(s),Powder,Sand",Rock Bag,Y,80,0.606,606,D,D4,,
Molango,,Hidalgo,M-13,Acoxcatlan Deposit,MC0493,,Manganese ore from the Tamάn Formation.,,,20.83386,-98.733610,MRDS,60001850,,Reference Hand Sample(s),Rock Bag,Y,75,0.54,540,D,D4,,
Mulegé ,,Baha California Sur,M-28-1,Lucifer Mine,MC0494,,,,Ivan F. Wilson,27.35970,-112.38736,MRDS,10048947,,"Reference Hand Sample(s),Powder",Rock Bag,Y,90,0.526,526,D,D5,,
Mulegé ,,Baha California Sur,M-28-11,Lucifer Mine,MC0495,,,,,27.35970,-112.38736,MRDS,10048947,,Reference Hand Sample(s),Rock Bag,Y,90,1.006,"1,006",D,D5,,
Mulegé ,,Baha California Sur,M-28-3,Lucifer Mine,MC0496,,,,,27.35970,-112.38736,MRDS,10048947,,"Reference Hand Sample(s),Powder",Rock Bag,Y,90,0.404,404,D,D5,,
Mulegé ,,Baha California Sur,M-28-5,Lucifer Mine,MC0497,,,,,27.35970,-112.38736,MRDS,10048947,,Reference Hand Sample(s),Rock Bag,Y,80,0.576,576,D,D5,,
Mulegé ,,Baha California Sur,M-28-2,Lucifer Mine,MC0498,,,,,27.35970,-112.38736,MRDS,10048947,,Reference Hand Sample(s),Rock Bag,Y,85,0.262,262,D,D5,,
Mulegé ,,Baha California Sur,M-28-6,Lucifer Mine,MC0499,,,,Ivan F. Wilson,27.35970,-112.38736,MRDS,10048947,,"Reference Hand Sample(s),Powder",Rock Bag,Y,75,0.578,578,D,D5,,
Inyo County,,California,Cal-9,,MC0500,,"Ore from mouth of Wingate Wash, Death Valley, California",,,35.91666,-116.76755,MRDS,10072418,,Reference Hand Sample(s),Rock Bag,Y,55,0.26,260,D,D5,,
Buenaventura,,Chihuahua,M-33,,MC0503,,Cotera La Zona De Minas,,,29.71965,-106.77278,MRDS,10050589,,Reference Hand Sample(s),Rock Bag,Y,40,0.162,162,D,D5,,
Tayoltita,,Durango,M-7,Calebra Mine,MC0505,,,,,24.10041,-105.93384,MRDS,10084804,,Reference Hand Sample(s),Rock Bag,N,30,0.114,114,D,D5,,
Hidalgo del Parral,,Chihuahua,M-30,Telamantes Mine,MC0506,,,,,26.91698,-105.45051,MRDS,10098771,,Reference Hand Sample(s),Rock Bag,N,45,0.762,762,D,D5,,
Santo Domingo,,San Luis Potosi,M-18,Montaña de Manganeso Mine,MC0508,,"Noted as ""4 km southwest of Santo Domingo Village.""-P.D. Trask",Reference_28,Parker D. Trask,23.33333,-101.80001,NCAT,,,Reference Hand Sample(s),Rock Bag,Y,80,0.016,16,D,D5,,
Hidalgo del Parral,,Chihuahua,,San Antonio Mine,MC0511,,"Talamantes District near Parral, Chihuahua, Mexico",,Ivan F. Wilson,26.91698,-105.45051,MRDS,10098771,,Reference Hand Sample(s),Rock Bag,Y,85,1.51,"1,510",D,D6,,
Hidalgo del Parral,,Chihuahua,,San Antonio Mine,MC0512,,"Talamantes District near Parral, Chihuahua, Mexico",,Ivan F. Wilson,26.91698,-105.45051,MRDS,10098771,,Reference Hand Sample(s),Rock Bag,N,15,0.81,810,D,D6,,
Tehama County,,California,Cal-156,Anti-Mussilini Lode,MC0514,,Manganese Peak Group,,Ivan F. Wilson,39.83930,-122.67303,MRDS,10095206,,Reference Hand Sample(s),Rock Bag,Y,75,0.664,664,D,D6,,
Tehama County,,California,Cal-157,Anti-Hitler Lode,MC0515,,Manganese Peak Group,,Ivan F. Wilson,39.83930,-122.67303,MRDS,10095206,,Reference Hand Sample(s),Rock Bag,Y,60,0.35,350,D,D6,,
Nevada County,,California,Cal-152,Paine Bros. Mine,MC0516,,,,,39.33461,-120.95659,MRDS,10101300,,Reference Hand Sample(s),Rock Bag,Y,65,0.676,676,D,D6,,
Los Angeles County,,California,Cal-93,Black Brothers Mine,MC0517,,Llewellyn Iron Mine is noted on samples.,,,34.58279,-118.18729,MRDS,10095173,,Reference Hand Sample(s),Rock Bag,Y,55,0.632,632,D,D6,,
Mono County,,California,Cal-97,Mono Manganese No.7 Prospect,MC0519,,Wade Mine is noted on samples.,,,38.15382,-119.16657,MRDS,10211847,,Reference Hand Sample(s),Rock Bag,Y,80,0.378,378,D,D6,,
Calaveras County,,California,Cal-86,Soapstone Mine,MC0520,,Staples Mine is noted on samples.,,,38.19685,-120.47462,MRDS,10029478,,Reference Hand Sample(s),Rock Bag,Y,75,0.5,500,D,D6,,
Calaveras County,,California,Cal-84,Carley Prospect,MC0521,,,,,38.12408,-120.49017,MRDS,10029050,,Reference Hand Sample(s),Rock Bag,Y,65,0.344,344,D,D6,,
Nevada County,,California,Cal-164,Smith Mine,MC0523,,,,,39.02156,-121.10492,MRDS,10031697,,"Reference Hand Sample(s),Sand,Pebble",Rock Bag,Y,60,1.806,"1,806",E,E1,,
Shasta County,,California,Cal-155,Blackies Hill Claims,MC0524,,,,Ivan F. Wilson,40.45291,-122.73277,MRDS,10109393,,Reference Hand Sample(s),Rock Bag,Y,65,0.962,962,E,E1,,
Kern County,,California,Cal-94,Cuddy Canyon Prospect,MC0525,,Snowy Mine is noted on samples.,,,34.81939,-118.98562,MRDS,10260632,,Reference Hand Sample(s),Rock Bag,Y,75,1.034,"1,034",E,E1,,
Kern County,,California,Cal-92,O.K. Claim,MC0526,,,,,35.63859,-118.31870,MRDS,10033481,,Reference Hand Sample(s),Rock Bag,Y,60,0.904,904,E,E1,,
Tuolumne County,,California,Cal-83,Wonder Mine,MC0527,,,,,37.78992,-120.18738,MRDS,10111217,,Reference Hand Sample(s),Rock Bag,Y,70,1.104,"1,104",E,E1,,
San Bernardino County,,California,Cal-99,Logan Mine,MC0528,,South flank of Cady Mountains.,,,34.83945,-116.36114,MRDS,10033536,,Reference Hand Sample(s),Rock Bag,Y,80,1.43,"1,430",E,E1,,
Los Angeles County,,California,Cal-90,Red Feather Claim,MC0529,,La Frentz Shaft is noted on Specimens.,,,34.59891,-118.21670,MRDS,10163867,,Reference Hand Sample(s),Rock Bag,Y,80,0.972,972,E,E1,,
Inyo County,,California,Cal-158,War Baby Prospect,MC0532,,Wingate Wash is noted on samples.,,,35.82849,-116.87025,MRDS,10095171,,Reference Hand Sample(s),Rock Bag,Y,85,1.236,"1,236",E,E1,,
Riverside County,,California,Cal-21,Glory Hole Mine,MC0534,,,,,33.81695,-114.92771,MRDS,10188641,,Reference Hand Sample(s),Rock Bag,Y,75,1.558,"1,558",E,E2,,
Riverside County,,California,Cal-20,Arlington Mine,MC0535,,,,,33.81695,-114.92771,MRDS,10188641,,Reference Hand Sample(s),Rock Bag,Y,65,1.878,"1,878",E,E2,,
Inyo County,,California,Cal-163,,MC0537,,Furnace Creek Borate Project,,J.F. McAllister,36.33328,-116.61758,MRDS,60000491,,Reference Hand Sample(s),Rock Bag,N,30,0.424,424,E,E2,,
Mono County,,California,Cal-96,Black Horse Claim,MC0538,,,,,38.38602,-119.25127,MRDS,10236793,,Reference Hand Sample(s),Rock Bag,Y,70,1.594,"1,594",E,E2,,
Calaveras County,,California,Cal-87,Fortner Ranch Prospect,MC0539,,,,,38.22574,-120.66407,MRDS,10028845,,Reference Hand Sample(s),Rock Bag,Y,70,0.77,770,E,E2,,
El Dorado County,,California,Cal-146,Martinez Gold Mine,MC0540,,,,,38.63389,-120.82548,MRDS,10029874,,Reference Hand Sample(s),Rock Bag,N,35,0.26,260,E,E2,,
Siskiyou County,,California,Cal-135,Callahan Mine,MC0541,,,,,41.31262,-122.80168,MRDS,10038048,,Reference Hand Sample(s),Rock Bag,Y,80,0.256,256,E,E2,,
Placer County,,California,Cal-133,Lloyd Mine,MC0542,,,,,39.04350,-120.98547,MRDS,10097036,,Reference Hand Sample(s),Rock Bag,Y,75,0.512,512,E,E2,,
Nevada County,,California,Cal-150,Ryan Prospect,MC0543,,,,,39.16267,-120.92409,MRDS,10109284,,Reference Hand Sample(s),Rock Bag,Y,85,0.992,992,E,E2,,
Mariposa County,,California,Cal-76,Robie Prospect,MC0544,,,,,37.69742,-120.29019,MRDS,10115011,,Reference Hand Sample(s),Rock Bag,Y,70,0.42,420,E,E2,,
San Bernardino County,,California,Cal-23,Owl Holes Deposit,MC0545,,,,,35.64888,-116.69809,MRDS,10036243,,Reference Hand Sample(s),Rock Bag,Y,65,0.106,106,E,E3,,
Imperial County,,California,Cal-24,Lugo Claims,MC0546,,,,,33.34896,-114.82910,MRDS,10235981,,Reference Hand Sample(s),Rock Bag,Y,90,0.26,260,E,E3,,
Mariposa County,,California,Cal-75,El Portal Deposit,MC0547,,Strickland is noted on samples.,,,37.6075,-119.8925,MRDS,10031240,,Reference Hand Sample(s),Rock Bag,Y,60,0.22,220,E,E3,,
Butte County,,California,Cal-151,Powell Prospect,MC0550,,Clipper Mills Mining District,,,39.54928,-121.15854,MRDS,10231506,,Reference Hand Sample(s),Rock Bag,Y,65,0.366,366,E,E3,,
Glenn County,,California,Cal-125,K.B. No.1 Claim,MC0551,,,,Ivan F. Wilson,39.45472,-122.60833,MRDS,10097019,,Reference Hand Sample(s),Rock Bag,N,45,0.532,532,E,E3,,
Mendocino County,,California,Cal-129,Brereton Mine,MC0555,,,,Ivan F. Wilson,38.81430,-123.11693,MRDS,10031323,,Reference Hand Sample(s),Rock Bag,Y,60,0.474,474,E,E3,,
Calaveras County,,California,Cal-137,Big Little Bear Mine,MC0556,,,,,38.10491,-120.72851,MRDS,10097012,,Reference Hand Sample(s),Rock Bag,N,40,0.23,230,E,E3,,
Amador County,,California,Cal-139,Eagle's Head Mine,MC0557,,,,,38.49160,-120.65991,MRDS,10283976,,Reference Hand Sample(s),Rock Bag,N,35,0.094,94,E,E3,,
Placer County,,California,Cal-132,Randel Claim No.1,MC0558,,,,,39.04239,-120.87853,MRDS,10109378,,Reference Hand Sample(s),Rock Bag,Y,70,0.6,600,E,E3,,
Amador County,,California,Cal-136,Stirnaman Mine,MC0559,,,,,38.44600,-120.60601,MRDS,10138262,,Reference Hand Sample(s),Rock Bag,Y,75,0.326,326,E,E3,,
El Dorado County,,California,Cal-147,David Prospect,MC0560,,,,,38.90545,-120.85547,MRDS,10030033,,Reference Hand Sample(s),Rock Bag,Y,55,0.362,362,E,E3,,
Mariposa County,,California,Cal-138,Gale Prospect,MC0561,,,,,37.69798,-120.26155,MRDS,10097025,,Reference Hand Sample(s),Rock Bag,N,35,1.21,"1,210",E,E4,,
Amador County,,California,Cal-142,Du Frene,MC0563,,,,,38.34184,-120.86769,MRDS,10097002,,Reference Hand Sample(s),Rock Bag,N,45,1.252,"1,252",E,E4,,
Amador County,,California,Cal-141,Peyton Prospect,MC0565,,,,,38.41351,-120.62768,MRDS,10028334,,Reference Hand Sample(s),Rock Bag,Y,80,0.99,990,E,E4,,
Amador County,,California,Cal-144,Big Gulch Claim,MC0566,,,,,38.49300,-120.66431,MRDS,10235590,,Reference Hand Sample(s),Rock Bag,Y,80,1,"1,000",E,E4,,
Mendocino County,,California,Cal-124,Thatcher Creek Mine,MC0567,,,,,39.66819,-123.04943,MRDS,10031316,,Reference Hand Sample(s),Rock Bag,Y,65,0.278,278,E,E4,,
Mendocino County,,California,Cal-130,Spy Rock Prospect,MC0568,,,,Ivan F. Wilson,39.83902,-123.50361,MRDS,10031371,,Reference Hand Sample(s),Rock Bag,Y,85,0.694,694,E,E4,,
Calaveras County,,California,Cal-82,Big Little Bear Mine,MC0569,,Maxwell is noted on samples.,,,38.10491,-120.72851,MRDS,10097012,,Reference Hand Sample(s),Rock Bag,Y,70,0.826,826,E,E4,,
Santa Clara County,,California,Cal-66,Jones Group,MC0571,,,,,37.38853,-121.41713,MRDS,10111040,,Reference Hand Sample(s),Rock Bag,Y,85,0.766,766,E,E4,,
Inyo County,,California,Cal-26,,MC0573,," Keane (Keene) Wonder Hot Springs, Inyo county, California",,R.C. Erd,36.68191,-116.90061,MRDS,10086466,,"Reference Hand Sample(s),Powder",Rock Bag,Y,50,0.284,284,E,E4,,
Glenn County,,California,Cal-126,Hummingbird Claim,MC0574,,,,Ivan F. Wilson,39.63681,-122.61108,MRDS,10030503,,Reference Hand Sample(s),Rock Bag,Y,60,0.852,852,E,E5,,
Inyo County,,California,Cal-11,April Fool Claim,MC0575,,,,,35.88059,-116.76868,MRDS,10188212,,"Reference Hand Sample(s),Powder",Rock Bag,Y,55,0.936,936,E,E5,,
Glenn County,,California,Cal-128,B.S. No. 1,MC0576,,,,Ivan F. Wilson,36.64404,-122.73303,MRDS,10030505,,Reference Hand Sample(s),Rock Bag,Y,70,0.956,956,E,E5,,
Mariposa County,,California,Cal-81,Caldwell Mine,MC0578,,,,,37.68022,-120.28629,MRDS,10188131,,Reference Hand Sample(s),Rock Bag,Y,65,1.192,"1,192",E,E5,,
Tuolumne County,,California,Cal-80,Hughes Mine,MC0579,,,,,37.76048,-120.34322,MRDS,10077861,,Reference Hand Sample(s),Rock Bag,Y,85,0.99,990,E,E5,,
Madera County,,California,Cal-77,Stewart and Nuss Prospect,MC0580,,,,,37.26771,-119.63708,MRDS,10033492,,Reference Hand Sample(s),Rock Bag,N,30,0.296,296,E,E5,,
San Luis Obispo County ,,California,Cal-59,Ricioli Prospect,MC0581,,,,,35.51135,-120.98487,MRDS,10033569,,Reference Hand Sample(s),Rock Bag,Y,75,0.244,244,E,E5,,
Tulare County,,California,Cal-78,Barbour Prospect,MC0583,,,,,36.22385,-118.83316,MRDS,10033734,,Reference Hand Sample(s),Rock Bag,Y,50,0.358,358,E,E5,,
Siskiyou County,,California,Cal-67,Callahan Mine,MC0584,,,,,41.31262,-122.80168,MRDS,10038048,,Reference Hand Sample(s),Rock Bag,Y,75,0.592,592,E,E5,,
San Joaquin ,,California,Cal-60,Ladd Mine,MC0585,,,,D.F. Hewett,37.60658,-121.49685,MRDS,10033551,,Reference Hand Sample(s),Rock Bag,Y,60,0.368,368,E,E5,,
Humboldt County,,California,Cal-32,Queens Peak Mine,MC0587,,Queens Peak Manganese Company,,,40.06902,-124.04557,MRDS,10030514,,Reference Hand Sample(s),Rock Bag,Y,75,0.342,342,E,E5,,
Inyo County,,California,Cal-2,Confidence Hills Deposit,MC0588,,,,,35.87388,-116.45254,MRDS,10036099,,Reference Hand Sample(s),Rock Bag,N,20,0.332,332,E,E6,,
Siskiyou County,,California,Cal-29,National Defense Claim,MC0589,,National Defense Claim No. 1 and 2,,, 41.32817,-123.01195,MRDS,10095197,,Reference Hand Sample(s),Rock Bag,Y,50,1.082,"1,082",E,E6,,
Trinity County,,California,Cal-48,Trout Creek,MC0590,,Trout Creek No. 1 deposit located in Mad River hydrologic unit. ,,,40.12095,-123.22611,MRDS,10190416,,"Reference Hand Sample(s),Powder,Sand",Rock Bag,Y,65,1.284,"1,284",E,E6,,
Trinity County,,California,Cal-48,Trout Creek,MC0591,,Trout Creek No. 1 deposit located in Mad River hydrologic unit. ,,,40.12095,-123.22611,MRDS,10190416,,Reference Hand Sample(s),Rock Bag,Y,75,2.08,"2,080",E,E6,,
San Bernardino County,,California,Cal-101,Big Reef Mine,MC0592,,,,,34.80421,-116.34195,MRDS,10116066,,"Reference Hand Sample(s),Powder,Sand",Rock Bag,Y,85,1.526,"1,526",E,E6,,
San Bernardino County,,California,Cal-101,Big Reef Mine,MC0593,,,,,34.80421,-116.34195,MRDS,10116066,,Reference Hand Sample(s),Rock Bag,Y,85,2.322,"2,322",E,E6,,
San Bernardino County,,California,Cal-16,Lee Yim,MC0594,,,,,34.76058,-116.22807,MRDS,10109383,,"Reference Hand Sample(s),Powder,Sand",Rock Bag,Y,60,1.738,"1,738",E,E6,,
San Bernardino County,,California,Cal-16,Lee Yim,MC0595,,,,,34.76058,-116.22807,MRDS,10109383,,Reference Hand Sample(s),Rock Bag,N,20,1.12,"1,120",E,E6,,
San Bernardino County,,California,Cal-16,Lee Yim,MC0596,,,,,34.76058,-116.22807,MRDS,10109383,,Reference Hand Sample(s),Rock Bag,N,25,1.488,"1,488",E,E6,,
San Bernardino County,,California,Cal-100,Lee Yim,MC0597,,,,,34.76058,-116.22807,MRDS,10109383,,"Reference Hand Sample(s),Powder",Rock Bag,Y,70,1.295,"1,295",E,E6,,
Humboldt County,,California,Cal-35,Charles Mountain Mine,MC0598,,,,M.D. Crittenden,40.39845,-123.69223,MRDS,10030547,,Reference Hand Sample(s),Rock Bag,N,40,0.922,922,E,E7,,
Humboldt County,,California,Cal-35,Charles Mountain Mine,MC0599,,,,,40.39845,-123.69223,MRDS,10030547,,Reference Hand Sample(s),Rock Bag,N,45,1.104,"1,104",E,E7,,
Mendocino County,,California,Cal-46,Foster Mountain Mine,MC0601,,,,,39.44069,-123.17831,MRDS,10031344,,Reference Hand Sample(s),Rock Bag,Y,60,0.932,932,E,E7,,
Trinity County,,California,Cal-38,Bonanza Manganese Claims,MC0603,,,,M.D. Crittenden,40.21624 ,-123.20444,MRDS,10033677,,Reference Hand Sample(s),Rock Bag,N,25,0.58,580,E,E7,,
Humboldt County,,California,Cal-64,Fort Seward Mine,MC0605,,,,M.D. Crittenden,40.20455,-123.70552,MRDS,10212168,,Reference Hand Sample(s),Rock Bag,N,40,2.192,"2,192",E,E7,,
Riverside County,,California,Cal-12,Elsinore Manganese Deposits,MC0609,,,,Ivan F. Wilson,33.72447,-117.25809,MRDS,10033518,,Reference Hand Sample(s),Rock Bag,Y,75,0.792,792,F,F1,,
Trinity County,,California,Cal-39,Lucky Sunday Mine,MC0610,,,,M.D. Crittenden,40.15374,-123.23778,MRDS,10033701,,Reference Hand Sample(s),Rock Bag,N,35,0.436,436,F,F1,,
Mendocino County,,California,Cal-127,Young Mine,MC0611,,,,,39.47042,-123.31027,MRDS,10031357,,Reference Hand Sample(s),Rock Bag,Y,55,0.568,568,F,F1,,
Trinity County,,California,Cal-31,Blue Jay Mine,MC0612,,,,M.D. Crittenden,40.11235,-123.24611,MRDS,10214554,,Reference Hand Sample(s),Rock Bag,N,20,0.71,710,F,F1,,
San Bernardino County,,California,Cal-104,Orchard Mine,MC0613,,,,,34.36198,-114.24329,MRDS,10033540,,Reference Hand Sample(s),Rock Bag,Y,60,0.746,746,F,F1,,
Riverside County,,California,Cal-14,Langdon Deposit,MC0614,,,,,33.84199,-114.80108,MRDS,10033519,,"Reference Hand Sample(s),Powder",Rock Bag,N,25,0.92,920,F,F1,,
San Bernardino County,,California,Cal-1,,MC0618,,"Manix Lake, California",,Allen Bassett,41.3049302,-123.8671372,Earth Point©,,"Northeast Section 31,T11N,R3E",Reference Hand Sample(s),Rock Bag,Y,50,0.204,204,F,F1,,
San Diego County,,California,Cal-89,Sherry Ann Prospect,MC0619,,Jacumba Manganese Group includes the Sherry Ann manganese deposit.,Reference_31,,32.62507,-116.20913,MRDS,10238225,,Reference Hand Sample(s),Rock Bag,N,45,0.206,206,F,F1,,
Marin County,,California,Cal-53,Knutte Deposit,MC0620,,,,,38.09267,-122.57106,MRDS,10109229,,Reference Hand Sample(s),Rock Bag,Y,85,0.112,112,F,F1,,
Inyo County,,California,Cal-22,Lillie Mine,MC0621,,,,,35.80558,-117.28809,MRDS,10139606,,Reference Hand Sample(s),Rock Bag,Y,75,1.026,"1,026",F,F1,,
Riverside County,,California,Cal-13,Langdon Deposit,MC0622,,,,,33.84199,-114.80108,MRDS,10033519,,Reference Hand Sample(s),Rock Bag,N,10,1.692,"1,692",F,F2,,
San Bernardino,,California,Cal-102,Stewart Mine,MC0623,,,,,34.38334,-114.36600,MRDS,10285920,,Reference Hand Sample(s),Rock Bag,Y,80,1.45,"1,450",F,F2,,
San Bernardino,,California,Cal-105,Monument King Mine,MC0624,,,,,34.29310,-114.29773,MRDS,10033537,,"Reference Hand Sample(s),Powder",Rock Bag,Y,75,0.796,796,F,F2,,
Trinity County,,California,Cal-49,Double A Mine,MC0625,,,,M.D. Crittenden,40.20675,-123.27551,MRDS,10263508,,Reference Hand Sample(s),Rock Bag,Y,60,0.972,972,F,F2,,
Trinity County,,California,Cal-49,Double A Mine,MC0627,,,,M.D. Crittenden,40.20675,-123.27551,MRDS,10263508,,Reference Hand Sample(s),Rock Bag,N,20,0.238,238,F,F2,,
Plumas County,,California,Cal-65,Braito Mine,MC0630,,,,,40.07876,-120.95272,MRDS,10072360,,Reference Hand Sample(s),Rock Bag,Y,65,2.106,"2,106",F,F2,,
Plumas County,,California,Cal-65,Braito Mine,MC0631,,,,,40.07876,-120.95272,MRDS,10072360,,Reference Hand Sample(s),Rock Bag,N,30,1.082,"1,082",F,F2,,
Plumas County,,California,Cal-65,Braito Mine,MC0632,,,,,40.07876,-120.95272,MRDS,10072360,,Reference Hand Sample(s),Rock Bag,N,45,1.33,"1,330",F,F2,,
Stanislaus County,,California,Cal-62,Buckeye Mine,MC0635,,,,,37.52714,-121.39546,MRDS,10033644,,Reference Hand Sample(s),Rock Bag,N,15,2.622,"2,622",F,F3,,
Stanislaus County,,California,Cal-50,Buckeye Mine,MC0636,,,,,37.52714,-121.39546,MRDS,10033644,,Reference Hand Sample(s),Rock Bag,N,35,1.084,"1,084",F,F3,,
Stanislaus County,,California,Cal-62,Buckeye Mine,MC0638,,,,,37.52714,-121.39546,MRDS,10033644,,Reference Hand Sample(s),Rock Bag,Y,60,1.056,"1,056",F,F3,,
Stanislaus County,,California,Cal-62,Buckeye Mine,MC0639,,,,,37.52714,-121.39546,MRDS,10033644,,"Reference Hand Sample(s),Powder",Rock Bag,Y,70,1.376,"1,376",F,F3,,
Trinity County,,California,Cal-34,Hale Creek Mine,MC0641,,,,M.D. Crittenden,40.36596,-123.46862,MRDS,10109405,,Reference Hand Sample(s),Rock Bag,N,25,0.95,950,F,F3,,
Trinity County,,California,Cal-34,Hale Creek Mine,MC0642,,,,,40.36596,-123.46862,MRDS,10109405,,Reference Hand Sample(s),Rock Bag,N,30,1.038,"1,038",F,F3,,
Trinity County,,California,Cal-34,Hale Creek Mine,MC0643,,,,M.D. Crittenden,40.36596,-123.46862,MRDS,10109405,,Reference Hand Sample(s),Rock Bag,N,45,1.468,"1,468",F,F3,,
Inyo County,,California,Cal-22,Lillie Mine,MC0644,,,,,35.80558,-117.28809,MRDS,10139606,,Reference Hand Sample(s),Rock Bag,Y,70,1.278,"1,278",F,F3,,
Trinity County,,California,Cal-33,Blue Jay Mine,MC0645,,,,M.D. Crittenden,40.11235,-123.24611,MRDS,10214554,,Reference Hand Sample(s),Rock Bag,Y,55,1.548,"1,548",F,F4,,
Trinity County,,California,Cal-33,Blue Jay Mine,MC0647,,,,M.D. Crittenden,40.11235,-123.24611,MRDS,10214554,,Reference Hand Sample(s),Rock Bag,Y,50,0.774,774,F,F4,,
Mariposa County,,California,Cal-25,Caldwell Mine,MC0649,,,,,37.68075,-120.28127,MRDS,10030814,,Reference Hand Sample(s),Rock Bag,Y,60,1.892,"1,892",F,F4,,
Mariposa County,,California,Cal-25,Caldwell Mine,MC0651,,,,,37.68075,-120.28127,MRDS,10030814,,Reference Hand Sample(s),Rock Bag,N,40,0.628,628,F,F4,,
Lunenburg County,Nova Scotia,,C-11,New Ross Manganese Mine,MC0654,,,Reference_10,D.G. Bishop,44.85128,-64.44418,NCAT,,,"Reference Hand Sample(s),Powder",Rock Bag,Y,70,0.28,280,F,F4,,
Colchester County,Nova Scotia,,C-5,,MC0656,,"Black Rock community in Truro, Colchester County, Nova Scotia, Canada",Reference_6,,45.31654,-63.47751,NCAT,,,Reference Hand Sample(s),Rock Bag,Y,65,0.87,870,F,F4,,
Hants County,Nova Scotia,,C-18,Magnet Cove,MC0661,,,Reference_10,,45.20655,-64.04202,NCAT,,,"Reference Hand Sample(s),Powder,Pebble",Rock Bag,Y,80,1.296,"1,296",F,F5,,
Haida Gwaii,British Columbia,,C-3,Shag Rock Deposit,MC0663,,"Queen Charlotte, Victoria, British Columbia",Reference_19,I.M. Sherwin,54.14666,-132.65836,NCAT,,,"Reference Hand Sample(s),Powder,Pebble",Rock Bag,N,45,1.054,"1,054",F,F5,,
Haida Gwaii,British Columbia,,C-3,Shag Rock Deposit,MC0664,,"Queen Charlotte, Victoria, British Columbia",Reference_19,I.M. Sherwin,54.14666,-132.65836,NCAT,,,Reference Hand Sample(s),Rock Bag,Y,70,0.836,836,F,F5,,
Lunenburg County,Nova Scotia,,C-15,New Ross Manganese Mine,MC0666,,Ore from Marpic Shaft in New Ross Mine.,Reference_10,,44.85128,-64.44418,NCAT,,,Reference Hand Sample(s),Rock Bag,Y,50,1.388,"1,388",F,F5,,
Lunenburg County,Nova Scotia,,C-15,New Ross Manganese Mine,MC0667,,Ore from Marpic Shaft in New Ross Mine.,Reference_10,,44.85128,-64.44418,NCAT,,,"Reference Hand Sample(s),Powder,Sand",Rock Bag,Y,75,1.236,"1,236",F,F5,,
Halifax County,Nova Scotia,,C-6,Lake Charlotte,MC0669,,,Reference_8,,44.76957,-62.92312,NCAT,,,"Reference Hand Sample(s),Powder",Rock Bag,Y,90,0.154,154,F,F6,,
White Pine County,,Nevada,LU-3,Siegal Mine,MC0676,,,,,39.72882,-114.60892,MRDS,10037249,,Reference Hand Sample(s),Rock Bag,Y,60,2.578,"2,578",F,F6,,
White Pine County,,Nevada,LU-3,Siegal Mine,MC0677,,,,,39.72882,-114.60892,MRDS,10037249,,Reference Hand Sample(s),Rock Bag,Y,55,0.236,236,F,F6,,
Mariposa County,,California,Cal-25,Caldwell Mine,MC0679,,,,,37.68075,-120.28127,MRDS,10030814,,Reference Hand Sample(s),Rock Bag,Y,55,3.176,"3,176",F,F6,,
Mariposa County,,California,Cal-25,Caldwell Mine,MC0680,,,,,37.68075,-120.28127,MRDS,10030814,,"Reference Hand Sample(s),Powder",Rock Bag,Y,55,0.626,626,F,F6,,
Argentina,Salta,,SA-10,Ochaqui Mine,MC0682,,,,,-24.94527,-66.83084,MRDS,10005282,,Reference Hand Sample(s),Rock Bag,Y,60,0.822,822,F,F6,,
Argentina,Cordoba,,SA-41,Piedra Pintada,MC0685,,Piedra Pintada is a maganese deposit in the Ambargasta formation.,,,-29.44744,-64.03265,MRDS,60001312,,"Reference Hand Sample(s),Powder,Pebble",Rock Bag,Y,80,1.09,"1,090",G,G1,,
Argentina,Santiago Del Estero,,SA-4,"""La Santiagueña""",MC0687,,,,,-29.44744,-64.03265,MRDS,60001312,,"Reference Hand Sample(s),Powder",Rock Bag,Y,70,0.052,52,G,G1,,
Aguada,,Puerto Rico,SA-18,Aguada,MC0689,,,,W.D. Noble,18.36316,-67.1717,MRDS,10085418,,Reference Hand Sample(s),Rock Bag,Y,50,0.038,38,G,G1,,
Brazil,,Amapá,SA-28,Serra Do Navio,MC0690,,"""Serra Do Navio MINE T-6 DH68 189.3-199.0 m(1/2)"" is listed on sample tag.",,,0.92654,-52.01587,MRDS,10182216,,Core Sample(s),Rock Bag,N,25,0.316,316,G,G1,,
Brazil,,Amapá,SA-29,Serra Do Navio,MC0691,,"""Serra Do Navio MINE T-6 DH68 189.3-199.0 m(1/2)"" is listed on sample tag.",,,0.92654,-52.01587,MRDS,10182216,,Core Sample(s),Rock Bag,N,10,0.354,354,G,G1,,
Columbia,,Antioquia,SA-17,Las Mercedes Mine,MC0693,,Las Mercedes #1 Deposit,,,5.88459,-75.58301,MRDS,10132964,,Reference Hand Sample(s),Rock Bag,Y,55,0.038,38,G,G1,,
Costa Rica,Guanacaste,,SA-19,,MC0695,,Cerro Grande Occurance,,,10.13164,-84.4444,MRDS,10007852,,Reference Hand Sample(s),Rock Bag,Y,50,0.374,374,G,G1,,
Argentina,La Quiaca,,SA-9,Tafna Mine,MC0698,,,,,-22.13087,-65.68276,MRDS,10097627,,Reference Hand Sample(s),Rock Bag,Y,65,0.818,818,G,G1,,
Chile,La Serena,,SA-24,Alto San Luis Mine,MC0699,,,,"C.F. Park, Jr.",-29.69079,-71.12121,MRDS,10060104,,Reference Hand Sample(s),Rock Bag,Y,50,0.43,430,G,G1,,
Argentina,Chubut,Biedma,LU-9,Arroyo Verde Deposit,MC0703,,"""Arroyo Verde 32 Formation, Chubut Province, Argentina"" -Hewett lab report",Reference_23,,-42.01667,-65.33333,NCAT,,,"Reference Hand Sample(s),Powder",Rock Bag,Y,80,0.244,244,G,G2,,
Bolivia,Rafeal Bustillo ,,,Siglo XX,MC0704,,Uncía Hot Spring Deposit,,, -18.44207,-66.60364,MRDS,10068804,,Reference Hand Sample(s),Rock Bag,N,35,0.198,198,G,G2,,
Argentina,Mendoza,,M-30,Santa Cruz Mine,MC0705,,,,,-35.96415,-68.38276,MRDS,10004975,,Reference Hand Sample(s),Rock Bag,Y,70,0.116,116,G,G2,,
Puerto Rico,,,SA-43,,MC0706,,"Aguada, Puerto Rico",,W.D. Noble,18.36316,-67.1717,MRDS,10085418,,Reference Hand Sample(s),Rock Bag,Y,75,0.106,106,G,G2,,
Chile,Elqui,,SA-22,La Escondida Mine,MC0710,,"""Escondida near La Serena, Chile."" -D.F. Hewett",,"C.F. Park, Jr.", -29.84302 ,-71.09148,MRDS,10104658,,Reference Hand Sample(s),Rock Bag,N,45,0.076,76,G,G2,,
Cuba,Santiago de Cuba,,,Quinto Mine,MC0713,,,,John A. Straczek,20.12504,-75.55275,MRDS,10061234,,Reference Hand Sample(s),Rock Bag,Y,80,0.034,34,G,G2,,
Cuba,Guantánamo,,,Rosita Segunda Deposit,MC0714,,,,John A. Straczek,20.11949,-75.21079,MRDS,10061233,,Reference Hand Sample(s),Rock Bag,Y,75,0.102,102,G,G2,,
Cuba,Granma,,Cu-2,Charco Redondo Mine,MC0716,,,,,20.24337,-76.41915,MRDS,10061336,,"Reference Hand Sample(s),Powder",Rock Bag,Y,80,1.222,"1,222",G,G2,,
Morocco,Ouarzazate,,Mor-1,Tiouine Mine,MC0718,,,,,30.88293,-7.13168,MRDS,10090236,,"Reference Hand Sample(s),Powder,Pebble",Rock Bag,Y,100,1.3,"1,300",G,G2,,
Morocco,Ouarzazate,,Mor-2,Imini Mine,MC0719,,,,,30.73294,-6.89835,MRDS,10024436,,"Reference Hand Sample(s),Powder",Rock Bag,Y,95,0.774,774,G,G2,,
Morocco,Meknès-Tafilalet,,Mor-5,,MC0722,,"""Tiaratine-E. of Midelt bed."" -D.F. Hewett",,,32.58282,-4.33164,MRDS,10003897,,"Reference Hand Sample(s),Powder",Rock Bag,Y,60,0.388,388,G,G2,,
Morocco,Ouarzazate,,Mor-8,Tiouine Mine,MC0724,,,,,30.88293,-7.13168,MRDS,10090236,,Reference Hand Sample(s),Rock Bag,Y,55,0.246,246,G,G3,,
Morocco,Taroudant,,Mor-11,Tasdremt Deposit,MC0727,,,,,30.58296,-8.03169,MRDS,10003901,,"Reference Hand Sample(s),Powder",Rock Bag,Y,65,0.258,258,G,G3,,
Morocco,Ouarzazate,,Mor-12,Imini Mine,MC0728,,,,,30.73294,-6.89835,MRDS,10024436,,"Reference Hand Sample(s),Powder",Rock Bag,Y,65,0.346,346,G,G3,,
Morocco,Ouarzazate,,Mor-13,Tachgagalt,MC0729,,,,,30.83293,-6.83168,MRDS,10090235,,"Reference Hand Sample(s),Powder,Pebble",Rock Bag,Y,70,1,"1,000",G,G3,,
India,Maharashtra,,I-1,,MC0730,,MRDS file encompasses area of Central Providence Prospecting Sydicate (MOIL) where Carnegie Steel Company obtained ore.,,,21.95506,80.05034,MRDS,10183457,,Reference Hand Sample(s),Rock Bag,Y,70,0.582,582,G,G3,,
India,Maharashtra,,I-3,,MC0731,,MRDS file encompasses area of Central Providence Prospecting Sydicate (MOIL) where Carnegie Steel Company obtained ore.,,,21.95506,80.05034,MRDS,10183457,,Reference Hand Sample(s),Rock Bag,Y,50,0.086,86,G,G3,,
India,Maharashtra,,I-4,,MC0732,,MRDS file encompasses area of Central Providence Prospecting Sydicate (MOIL) where Carnegie Steel Company obtained ore.,,,21.95506,80.05034,MRDS,10183457,,Reference Hand Sample(s),Rock Bag,Y,65,0.494,494,G,G3,,
Ukraine,Dnipropetrovsk Oblast,,Eu-8,,MC0736,,"Nikopolj, Dnipropetrovsk Obast, Ukraine",,,47.56508,34.41851,MRDS,60000565,,Reference Hand Sample(s),Rock Bag,N,35,0.3,300,G,G3,,
Hants County,Nova Scotia,,,Magnet Cove,MC0741,,"From Dresser Minerals Company, Walton, Nova Scotia",Reference_10,,45.20655,-64.04202,NCAT,,,Reference Hand Sample(s),Rock Bag,N,45,1.158,"1,158",G,G3,,
Hants County,Nova Scotia,,,Magnet Cove,MC0742,,"From Dresser Minerals Company, Walton, Nova Scotia",Reference_10,,45.20655,-64.04202,NCAT,,,Reference Hand Sample(s),Rock Bag,Y,55,1.578,"1,578",G,G3,,
Colchester County,Nova Scotia,,C-19,Five Islands Barite ,MC0743,,"Garbec Mines Limited samples from the Londonderry Vein, Five Islands, Nova Scotia",Reference_7,,45.47687,-63.60425,NCAT,,,"Reference Hand Sample(s),Powder",Rock Bag,N,40,0.99,990,G,G4,,
Colchester County,Nova Scotia,,C-19,Five Islands Barite ,MC0744,,"Garbec Mines Limited samples from the Londonderry Vein, Five Islands, Nova Scotia",Reference_7,,45.47687,-63.60425,NCAT,,,"Reference Hand Sample(s),Powder",Rock Bag,N,45,0.642,642,G,G4,,
Japan,Hokkaido,,J-12,,MC0751,,"Akan National Park, Hokkaido, Japan.",Reference_14,Yu Hariya,"43.40788, ",143.97391,ArcGIS,,,"Reference Hand Sample(s),Powder",Paper Bag,Y,100,0.016,16,G,G4,,
Japan,Kanto,,J-10,Hagidaira Mine,MC0752,,"""13 km southwest of Ashio Mine.""-T. Watanabe",Reference_3,"Takeo, Watanabe",36.58453,139.49274,ArcGIS,,,"Reference Hand Sample(s),Powder",Paper Bag,Y,95,0.182,182,G,G4,,
Philippines,,,,Minuit-Malawig Deposit,MC0767,,"""Malawig Tunnel 130 in Busuanga Island, Philippines""-R.K. Sorem",,R.K. Sorem,12.11041 ,119.99934,MRDS,10280800,,Reference Hand Sample(s),Paper Bag,N,35,0.196,196,G,G4,,
Australia,Shire of East Pilbara,,Misc-1,Woodie Woodie Mine,MC0769,,"Australian Mines Atlas, original coordinates in GDA94.",Reference_5,,-21.63547,121.24291,NCAT,,,"Reference Hand Sample(s),Powder",Rock Bag,Y,80,0.01,10,G,G5,,
Africa,,,Af-3,Nsuta Mine,MC0776,,"Ghana, Africa",,, 5.23454,-1.94856,MRDS,10024435,,Powder,Rock Bag,Y,90,0.236,236,G,G5,,
Africa,,,Af-1,Matthew's Ridge,MC0777,,"Guyana, Africa",,,7.53449,-60.16604,MRDS,10158522,,Powder,Rock Bag,Y,90,0.09,90,G,G5,,
Africa,,,Af-5,Mokta Mine,MC0778,,"Ivory Cost, Africa ore from Zone C-west in Mokta Mine.",,,5.31321,-5.39917,MRDS,10097588,,"Reference Hand Sample(s),Powder",Rock Bag,Y,55,0.238,238,G,G5,,
Africa,,,Af-6,Mokta Mine,MC0779,,"Ivory Cost, Africa ore from Zone Beast in Mokta Mine.",,,5.31321,-5.39917,MRDS,10097588,,"Reference Hand Sample(s),Powder",Rock Bag,Y,70,0.564,564,G,G5,,
Africa,,,Af-7,Nsuta Mine,MC0780,,"Ghana, Africa",,, 5.23454,-1.94856,MRDS,10024435,,Core Sample(s),Rock Bag,Y,50,0.032,32,G,G5,,
Greece,Drama,,G-3,Tartana Mine,MC0781,,"Ore from Tartana Mine, owned by Demitri Scalistiri in Drama, Greece",Reference_21,,41.37919,23.93128,ArcGIS,,,"Reference Hand Sample(s),Powder",Rock Bag,Y,75,0.462,462,G,G5,,
Greece,Drama,,G-5,Tartana Mine,MC0782,,"Ore from Tartana Mine, owned by Demitri Scalistiri in Drama, Greece",Reference_21,,41.37919,23.93128,ArcGIS,,,Reference Hand Sample(s),Rock Bag,N,45,0.419,419,G,G5,,
Pakistan,Balochistan,,H-1,,MC0783,,"Lasbela District, Balochistan, Pakistan",Reference_2,,26.76491,66.41027,ArcGIS,,,"Reference Hand Sample(s),Powder",Rock Bag,Y,65,0.728,728,G,G5,,
Pakistan,Balochistan,,SNJ-9,,MC0784,,"Lasbela District, Balochistan, Pakistan",Reference_2,Igbal Ali,26.76491,66.41027,ArcGIS,,,Reference Hand Sample(s),Rock Bag,Y,65,0.604,604,G,G5,,
Pakistan,Balochistan,,SNJ-1,,MC0786,,"Lasbela District, Balochistan, Pakistan",Reference_2,Igbal Ali,26.76491,66.41027,ArcGIS,,,"Reference Hand Sample(s),Powder",Rock Bag,Y,60,0.202,202,G,G5,,
Pakistan,Balochistan,,GID-I,,MC0787,,"Lasbela District, Balochistan, Pakistan",Reference_2,Igbal Ali,26.76491,66.41027,ArcGIS,,,Reference Hand Sample(s),Rock Bag,Y,50,0.282,282,G,G5,,
Pakistan,Balochistan,,SRI-2,,MC0789,,"Lasbela District, Balochistan, Pakistan",Reference_2,Igbal Ali,26.76491,66.41027,ArcGIS,,,"Reference Hand Sample(s),Powder",Rock Bag,Y,60,0.246,246,G,G5,,
Turkey,Zonguldek,,Tur-10,Kepez-Köy,MC0790,,"Zonguldek, Eregli, Turkey",Reference_22,,41.27882,31.89873,ArcGIS,,,"Reference Hand Sample(s),Powder",Rock Bag,Y,90,0.63,630,G,G6,,
Turkey,Zonguldek,,Tur-2,Kepez-Köy,MC0792,,"Zonguldek, Eregli, Turkey",Reference_22,,41.27882,31.89873,ArcGIS,,,Reference Hand Sample(s),Rock Bag,Y,70,0.15,150,G,G6,,
Turkey,Zonguldek,,Tur-6,Soganliyuruk,MC0793,,"Zonguldek, Eregli, Turkey",Reference_22,,41.20362,31.81268,ArcGIS,,,Reference Hand Sample(s),Rock Bag,Y,80,0.076,76,G,G6,,
Eureka County,,Nevada,NE-27,Zenoli Mine,MC0794,,Safford District,,,40.56741,-116.25814,MRDS,10044738,,"Reference Hand Sample(s),Powder",Rock Bag,N,40,0.464,464,G,G6,,
Eureka County,,Nevada,NE-27,Zenoli Mine,MC0795,,Safford District,,,40.56741,-116.25814,MRDS,10044738,,Reference Hand Sample(s),Rock Bag,Y,80,1.198,"1,198",G,G6,,
Bouse,,Arizona,AR-13,Black Chief Mine,MC0796,,,,,33.93695,-114.08829,MRDS,10259133,,Reference Hand Sample(s),Rock Bag,Y,75,0.84,840,G,G6,,
Mexico,,Chihuahua,M-29,Virginia Mine,MC0797,,Terrenates District,,,29.6991,-106.79389,MRDS,10104183,,Reference Hand Sample(s),Rock Bag,Y,60,0.888,888,G,G6,,
Nevada County,,California,Cal-164,Smith Mine,MC0798,,,,,39.02156,-121.10492,MRDS,10031697,,Reference Hand Sample(s),Rock Bag,N,45,1.88,"1,880",G,G6,,
Fairbanks,,Alaska,Al-2,Pedro Dome,MC0799,,Pedro Creek,,,65.00527,-147.51265,MRDS,10232901,,Reference Hand Sample(s),Envelope,N,30,0.006,6,G,G6,,
Mexico,,Hidalgo,M-14,Molango Mine,MC0500,,"Acoxcatlan, Taman Formation",,,20.83386,-98.73361,MRDS,60001850,,Reference Hand Sample(s),Rock Bag,N,40,0.906,906,G,G6,,
Aguila District,,Arizona,#132,Ose Este,MC0018,,,,,33.75368,-111.37765,MRDS,10209986,,"Reference Hand Sample(s),Powder",Rock Bag,Y,50,0.102,102,G,G6,,
Humboldt County,,Nevada,NE-29,,MCO131,,"""Approx 6 miles N.W. of Golconda on flood plain of Humboldt River."" D.F. Hewett",,,40.9888956,-117.5823037,PLSS,,"N.E. Section 12, T36N, R39E","Sand, Pebble",Paper Jar,N,35,0.098,98,G,G6,,
