{
  "type": "FeatureCollection",
  "crs": {
    "type": "name",
    "properties": {
      "name": "urn:ogc:def:crs:OGC:1.3:CRS84"
    }
  },
  "features": [
    {
      "type": "Feature",
      "properties": {
        "zone_id": "MN-ZONE-001",
        "belt_name": "Odisha Belt",
        "state": "Odisha",
        "latitude": 18.2,
        "longitude": 82.78667,
        "prospectivity_score": 0.8867,
        "uncertainty_val": 0.1393,
        "confidence_tier": "Data-Rich",
        "confidence_percent": 86.1,
        "priority_category": "HIGH PRIORITY",
        "area_sq_km": 28.5,
        "elevation_m": 287.05250390757493,
        "slope_deg": 12.689742101106738,
        "swir_alteration_index": 1.3657163960833385,
        "ferrous_iron_index": 2.3791189532197254,
        "environmental_overlap": false,
        "protected_area_name": null,
        "environmental_warning": null,
        "top_drivers": "SWIR Alteration (B11/B12), Structural Proximity, Slope"
      },
      "geometry": {
        "type": "Polygon",
        "coordinates": [
          [
            [
              82.76167,
              18.175
            ],
            [
              82.81167,
              18.175
            ],
            [
              82.81167,
              18.225
            ],
            [
              82.76167,
              18.225
            ],
            [
              82.76167,
              18.175
            ]
          ]
        ]
      }
    },
    {
      "type": "Feature",
      "properties": {
        "zone_id": "MN-ZONE-002",
        "belt_name": "Odisha Belt",
        "state": "Odisha",
        "latitude": 18.2,
        "longitude": 83.64667,
        "prospectivity_score": 0.9,
        "uncertainty_val": 0.0231,
        "confidence_tier": "Data-Rich",
        "confidence_percent": 97.7,
        "priority_category": "HIGH PRIORITY",
        "area_sq_km": 28.5,
        "elevation_m": 266.07824767773616,
        "slope_deg": 8.608544308669535,
        "swir_alteration_index": 2.275753577973253,
        "ferrous_iron_index": 5.078379958649161,
        "environmental_overlap": false,
        "protected_area_name": null,
        "environmental_warning": null,
        "top_drivers": "SWIR Alteration (B11/B12), Structural Proximity, Slope"
      },
      "geometry": {
        "type": "Polygon",
        "coordinates": [
          [
            [
              83.62167,
              18.175
            ],
            [
              83.67167,
              18.175
            ],
            [
              83.67167,
              18.225
            ],
            [
              83.62167,
              18.225
            ],
            [
              83.62167,
              18.175
            ]
          ]
        ]
      }
    },
    {
      "type": "Feature",
      "properties": {
        "zone_id": "MN-ZONE-003",
        "belt_name": "Odisha Belt",
        "state": "Odisha",
        "latitude": 18.2,
        "longitude": 83.93333,
        "prospectivity_score": 0.8633,
        "uncertainty_val": 0.0785,
        "confidence_tier": "Data-Rich",
        "confidence_percent": 92.1,
        "priority_category": "HIGH PRIORITY",
        "area_sq_km": 28.5,
        "elevation_m": 499.54342528834735,
        "slope_deg": 11.521815633969938,
        "swir_alteration_index": 1.41976164406875,
        "ferrous_iron_index": 2.2575814525501143,
        "environmental_overlap": false,
        "protected_area_name": null,
        "environmental_warning": null,
        "top_drivers": "SWIR Alteration (B11/B12), Structural Proximity, Slope"
      },
      "geometry": {
        "type": "Polygon",
        "coordinates": [
          [
            [
              83.90833,
              18.175
            ],
            [
              83.95833,
              18.175
            ],
            [
              83.95833,
              18.225
            ],
            [
              83.90833,
              18.225
            ],
            [
              83.90833,
              18.175
            ]
          ]
        ]
      }
    },
    {
      "type": "Feature",
      "properties": {
        "zone_id": "MN-ZONE-004",
        "belt_name": "Odisha Belt",
        "state": "Odisha",
        "latitude": 18.2,
        "longitude": 84.79333,
        "prospectivity_score": 0.7667,
        "uncertainty_val": 0.2553,
        "confidence_tier": "Data-Rich",
        "confidence_percent": 74.5,
        "priority_category": "HIGH PRIORITY",
        "area_sq_km": 28.5,
        "elevation_m": 356.02302099410264,
        "slope_deg": 21.08458950618379,
        "swir_alteration_index": 1.6439194469919873,
        "ferrous_iron_index": 3.8094198896663616,
        "environmental_overlap": false,
        "protected_area_name": null,
        "environmental_warning": null,
        "top_drivers": "SWIR Alteration (B11/B12), Structural Proximity, Slope"
      },
      "geometry": {
        "type": "Polygon",
        "coordinates": [
          [
            [
              84.76833,
              18.175
            ],
            [
              84.81833,
              18.175
            ],
            [
              84.81833,
              18.225
            ],
            [
              84.76833,
              18.225
            ],
            [
              84.76833,
              18.175
            ]
          ]
        ]
      }
    },
    {
      "type": "Feature",
      "properties": {
        "zone_id": "MN-ZONE-005",
        "belt_name": "Odisha Belt",
        "state": "Odisha",
        "latitude": 18.2,
        "longitude": 85.08,
        "prospectivity_score": 0.9867,
        "uncertainty_val": 0.3144,
        "confidence_tier": "Data-Rich",
        "confidence_percent": 68.6,
        "priority_category": "HIGH PRIORITY",
        "area_sq_km": 28.5,
        "elevation_m": 490.5205305878188,
        "slope_deg": 16.265465890713564,
        "swir_alteration_index": 1.7980231136676084,
        "ferrous_iron_index": 3.8770656510834867,
        "environmental_overlap": false,
        "protected_area_name": null,
        "environmental_warning": null,
        "top_drivers": "SWIR Alteration (B11/B12), Structural Proximity, Slope"
      },
      "geometry": {
        "type": "Polygon",
        "coordinates": [
          [
            [
              85.055,
              18.175
            ],
            [
              85.105,
              18.175
            ],
            [
              85.105,
              18.225
            ],
            [
              85.055,
              18.225
            ],
            [
              85.055,
              18.175
            ]
          ]
        ]
      }
    },
    {
      "type": "Feature",
      "properties": {
        "zone_id": "MN-ZONE-006",
        "belt_name": "Odisha Belt",
        "state": "Odisha",
        "latitude": 18.2,
        "longitude": 85.36667,
        "prospectivity_score": 0.91,
        "uncertainty_val": 0.3736,
        "confidence_tier": "Data-Rich",
        "confidence_percent": 62.6,
        "priority_category": "HIGH PRIORITY",
        "area_sq_km": 28.5,
        "elevation_m": 271.67467076637627,
        "slope_deg": 8.55072317707446,
        "swir_alteration_index": 2.3552915216150305,
        "ferrous_iron_index": 2.577931691591523,
        "environmental_overlap": false,
        "protected_area_name": null,
        "environmental_warning": null,
        "top_drivers": "SWIR Alteration (B11/B12), Structural Proximity, Slope"
      },
      "geometry": {
        "type": "Polygon",
        "coordinates": [
          [
            [
              85.34167,
              18.175
            ],
            [
              85.39167,
              18.175
            ],
            [
              85.39167,
              18.225
            ],
            [
              85.34167,
              18.225
            ],
            [
              85.34167,
              18.175
            ]
          ]
        ]
      }
    },
    {
      "type": "Feature",
      "properties": {
        "zone_id": "MN-ZONE-007",
        "belt_name": "Odisha Belt",
        "state": "Odisha",
        "latitude": 18.2,
        "longitude": 85.65333,
        "prospectivity_score": 0.85,
        "uncertainty_val": 0.4328,
        "confidence_tier": "Data-Sparse",
        "confidence_percent": 56.7,
        "priority_category": "HIGH PRIORITY",
        "area_sq_km": 28.5,
        "elevation_m": 479.9396814264487,
        "slope_deg": 6.09784229777701,
        "swir_alteration_index": 1.737604122753931,
        "ferrous_iron_index": 4.176425684030489,
        "environmental_overlap": false,
        "protected_area_name": null,
        "environmental_warning": null,
        "top_drivers": "SWIR Alteration (B11/B12), Structural Proximity, Slope"
      },
      "geometry": {
        "type": "Polygon",
        "coordinates": [
          [
            [
              85.62833,
              18.175
            ],
            [
              85.67833,
              18.175
            ],
            [
              85.67833,
              18.225
            ],
            [
              85.62833,
              18.225
            ],
            [
              85.62833,
              18.175
            ]
          ]
        ]
      }
    },
    {
      "type": "Feature",
      "properties": {
        "zone_id": "MN-ZONE-008",
        "belt_name": "Odisha Belt",
        "state": "Odisha",
        "latitude": 18.2,
        "longitude": 85.94,
        "prospectivity_score": 0.8767,
        "uncertainty_val": 0.4921,
        "confidence_tier": "Data-Sparse",
        "confidence_percent": 50.8,
        "priority_category": "HIGH PRIORITY",
        "area_sq_km": 28.5,
        "elevation_m": 252.53183297726787,
        "slope_deg": 13.541880716841034,
        "swir_alteration_index": 1.9013044145140559,
        "ferrous_iron_index": 4.611077061421581,
        "environmental_overlap": false,
        "protected_area_name": null,
        "environmental_warning": null,
        "top_drivers": "SWIR Alteration (B11/B12), Structural Proximity, Slope"
      },
      "geometry": {
        "type": "Polygon",
        "coordinates": [
          [
            [
              85.915,
              18.175
            ],
            [
              85.965,
              18.175
            ],
            [
              85.965,
              18.225
            ],
            [
              85.915,
              18.225
            ],
            [
              85.915,
              18.175
            ]
          ]
        ]
      }
    },
    {
      "type": "Feature",
      "properties": {
        "zone_id": "MN-ZONE-009",
        "belt_name": "Odisha Belt",
        "state": "Odisha",
        "latitude": 18.48,
        "longitude": 82.5,
        "prospectivity_score": 0.7733,
        "uncertainty_val": 0.1957,
        "confidence_tier": "Data-Rich",
        "confidence_percent": 80.4,
        "priority_category": "HIGH PRIORITY",
        "area_sq_km": 28.5,
        "elevation_m": 445.40017634932025,
        "slope_deg": 12.931260630876091,
        "swir_alteration_index": 1.576598071632543,
        "ferrous_iron_index": 1.9707733718541962,
        "environmental_overlap": false,
        "protected_area_name": null,
        "environmental_warning": null,
        "top_drivers": "SWIR Alteration (B11/B12), Structural Proximity, Slope"
      },
      "geometry": {
        "type": "Polygon",
        "coordinates": [
          [
            [
              82.475,
              18.455
            ],
            [
              82.525,
              18.455
            ],
            [
              82.525,
              18.505
            ],
            [
              82.475,
              18.505
            ],
            [
              82.475,
              18.455
            ]
          ]
        ]
      }
    },
    {
      "type": "Feature",
      "properties": {
        "zone_id": "MN-ZONE-010",
        "belt_name": "Odisha Belt",
        "state": "Odisha",
        "latitude": 18.48,
        "longitude": 82.78667,
        "prospectivity_score": 0.7567,
        "uncertainty_val": 0.137,
        "confidence_tier": "Data-Rich",
        "confidence_percent": 86.3,
        "priority_category": "HIGH PRIORITY",
        "area_sq_km": 28.5,
        "elevation_m": 260.6879726370777,
        "slope_deg": 8.493322386723698,
        "swir_alteration_index": 0.8659880932831809,
        "ferrous_iron_index": 2.630937682101461,
        "environmental_overlap": false,
        "protected_area_name": null,
        "environmental_warning": null,
        "top_drivers": "SWIR Alteration (B11/B12), Structural Proximity, Slope"
      },
      "geometry": {
        "type": "Polygon",
        "coordinates": [
          [
            [
              82.76167,
              18.455
            ],
            [
              82.81167,
              18.455
            ],
            [
              82.81167,
              18.505
            ],
            [
              82.76167,
              18.505
            ],
            [
              82.76167,
              18.455
            ]
          ]
        ]
      }
    },
    {
      "type": "Feature",
      "properties": {
        "zone_id": "MN-ZONE-011",
        "belt_name": "Odisha Belt",
        "state": "Odisha",
        "latitude": 18.48,
        "longitude": 83.36,
        "prospectivity_score": 0.8067,
        "uncertainty_val": 0.0278,
        "confidence_tier": "Data-Rich",
        "confidence_percent": 97.2,
        "priority_category": "HIGH PRIORITY",
        "area_sq_km": 28.5,
        "elevation_m": 217.3168233864103,
        "slope_deg": 18.296721089883306,
        "swir_alteration_index": 1.6115428369225318,
        "ferrous_iron_index": 1.8532586967555202,
        "environmental_overlap": true,
        "protected_area_name": "Eastern Ghats Reserve Forest (Vizianagaram)",
        "environmental_warning": "This zone overlaps Eastern Ghats Reserve Forest (Vizianagaram) \u2014 exploration feasibility would require additional environmental clearance.",
        "top_drivers": "SWIR Alteration (B11/B12), Structural Proximity, Slope"
      },
      "geometry": {
        "type": "Polygon",
        "coordinates": [
          [
            [
              83.335,
              18.455
            ],
            [
              83.385,
              18.455
            ],
            [
              83.385,
              18.505
            ],
            [
              83.335,
              18.505
            ],
            [
              83.335,
              18.455
            ]
          ]
        ]
      }
    },
    {
      "type": "Feature",
      "properties": {
        "zone_id": "MN-ZONE-012",
        "belt_name": "Odisha Belt",
        "state": "Odisha",
        "latitude": 18.48,
        "longitude": 83.93333,
        "prospectivity_score": 0.8967,
        "uncertainty_val": 0.0877,
        "confidence_tier": "Data-Rich",
        "confidence_percent": 91.2,
        "priority_category": "HIGH PRIORITY",
        "area_sq_km": 28.5,
        "elevation_m": 160.26230175113423,
        "slope_deg": 15.762433427548586,
        "swir_alteration_index": 1.208089471007906,
        "ferrous_iron_index": 3.959460263688657,
        "environmental_overlap": false,
        "protected_area_name": null,
        "environmental_warning": null,
        "top_drivers": "SWIR Alteration (B11/B12), Structural Proximity, Slope"
      },
      "geometry": {
        "type": "Polygon",
        "coordinates": [
          [
            [
              83.90833,
              18.455
            ],
            [
              83.95833,
              18.455
            ],
            [
              83.95833,
              18.505
            ],
            [
              83.90833,
              18.505
            ],
            [
              83.90833,
              18.455
            ]
          ]
        ]
      }
    },
    {
      "type": "Feature",
      "properties": {
        "zone_id": "MN-ZONE-013",
        "belt_name": "Odisha Belt",
        "state": "Odisha",
        "latitude": 18.48,
        "longitude": 84.22,
        "prospectivity_score": 0.9433,
        "uncertainty_val": 0.1427,
        "confidence_tier": "Data-Rich",
        "confidence_percent": 85.7,
        "priority_category": "HIGH PRIORITY",
        "area_sq_km": 28.5,
        "elevation_m": 385.7015485965047,
        "slope_deg": 6.881906821327056,
        "swir_alteration_index": 1.9940007039219547,
        "ferrous_iron_index": 5.000529513222805,
        "environmental_overlap": false,
        "protected_area_name": null,
        "environmental_warning": null,
        "top_drivers": "SWIR Alteration (B11/B12), Structural Proximity, Slope"
      },
      "geometry": {
        "type": "Polygon",
        "coordinates": [
          [
            [
              84.195,
              18.455
            ],
            [
              84.245,
              18.455
            ],
            [
              84.245,
              18.505
            ],
            [
              84.195,
              18.505
            ],
            [
              84.195,
              18.455
            ]
          ]
        ]
      }
    },
    {
      "type": "Feature",
      "properties": {
        "zone_id": "MN-ZONE-014",
        "belt_name": "Odisha Belt",
        "state": "Odisha",
        "latitude": 18.48,
        "longitude": 85.65333,
        "prospectivity_score": 0.79,
        "uncertainty_val": 0.4346,
        "confidence_tier": "Data-Sparse",
        "confidence_percent": 56.5,
        "priority_category": "HIGH PRIORITY",
        "area_sq_km": 28.5,
        "elevation_m": 356.9652664518879,
        "slope_deg": 14.425769378613094,
        "swir_alteration_index": 2.1359617685092562,
        "ferrous_iron_index": 2.1997012464519314,
        "environmental_overlap": false,
        "protected_area_name": null,
        "environmental_warning": null,
        "top_drivers": "SWIR Alteration (B11/B12), Structural Proximity, Slope"
      },
      "geometry": {
        "type": "Polygon",
        "coordinates": [
          [
            [
              85.62833,
              18.455
            ],
            [
              85.67833,
              18.455
            ],
            [
              85.67833,
              18.505
            ],
            [
              85.62833,
              18.505
            ],
            [
              85.62833,
              18.455
            ]
          ]
        ]
      }
    },
    {
      "type": "Feature",
      "properties": {
        "zone_id": "MN-ZONE-015",
        "belt_name": "Odisha Belt",
        "state": "Odisha",
        "latitude": 18.48,
        "longitude": 86.8,
        "prospectivity_score": 0.8633,
        "uncertainty_val": 0.4931,
        "confidence_tier": "Data-Sparse",
        "confidence_percent": 50.7,
        "priority_category": "HIGH PRIORITY",
        "area_sq_km": 28.5,
        "elevation_m": 361.4861468213896,
        "slope_deg": 16.98068284629837,
        "swir_alteration_index": 1.5850941794621063,
        "ferrous_iron_index": 2.0295560915723736,
        "environmental_overlap": false,
        "protected_area_name": null,
        "environmental_warning": null,
        "top_drivers": "SWIR Alteration (B11/B12), Structural Proximity, Slope"
      },
      "geometry": {
        "type": "Polygon",
        "coordinates": [
          [
            [
              86.775,
              18.455
            ],
            [
              86.825,
              18.455
            ],
            [
              86.825,
              18.505
            ],
            [
              86.775,
              18.505
            ],
            [
              86.775,
              18.455
            ]
          ]
        ]
      }
    },
    {
      "type": "Feature",
      "properties": {
        "zone_id": "MN-ZONE-016",
        "belt_name": "Odisha Belt",
        "state": "Odisha",
        "latitude": 18.76,
        "longitude": 83.07333,
        "prospectivity_score": 0.8567,
        "uncertainty_val": 0.0968,
        "confidence_tier": "Data-Rich",
        "confidence_percent": 90.3,
        "priority_category": "HIGH PRIORITY",
        "area_sq_km": 28.5,
        "elevation_m": 296.9742381627559,
        "slope_deg": 6.432072254819451,
        "swir_alteration_index": 1.9925418176201897,
        "ferrous_iron_index": 4.470587277906909,
        "environmental_overlap": false,
        "protected_area_name": null,
        "environmental_warning": null,
        "top_drivers": "SWIR Alteration (B11/B12), Structural Proximity, Slope"
      },
      "geometry": {
        "type": "Polygon",
        "coordinates": [
          [
            [
              83.04833,
              18.735
            ],
            [
              83.09833,
              18.735
            ],
            [
              83.09833,
              18.785
            ],
            [
              83.04833,
              18.785
            ],
            [
              83.04833,
              18.735
            ]
          ]
        ]
      }
    },
    {
      "type": "Feature",
      "properties": {
        "zone_id": "MN-ZONE-017",
        "belt_name": "Odisha Belt",
        "state": "Odisha",
        "latitude": 18.76,
        "longitude": 83.64667,
        "prospectivity_score": 0.9733,
        "uncertainty_val": 0.0888,
        "confidence_tier": "Data-Rich",
        "confidence_percent": 91.1,
        "priority_category": "HIGH PRIORITY",
        "area_sq_km": 28.5,
        "elevation_m": 657.8880808455237,
        "slope_deg": 15.038087101455595,
        "swir_alteration_index": 1.3272783122059146,
        "ferrous_iron_index": 1.8361080986624274,
        "environmental_overlap": true,
        "protected_area_name": "Eastern Ghats Reserve Forest (Vizianagaram)",
        "environmental_warning": "This zone overlaps Eastern Ghats Reserve Forest (Vizianagaram) \u2014 exploration feasibility would require additional environmental clearance.",
        "top_drivers": "SWIR Alteration (B11/B12), Structural Proximity, Slope"
      },
      "geometry": {
        "type": "Polygon",
        "coordinates": [
          [
            [
              83.62167,
              18.735
            ],
            [
              83.67167,
              18.735
            ],
            [
              83.67167,
              18.785
            ],
            [
              83.62167,
              18.785
            ],
            [
              83.62167,
              18.735
            ]
          ]
        ]
      }
    },
    {
      "type": "Feature",
      "properties": {
        "zone_id": "MN-ZONE-018",
        "belt_name": "Odisha Belt",
        "state": "Odisha",
        "latitude": 18.76,
        "longitude": 83.93333,
        "prospectivity_score": 0.9867,
        "uncertainty_val": 0.1256,
        "confidence_tier": "Data-Rich",
        "confidence_percent": 87.4,
        "priority_category": "HIGH PRIORITY",
        "area_sq_km": 28.5,
        "elevation_m": 455.53309965464143,
        "slope_deg": 12.941354176008957,
        "swir_alteration_index": 1.705682611874934,
        "ferrous_iron_index": 2.6851692972429464,
        "environmental_overlap": false,
        "protected_area_name": null,
        "environmental_warning": null,
        "top_drivers": "SWIR Alteration (B11/B12), Structural Proximity, Slope"
      },
      "geometry": {
        "type": "Polygon",
        "coordinates": [
          [
            [
              83.90833,
              18.735
            ],
            [
              83.95833,
              18.735
            ],
            [
              83.95833,
              18.785
            ],
            [
              83.90833,
              18.785
            ],
            [
              83.90833,
              18.735
            ]
          ]
        ]
      }
    },
    {
      "type": "Feature",
      "properties": {
        "zone_id": "MN-ZONE-019",
        "belt_name": "Odisha Belt",
        "state": "Odisha",
        "latitude": 18.76,
        "longitude": 84.22,
        "prospectivity_score": 0.95,
        "uncertainty_val": 0.1688,
        "confidence_tier": "Data-Rich",
        "confidence_percent": 83.1,
        "priority_category": "HIGH PRIORITY",
        "area_sq_km": 28.5,
        "elevation_m": 210.14324261808588,
        "slope_deg": 12.533361565107569,
        "swir_alteration_index": 1.0221167204092403,
        "ferrous_iron_index": 3.4634146811695428,
        "environmental_overlap": false,
        "protected_area_name": null,
        "environmental_warning": null,
        "top_drivers": "SWIR Alteration (B11/B12), Structural Proximity, Slope"
      },
      "geometry": {
        "type": "Polygon",
        "coordinates": [
          [
            [
              84.195,
              18.735
            ],
            [
              84.245,
              18.735
            ],
            [
              84.245,
              18.785
            ],
            [
              84.195,
              18.785
            ],
            [
              84.195,
              18.735
            ]
          ]
        ]
      }
    },
    {
      "type": "Feature",
      "properties": {
        "zone_id": "MN-ZONE-020",
        "belt_name": "Odisha Belt",
        "state": "Odisha",
        "latitude": 18.76,
        "longitude": 84.50667,
        "prospectivity_score": 0.83,
        "uncertainty_val": 0.2195,
        "confidence_tier": "Data-Rich",
        "confidence_percent": 78.0,
        "priority_category": "HIGH PRIORITY",
        "area_sq_km": 28.5,
        "elevation_m": 389.02532689831423,
        "slope_deg": 9.617910253768756,
        "swir_alteration_index": 2.4557757499197637,
        "ferrous_iron_index": 1.950190413096345,
        "environmental_overlap": false,
        "protected_area_name": null,
        "environmental_warning": null,
        "top_drivers": "SWIR Alteration (B11/B12), Structural Proximity, Slope"
      },
      "geometry": {
        "type": "Polygon",
        "coordinates": [
          [
            [
              84.48167,
              18.735
            ],
            [
              84.53167,
              18.735
            ],
            [
              84.53167,
              18.785
            ],
            [
              84.48167,
              18.785
            ],
            [
              84.48167,
              18.735
            ]
          ]
        ]
      }
    },
    {
      "type": "Feature",
      "properties": {
        "zone_id": "MN-ZONE-021",
        "belt_name": "Odisha Belt",
        "state": "Odisha",
        "latitude": 18.76,
        "longitude": 85.08,
        "prospectivity_score": 0.9833,
        "uncertainty_val": 0.3296,
        "confidence_tier": "Data-Rich",
        "confidence_percent": 67.0,
        "priority_category": "HIGH PRIORITY",
        "area_sq_km": 28.5,
        "elevation_m": 289.80313211036156,
        "slope_deg": 13.421129925859121,
        "swir_alteration_index": 2.1165520237487976,
        "ferrous_iron_index": 3.157700292254831,
        "environmental_overlap": false,
        "protected_area_name": null,
        "environmental_warning": null,
        "top_drivers": "SWIR Alteration (B11/B12), Structural Proximity, Slope"
      },
      "geometry": {
        "type": "Polygon",
        "coordinates": [
          [
            [
              85.055,
              18.735
            ],
            [
              85.105,
              18.735
            ],
            [
              85.105,
              18.785
            ],
            [
              85.055,
              18.785
            ],
            [
              85.055,
              18.735
            ]
          ]
        ]
      }
    },
    {
      "type": "Feature",
      "properties": {
        "zone_id": "MN-ZONE-022",
        "belt_name": "Odisha Belt",
        "state": "Odisha",
        "latitude": 18.76,
        "longitude": 85.36667,
        "prospectivity_score": 0.7667,
        "uncertainty_val": 0.3865,
        "confidence_tier": "Data-Sparse",
        "confidence_percent": 61.4,
        "priority_category": "HIGH PRIORITY",
        "area_sq_km": 28.5,
        "elevation_m": 358.65897874729,
        "slope_deg": 9.299452440735642,
        "swir_alteration_index": 2.280702541266937,
        "ferrous_iron_index": 1.5017633944138236,
        "environmental_overlap": false,
        "protected_area_name": null,
        "environmental_warning": null,
        "top_drivers": "SWIR Alteration (B11/B12), Structural Proximity, Slope"
      },
      "geometry": {
        "type": "Polygon",
        "coordinates": [
          [
            [
              85.34167,
              18.735
            ],
            [
              85.39167,
              18.735
            ],
            [
              85.39167,
              18.785
            ],
            [
              85.34167,
              18.785
            ],
            [
              85.34167,
              18.735
            ]
          ]
        ]
      }
    },
    {
      "type": "Feature",
      "properties": {
        "zone_id": "MN-ZONE-023",
        "belt_name": "Odisha Belt",
        "state": "Odisha",
        "latitude": 18.76,
        "longitude": 85.65333,
        "prospectivity_score": 0.8067,
        "uncertainty_val": 0.4403,
        "confidence_tier": "Data-Sparse",
        "confidence_percent": 56.0,
        "priority_category": "HIGH PRIORITY",
        "area_sq_km": 28.5,
        "elevation_m": 324.98773989254886,
        "slope_deg": 15.85473594923035,
        "swir_alteration_index": 1.9129170765532706,
        "ferrous_iron_index": 2.056448464335829,
        "environmental_overlap": false,
        "protected_area_name": null,
        "environmental_warning": null,
        "top_drivers": "SWIR Alteration (B11/B12), Structural Proximity, Slope"
      },
      "geometry": {
        "type": "Polygon",
        "coordinates": [
          [
            [
              85.62833,
              18.735
            ],
            [
              85.67833,
              18.735
            ],
            [
              85.67833,
              18.785
            ],
            [
              85.62833,
              18.785
            ],
            [
              85.62833,
              18.735
            ]
          ]
        ]
      }
    },
    {
      "type": "Feature",
      "properties": {
        "zone_id": "MN-ZONE-024",
        "belt_name": "Odisha Belt",
        "state": "Odisha",
        "latitude": 18.76,
        "longitude": 86.22667,
        "prospectivity_score": 0.9667,
        "uncertainty_val": 0.4262,
        "confidence_tier": "Data-Sparse",
        "confidence_percent": 57.4,
        "priority_category": "HIGH PRIORITY",
        "area_sq_km": 28.5,
        "elevation_m": 315.2473266227045,
        "slope_deg": 13.731124080633709,
        "swir_alteration_index": 1.3070640011169115,
        "ferrous_iron_index": 3.5648746226472507,
        "environmental_overlap": false,
        "protected_area_name": null,
        "environmental_warning": null,
        "top_drivers": "SWIR Alteration (B11/B12), Structural Proximity, Slope"
      },
      "geometry": {
        "type": "Polygon",
        "coordinates": [
          [
            [
              86.20167,
              18.735
            ],
            [
              86.25167,
              18.735
            ],
            [
              86.25167,
              18.785
            ],
            [
              86.20167,
              18.785
            ],
            [
              86.20167,
              18.735
            ]
          ]
        ]
      }
    },
    {
      "type": "Feature",
      "properties": {
        "zone_id": "MN-ZONE-025",
        "belt_name": "Odisha Belt",
        "state": "Odisha",
        "latitude": 19.04,
        "longitude": 82.5,
        "prospectivity_score": 0.7767,
        "uncertainty_val": 0.1505,
        "confidence_tier": "Data-Rich",
        "confidence_percent": 85.0,
        "priority_category": "HIGH PRIORITY",
        "area_sq_km": 28.5,
        "elevation_m": 248.78956247398327,
        "slope_deg": 2.553144976604038,
        "swir_alteration_index": 2.4510626020146398,
        "ferrous_iron_index": 1.6769415099270402,
        "environmental_overlap": false,
        "protected_area_name": null,
        "environmental_warning": null,
        "top_drivers": "SWIR Alteration (B11/B12), Structural Proximity, Slope"
      },
      "geometry": {
        "type": "Polygon",
        "coordinates": [
          [
            [
              82.475,
              19.015
            ],
            [
              82.525,
              19.015
            ],
            [
              82.525,
              19.065
            ],
            [
              82.475,
              19.065
            ],
            [
              82.475,
              19.015
            ]
          ]
        ]
      }
    },
    {
      "type": "Feature",
      "properties": {
        "zone_id": "MN-ZONE-026",
        "belt_name": "Odisha Belt",
        "state": "Odisha",
        "latitude": 19.04,
        "longitude": 83.36,
        "prospectivity_score": 0.8867,
        "uncertainty_val": 0.0321,
        "confidence_tier": "Data-Rich",
        "confidence_percent": 96.8,
        "priority_category": "HIGH PRIORITY",
        "area_sq_km": 28.5,
        "elevation_m": 313.81090287669963,
        "slope_deg": 9.686845796891454,
        "swir_alteration_index": 1.1447577280642103,
        "ferrous_iron_index": 4.586587726150946,
        "environmental_overlap": false,
        "protected_area_name": null,
        "environmental_warning": null,
        "top_drivers": "SWIR Alteration (B11/B12), Structural Proximity, Slope"
      },
      "geometry": {
        "type": "Polygon",
        "coordinates": [
          [
            [
              83.335,
              19.015
            ],
            [
              83.385,
              19.015
            ],
            [
              83.385,
              19.065
            ],
            [
              83.335,
              19.065
            ],
            [
              83.335,
              19.015
            ]
          ]
        ]
      }
    },
    {
      "type": "Feature",
      "properties": {
        "zone_id": "MN-ZONE-027",
        "belt_name": "Odisha Belt",
        "state": "Odisha",
        "latitude": 19.04,
        "longitude": 83.64667,
        "prospectivity_score": 0.9733,
        "uncertainty_val": 0.0433,
        "confidence_tier": "Data-Rich",
        "confidence_percent": 95.7,
        "priority_category": "HIGH PRIORITY",
        "area_sq_km": 28.5,
        "elevation_m": 325.9674601841865,
        "slope_deg": 8.313306366026811,
        "swir_alteration_index": 1.8833122214500357,
        "ferrous_iron_index": 5.244557567278225,
        "environmental_overlap": false,
        "protected_area_name": null,
        "environmental_warning": null,
        "top_drivers": "SWIR Alteration (B11/B12), Structural Proximity, Slope"
      },
      "geometry": {
        "type": "Polygon",
        "coordinates": [
          [
            [
              83.62167,
              19.015
            ],
            [
              83.67167,
              19.015
            ],
            [
              83.67167,
              19.065
            ],
            [
              83.62167,
              19.065
            ],
            [
              83.62167,
              19.015
            ]
          ]
        ]
      }
    },
    {
      "type": "Feature",
      "properties": {
        "zone_id": "MN-ZONE-028",
        "belt_name": "Odisha Belt",
        "state": "Odisha",
        "latitude": 19.04,
        "longitude": 84.50667,
        "prospectivity_score": 0.7867,
        "uncertainty_val": 0.2144,
        "confidence_tier": "Data-Rich",
        "confidence_percent": 78.6,
        "priority_category": "HIGH PRIORITY",
        "area_sq_km": 28.5,
        "elevation_m": 187.0407014023673,
        "slope_deg": 12.483386448892754,
        "swir_alteration_index": 1.8344932773645122,
        "ferrous_iron_index": 3.9692575249595596,
        "environmental_overlap": false,
        "protected_area_name": null,
        "environmental_warning": null,
        "top_drivers": "SWIR Alteration (B11/B12), Structural Proximity, Slope"
      },
      "geometry": {
        "type": "Polygon",
        "coordinates": [
          [
            [
              84.48167,
              19.015
            ],
            [
              84.53167,
              19.015
            ],
            [
              84.53167,
              19.065
            ],
            [
              84.48167,
              19.065
            ],
            [
              84.48167,
              19.015
            ]
          ]
        ]
      }
    },
    {
      "type": "Feature",
      "properties": {
        "zone_id": "MN-ZONE-029",
        "belt_name": "Odisha Belt",
        "state": "Odisha",
        "latitude": 19.04,
        "longitude": 85.36667,
        "prospectivity_score": 0.95,
        "uncertainty_val": 0.3601,
        "confidence_tier": "Data-Rich",
        "confidence_percent": 64.0,
        "priority_category": "HIGH PRIORITY",
        "area_sq_km": 28.5,
        "elevation_m": 420.77519354554755,
        "slope_deg": 7.468899508475795,
        "swir_alteration_index": 1.6854613298046148,
        "ferrous_iron_index": 4.469752769102357,
        "environmental_overlap": false,
        "protected_area_name": null,
        "environmental_warning": null,
        "top_drivers": "SWIR Alteration (B11/B12), Structural Proximity, Slope"
      },
      "geometry": {
        "type": "Polygon",
        "coordinates": [
          [
            [
              85.34167,
              19.015
            ],
            [
              85.39167,
              19.015
            ],
            [
              85.39167,
              19.065
            ],
            [
              85.34167,
              19.065
            ],
            [
              85.34167,
              19.015
            ]
          ]
        ]
      }
    },
    {
      "type": "Feature",
      "properties": {
        "zone_id": "MN-ZONE-030",
        "belt_name": "Odisha Belt",
        "state": "Odisha",
        "latitude": 19.04,
        "longitude": 85.94,
        "prospectivity_score": 0.7733,
        "uncertainty_val": 0.3765,
        "confidence_tier": "Data-Rich",
        "confidence_percent": 62.4,
        "priority_category": "HIGH PRIORITY",
        "area_sq_km": 28.5,
        "elevation_m": 443.8283805975998,
        "slope_deg": 7.677798723021818,
        "swir_alteration_index": 1.4716063733646214,
        "ferrous_iron_index": 2.443958902154883,
        "environmental_overlap": false,
        "protected_area_name": null,
        "environmental_warning": null,
        "top_drivers": "SWIR Alteration (B11/B12), Structural Proximity, Slope"
      },
      "geometry": {
        "type": "Polygon",
        "coordinates": [
          [
            [
              85.915,
              19.015
            ],
            [
              85.965,
              19.015
            ],
            [
              85.965,
              19.065
            ],
            [
              85.915,
              19.065
            ],
            [
              85.915,
              19.015
            ]
          ]
        ]
      }
    },
    {
      "type": "Feature",
      "properties": {
        "zone_id": "MN-ZONE-031",
        "belt_name": "Odisha Belt",
        "state": "Odisha",
        "latitude": 19.04,
        "longitude": 86.22667,
        "prospectivity_score": 0.7767,
        "uncertainty_val": 0.3684,
        "confidence_tier": "Data-Rich",
        "confidence_percent": 63.2,
        "priority_category": "HIGH PRIORITY",
        "area_sq_km": 28.5,
        "elevation_m": 436.77650241708886,
        "slope_deg": 11.273644924278473,
        "swir_alteration_index": 1.9204918505239035,
        "ferrous_iron_index": 1.8905318030946816,
        "environmental_overlap": false,
        "protected_area_name": null,
        "environmental_warning": null,
        "top_drivers": "SWIR Alteration (B11/B12), Structural Proximity, Slope"
      },
      "geometry": {
        "type": "Polygon",
        "coordinates": [
          [
            [
              86.20167,
              19.015
            ],
            [
              86.25167,
              19.015
            ],
            [
              86.25167,
              19.065
            ],
            [
              86.20167,
              19.065
            ],
            [
              86.20167,
              19.015
            ]
          ]
        ]
      }
    },
    {
      "type": "Feature",
      "properties": {
        "zone_id": "MN-ZONE-032",
        "belt_name": "Odisha Belt",
        "state": "Odisha",
        "latitude": 19.04,
        "longitude": 86.51333,
        "prospectivity_score": 0.7733,
        "uncertainty_val": 0.3697,
        "confidence_tier": "Data-Rich",
        "confidence_percent": 63.0,
        "priority_category": "HIGH PRIORITY",
        "area_sq_km": 28.5,
        "elevation_m": 507.95721457307127,
        "slope_deg": 7.6471298778102925,
        "swir_alteration_index": 1.779223963412068,
        "ferrous_iron_index": 3.2683484931018176,
        "environmental_overlap": false,
        "protected_area_name": null,
        "environmental_warning": null,
        "top_drivers": "SWIR Alteration (B11/B12), Structural Proximity, Slope"
      },
      "geometry": {
        "type": "Polygon",
        "coordinates": [
          [
            [
              86.48833,
              19.015
            ],
            [
              86.53833,
              19.015
            ],
            [
              86.53833,
              19.065
            ],
            [
              86.48833,
              19.065
            ],
            [
              86.48833,
              19.015
            ]
          ]
        ]
      }
    },
    {
      "type": "Feature",
      "properties": {
        "zone_id": "MN-ZONE-033",
        "belt_name": "Odisha Belt",
        "state": "Odisha",
        "latitude": 19.32,
        "longitude": 82.5,
        "prospectivity_score": 0.8933,
        "uncertainty_val": 0.1476,
        "confidence_tier": "Data-Rich",
        "confidence_percent": 85.2,
        "priority_category": "HIGH PRIORITY",
        "area_sq_km": 28.5,
        "elevation_m": 492.0504247989855,
        "slope_deg": 7.431641678127357,
        "swir_alteration_index": 0.820979982544418,
        "ferrous_iron_index": 4.0118249973855615,
        "environmental_overlap": false,
        "protected_area_name": null,
        "environmental_warning": null,
        "top_drivers": "SWIR Alteration (B11/B12), Structural Proximity, Slope"
      },
      "geometry": {
        "type": "Polygon",
        "coordinates": [
          [
            [
              82.475,
              19.295
            ],
            [
              82.525,
              19.295
            ],
            [
              82.525,
              19.345
            ],
            [
              82.475,
              19.345
            ],
            [
              82.475,
              19.295
            ]
          ]
        ]
      }
    },
    {
      "type": "Feature",
      "properties": {
        "zone_id": "MN-ZONE-034",
        "belt_name": "Odisha Belt",
        "state": "Odisha",
        "latitude": 19.32,
        "longitude": 82.78667,
        "prospectivity_score": 0.76,
        "uncertainty_val": 0.0893,
        "confidence_tier": "Data-Rich",
        "confidence_percent": 91.1,
        "priority_category": "HIGH PRIORITY",
        "area_sq_km": 28.5,
        "elevation_m": 404.3499102789342,
        "slope_deg": 14.87624344257462,
        "swir_alteration_index": 0.9053800489140652,
        "ferrous_iron_index": 3.0117207721754258,
        "environmental_overlap": false,
        "protected_area_name": null,
        "environmental_warning": null,
        "top_drivers": "SWIR Alteration (B11/B12), Structural Proximity, Slope"
      },
      "geometry": {
        "type": "Polygon",
        "coordinates": [
          [
            [
              82.76167,
              19.295
            ],
            [
              82.81167,
              19.295
            ],
            [
              82.81167,
              19.345
            ],
            [
              82.76167,
              19.345
            ],
            [
              82.76167,
              19.295
            ]
          ]
        ]
      }
    },
    {
      "type": "Feature",
      "properties": {
        "zone_id": "MN-ZONE-035",
        "belt_name": "Odisha Belt",
        "state": "Odisha",
        "latitude": 19.32,
        "longitude": 83.07333,
        "prospectivity_score": 0.9967,
        "uncertainty_val": 0.0345,
        "confidence_tier": "Data-Rich",
        "confidence_percent": 96.6,
        "priority_category": "HIGH PRIORITY",
        "area_sq_km": 28.5,
        "elevation_m": 602.6932425873622,
        "slope_deg": 7.611090521858557,
        "swir_alteration_index": 1.7712353522274882,
        "ferrous_iron_index": 4.5023197635248415,
        "environmental_overlap": false,
        "protected_area_name": null,
        "environmental_warning": null,
        "top_drivers": "SWIR Alteration (B11/B12), Structural Proximity, Slope"
      },
      "geometry": {
        "type": "Polygon",
        "coordinates": [
          [
            [
              83.04833,
              19.295
            ],
            [
              83.09833,
              19.295
            ],
            [
              83.09833,
              19.345
            ],
            [
              83.04833,
              19.345
            ],
            [
              83.04833,
              19.295
            ]
          ]
        ]
      }
    },
    {
      "type": "Feature",
      "properties": {
        "zone_id": "MN-ZONE-036",
        "belt_name": "Odisha Belt",
        "state": "Odisha",
        "latitude": 19.32,
        "longitude": 83.64667,
        "prospectivity_score": 0.8367,
        "uncertainty_val": 0.0467,
        "confidence_tier": "Data-Rich",
        "confidence_percent": 95.3,
        "priority_category": "HIGH PRIORITY",
        "area_sq_km": 28.5,
        "elevation_m": 214.0143859020081,
        "slope_deg": 13.358141047122494,
        "swir_alteration_index": 1.2068084617139,
        "ferrous_iron_index": 1.342906476786406,
        "environmental_overlap": false,
        "protected_area_name": null,
        "environmental_warning": null,
        "top_drivers": "SWIR Alteration (B11/B12), Structural Proximity, Slope"
      },
      "geometry": {
        "type": "Polygon",
        "coordinates": [
          [
            [
              83.62167,
              19.295
            ],
            [
              83.67167,
              19.295
            ],
            [
              83.67167,
              19.345
            ],
            [
              83.62167,
              19.345
            ],
            [
              83.62167,
              19.295
            ]
          ]
        ]
      }
    },
    {
      "type": "Feature",
      "properties": {
        "zone_id": "MN-ZONE-037",
        "belt_name": "Odisha Belt",
        "state": "Odisha",
        "latitude": 19.32,
        "longitude": 83.93333,
        "prospectivity_score": 0.8667,
        "uncertainty_val": 0.0994,
        "confidence_tier": "Data-Rich",
        "confidence_percent": 90.1,
        "priority_category": "HIGH PRIORITY",
        "area_sq_km": 28.5,
        "elevation_m": 331.3627605636908,
        "slope_deg": 8.179003795118293,
        "swir_alteration_index": 1.6567316241387413,
        "ferrous_iron_index": 3.8312777169189025,
        "environmental_overlap": false,
        "protected_area_name": null,
        "environmental_warning": null,
        "top_drivers": "SWIR Alteration (B11/B12), Structural Proximity, Slope"
      },
      "geometry": {
        "type": "Polygon",
        "coordinates": [
          [
            [
              83.90833,
              19.295
            ],
            [
              83.95833,
              19.295
            ],
            [
              83.95833,
              19.345
            ],
            [
              83.90833,
              19.345
            ],
            [
              83.90833,
              19.295
            ]
          ]
        ]
      }
    },
    {
      "type": "Feature",
      "properties": {
        "zone_id": "MN-ZONE-038",
        "belt_name": "Odisha Belt",
        "state": "Odisha",
        "latitude": 19.32,
        "longitude": 84.50667,
        "prospectivity_score": 0.85,
        "uncertainty_val": 0.2151,
        "confidence_tier": "Data-Rich",
        "confidence_percent": 78.5,
        "priority_category": "HIGH PRIORITY",
        "area_sq_km": 28.5,
        "elevation_m": 227.27402190791426,
        "slope_deg": 17.47061629051709,
        "swir_alteration_index": 1.9428177291685056,
        "ferrous_iron_index": 2.4492082239443613,
        "environmental_overlap": false,
        "protected_area_name": null,
        "environmental_warning": null,
        "top_drivers": "SWIR Alteration (B11/B12), Structural Proximity, Slope"
      },
      "geometry": {
        "type": "Polygon",
        "coordinates": [
          [
            [
              84.48167,
              19.295
            ],
            [
              84.53167,
              19.295
            ],
            [
              84.53167,
              19.345
            ],
            [
              84.48167,
              19.345
            ],
            [
              84.48167,
              19.295
            ]
          ]
        ]
      }
    },
    {
      "type": "Feature",
      "properties": {
        "zone_id": "MN-ZONE-039",
        "belt_name": "Odisha Belt",
        "state": "Odisha",
        "latitude": 19.32,
        "longitude": 84.79333,
        "prospectivity_score": 0.7867,
        "uncertainty_val": 0.2622,
        "confidence_tier": "Data-Rich",
        "confidence_percent": 73.8,
        "priority_category": "HIGH PRIORITY",
        "area_sq_km": 28.5,
        "elevation_m": 406.9767280232204,
        "slope_deg": 12.014688520077918,
        "swir_alteration_index": 1.5281451302523095,
        "ferrous_iron_index": 2.571051563257722,
        "environmental_overlap": false,
        "protected_area_name": null,
        "environmental_warning": null,
        "top_drivers": "SWIR Alteration (B11/B12), Structural Proximity, Slope"
      },
      "geometry": {
        "type": "Polygon",
        "coordinates": [
          [
            [
              84.76833,
              19.295
            ],
            [
              84.81833,
              19.295
            ],
            [
              84.81833,
              19.345
            ],
            [
              84.76833,
              19.345
            ],
            [
              84.76833,
              19.295
            ]
          ]
        ]
      }
    },
    {
      "type": "Feature",
      "properties": {
        "zone_id": "MN-ZONE-040",
        "belt_name": "Odisha Belt",
        "state": "Odisha",
        "latitude": 19.32,
        "longitude": 86.22667,
        "prospectivity_score": 0.75,
        "uncertainty_val": 0.3106,
        "confidence_tier": "Data-Rich",
        "confidence_percent": 68.9,
        "priority_category": "HIGH PRIORITY",
        "area_sq_km": 28.5,
        "elevation_m": 237.2172779498694,
        "slope_deg": 12.539248246120314,
        "swir_alteration_index": 1.9678953524818454,
        "ferrous_iron_index": 2.057421583839119,
        "environmental_overlap": false,
        "protected_area_name": null,
        "environmental_warning": null,
        "top_drivers": "SWIR Alteration (B11/B12), Structural Proximity, Slope"
      },
      "geometry": {
        "type": "Polygon",
        "coordinates": [
          [
            [
              86.20167,
              19.295
            ],
            [
              86.25167,
              19.295
            ],
            [
              86.25167,
              19.345
            ],
            [
              86.20167,
              19.345
            ],
            [
              86.20167,
              19.295
            ]
          ]
        ]
      }
    },
    {
      "type": "Feature",
      "properties": {
        "zone_id": "MN-ZONE-041",
        "belt_name": "Odisha Belt",
        "state": "Odisha",
        "latitude": 19.32,
        "longitude": 86.51333,
        "prospectivity_score": 0.8033,
        "uncertainty_val": 0.3122,
        "confidence_tier": "Data-Rich",
        "confidence_percent": 68.8,
        "priority_category": "HIGH PRIORITY",
        "area_sq_km": 28.5,
        "elevation_m": 518.3927691457868,
        "slope_deg": 7.93502081708977,
        "swir_alteration_index": 1.7000677321165367,
        "ferrous_iron_index": 3.925762575959981,
        "environmental_overlap": false,
        "protected_area_name": null,
        "environmental_warning": null,
        "top_drivers": "SWIR Alteration (B11/B12), Structural Proximity, Slope"
      },
      "geometry": {
        "type": "Polygon",
        "coordinates": [
          [
            [
              86.48833,
              19.295
            ],
            [
              86.53833,
              19.295
            ],
            [
              86.53833,
              19.345
            ],
            [
              86.48833,
              19.345
            ],
            [
              86.48833,
              19.295
            ]
          ]
        ]
      }
    },
    {
      "type": "Feature",
      "properties": {
        "zone_id": "MN-ZONE-042",
        "belt_name": "Odisha Belt",
        "state": "Odisha",
        "latitude": 19.32,
        "longitude": 86.8,
        "prospectivity_score": 0.8067,
        "uncertainty_val": 0.3246,
        "confidence_tier": "Data-Rich",
        "confidence_percent": 67.5,
        "priority_category": "HIGH PRIORITY",
        "area_sq_km": 28.5,
        "elevation_m": 382.3800127605945,
        "slope_deg": 8.688295094529295,
        "swir_alteration_index": 2.2506756766280014,
        "ferrous_iron_index": 1.743228660202065,
        "environmental_overlap": false,
        "protected_area_name": null,
        "environmental_warning": null,
        "top_drivers": "SWIR Alteration (B11/B12), Structural Proximity, Slope"
      },
      "geometry": {
        "type": "Polygon",
        "coordinates": [
          [
            [
              86.775,
              19.295
            ],
            [
              86.825,
              19.295
            ],
            [
              86.825,
              19.345
            ],
            [
              86.775,
              19.345
            ],
            [
              86.775,
              19.295
            ]
          ]
        ]
      }
    },
    {
      "type": "Feature",
      "properties": {
        "zone_id": "MN-ZONE-043",
        "belt_name": "Odisha Belt",
        "state": "Odisha",
        "latitude": 19.6,
        "longitude": 82.5,
        "prospectivity_score": 0.8833,
        "uncertainty_val": 0.1659,
        "confidence_tier": "Data-Rich",
        "confidence_percent": 83.4,
        "priority_category": "HIGH PRIORITY",
        "area_sq_km": 28.5,
        "elevation_m": 303.2298798688109,
        "slope_deg": 11.55926746778822,
        "swir_alteration_index": 1.7774876073371288,
        "ferrous_iron_index": 4.744387445196332,
        "environmental_overlap": false,
        "protected_area_name": null,
        "environmental_warning": null,
        "top_drivers": "SWIR Alteration (B11/B12), Structural Proximity, Slope"
      },
      "geometry": {
        "type": "Polygon",
        "coordinates": [
          [
            [
              82.475,
              19.575
            ],
            [
              82.525,
              19.575
            ],
            [
              82.525,
              19.625
            ],
            [
              82.475,
              19.625
            ],
            [
              82.475,
              19.575
            ]
          ]
        ]
      }
    },
    {
      "type": "Feature",
      "properties": {
        "zone_id": "MN-ZONE-044",
        "belt_name": "Odisha Belt",
        "state": "Odisha",
        "latitude": 19.6,
        "longitude": 83.36,
        "prospectivity_score": 0.78,
        "uncertainty_val": 0.0825,
        "confidence_tier": "Data-Rich",
        "confidence_percent": 91.8,
        "priority_category": "HIGH PRIORITY",
        "area_sq_km": 28.5,
        "elevation_m": 256.1532089794151,
        "slope_deg": 12.899206717791857,
        "swir_alteration_index": 2.0415750225301323,
        "ferrous_iron_index": 1.97523057589781,
        "environmental_overlap": false,
        "protected_area_name": null,
        "environmental_warning": null,
        "top_drivers": "SWIR Alteration (B11/B12), Structural Proximity, Slope"
      },
      "geometry": {
        "type": "Polygon",
        "coordinates": [
          [
            [
              83.335,
              19.575
            ],
            [
              83.385,
              19.575
            ],
            [
              83.385,
              19.625
            ],
            [
              83.335,
              19.625
            ],
            [
              83.335,
              19.575
            ]
          ]
        ]
      }
    },
    {
      "type": "Feature",
      "properties": {
        "zone_id": "MN-ZONE-045",
        "belt_name": "Odisha Belt",
        "state": "Odisha",
        "latitude": 19.6,
        "longitude": 83.64667,
        "prospectivity_score": 0.83,
        "uncertainty_val": 0.0949,
        "confidence_tier": "Data-Rich",
        "confidence_percent": 90.5,
        "priority_category": "HIGH PRIORITY",
        "area_sq_km": 28.5,
        "elevation_m": 460.5525932957984,
        "slope_deg": 15.34163637502171,
        "swir_alteration_index": 1.7095782076777726,
        "ferrous_iron_index": 1.858346723607823,
        "environmental_overlap": false,
        "protected_area_name": null,
        "environmental_warning": null,
        "top_drivers": "SWIR Alteration (B11/B12), Structural Proximity, Slope"
      },
      "geometry": {
        "type": "Polygon",
        "coordinates": [
          [
            [
              83.62167,
              19.575
            ],
            [
              83.67167,
              19.575
            ],
            [
              83.67167,
              19.625
            ],
            [
              83.62167,
              19.625
            ],
            [
              83.62167,
              19.575
            ]
          ]
        ]
      }
    },
    {
      "type": "Feature",
      "properties": {
        "zone_id": "MN-ZONE-046",
        "belt_name": "Odisha Belt",
        "state": "Odisha",
        "latitude": 19.6,
        "longitude": 85.08,
        "prospectivity_score": 0.8667,
        "uncertainty_val": 0.2303,
        "confidence_tier": "Data-Rich",
        "confidence_percent": 77.0,
        "priority_category": "HIGH PRIORITY",
        "area_sq_km": 28.5,
        "elevation_m": 534.6626500830473,
        "slope_deg": 11.000272228562277,
        "swir_alteration_index": 1.994152385041964,
        "ferrous_iron_index": 2.3887519082377,
        "environmental_overlap": false,
        "protected_area_name": null,
        "environmental_warning": null,
        "top_drivers": "SWIR Alteration (B11/B12), Structural Proximity, Slope"
      },
      "geometry": {
        "type": "Polygon",
        "coordinates": [
          [
            [
              85.055,
              19.575
            ],
            [
              85.105,
              19.575
            ],
            [
              85.105,
              19.625
            ],
            [
              85.055,
              19.625
            ],
            [
              85.055,
              19.575
            ]
          ]
        ]
      }
    },
    {
      "type": "Feature",
      "properties": {
        "zone_id": "MN-ZONE-047",
        "belt_name": "Odisha Belt",
        "state": "Odisha",
        "latitude": 19.6,
        "longitude": 85.36667,
        "prospectivity_score": 0.91,
        "uncertainty_val": 0.2655,
        "confidence_tier": "Data-Rich",
        "confidence_percent": 73.5,
        "priority_category": "HIGH PRIORITY",
        "area_sq_km": 28.5,
        "elevation_m": 279.80083121932444,
        "slope_deg": 7.0169458710207335,
        "swir_alteration_index": 1.4118075605791203,
        "ferrous_iron_index": 5.496168715026988,
        "environmental_overlap": false,
        "protected_area_name": null,
        "environmental_warning": null,
        "top_drivers": "SWIR Alteration (B11/B12), Structural Proximity, Slope"
      },
      "geometry": {
        "type": "Polygon",
        "coordinates": [
          [
            [
              85.34167,
              19.575
            ],
            [
              85.39167,
              19.575
            ],
            [
              85.39167,
              19.625
            ],
            [
              85.34167,
              19.625
            ],
            [
              85.34167,
              19.575
            ]
          ]
        ]
      }
    },
    {
      "type": "Feature",
      "properties": {
        "zone_id": "MN-ZONE-048",
        "belt_name": "Odisha Belt",
        "state": "Odisha",
        "latitude": 19.6,
        "longitude": 85.65333,
        "prospectivity_score": 0.7567,
        "uncertainty_val": 0.288,
        "confidence_tier": "Data-Rich",
        "confidence_percent": 71.2,
        "priority_category": "HIGH PRIORITY",
        "area_sq_km": 28.5,
        "elevation_m": 572.2695629135076,
        "slope_deg": 4.4298057516079785,
        "swir_alteration_index": 1.0108544764957839,
        "ferrous_iron_index": 3.024438301072323,
        "environmental_overlap": false,
        "protected_area_name": null,
        "environmental_warning": null,
        "top_drivers": "SWIR Alteration (B11/B12), Structural Proximity, Slope"
      },
      "geometry": {
        "type": "Polygon",
        "coordinates": [
          [
            [
              85.62833,
              19.575
            ],
            [
              85.67833,
              19.575
            ],
            [
              85.67833,
              19.625
            ],
            [
              85.62833,
              19.625
            ],
            [
              85.62833,
              19.575
            ]
          ]
        ]
      }
    },
    {
      "type": "Feature",
      "properties": {
        "zone_id": "MN-ZONE-049",
        "belt_name": "Odisha Belt",
        "state": "Odisha",
        "latitude": 19.6,
        "longitude": 85.94,
        "prospectivity_score": 0.8467,
        "uncertainty_val": 0.2645,
        "confidence_tier": "Data-Rich",
        "confidence_percent": 73.6,
        "priority_category": "HIGH PRIORITY",
        "area_sq_km": 28.5,
        "elevation_m": 269.6325432030269,
        "slope_deg": 17.376025624498304,
        "swir_alteration_index": 1.5380045631414667,
        "ferrous_iron_index": 1.9343209036205182,
        "environmental_overlap": false,
        "protected_area_name": null,
        "environmental_warning": null,
        "top_drivers": "SWIR Alteration (B11/B12), Structural Proximity, Slope"
      },
      "geometry": {
        "type": "Polygon",
        "coordinates": [
          [
            [
              85.915,
              19.575
            ],
            [
              85.965,
              19.575
            ],
            [
              85.965,
              19.625
            ],
            [
              85.915,
              19.625
            ],
            [
              85.915,
              19.575
            ]
          ]
        ]
      }
    },
    {
      "type": "Feature",
      "properties": {
        "zone_id": "MN-ZONE-050",
        "belt_name": "Odisha Belt",
        "state": "Odisha",
        "latitude": 19.6,
        "longitude": 86.22667,
        "prospectivity_score": 0.94,
        "uncertainty_val": 0.2529,
        "confidence_tier": "Data-Rich",
        "confidence_percent": 74.7,
        "priority_category": "HIGH PRIORITY",
        "area_sq_km": 28.5,
        "elevation_m": 239.92207171633152,
        "slope_deg": 6.79915618857758,
        "swir_alteration_index": 2.2141032516492087,
        "ferrous_iron_index": 1.7339091809388993,
        "environmental_overlap": false,
        "protected_area_name": null,
        "environmental_warning": null,
        "top_drivers": "SWIR Alteration (B11/B12), Structural Proximity, Slope"
      },
      "geometry": {
        "type": "Polygon",
        "coordinates": [
          [
            [
              86.20167,
              19.575
            ],
            [
              86.25167,
              19.575
            ],
            [
              86.25167,
              19.625
            ],
            [
              86.20167,
              19.625
            ],
            [
              86.20167,
              19.575
            ]
          ]
        ]
      }
    },
    {
      "type": "Feature",
      "properties": {
        "zone_id": "MN-ZONE-051",
        "belt_name": "Odisha Belt",
        "state": "Odisha",
        "latitude": 19.88,
        "longitude": 83.07333,
        "prospectivity_score": 0.8067,
        "uncertainty_val": 0.1382,
        "confidence_tier": "Data-Rich",
        "confidence_percent": 86.2,
        "priority_category": "HIGH PRIORITY",
        "area_sq_km": 28.5,
        "elevation_m": 347.4973041254856,
        "slope_deg": 13.679948346401293,
        "swir_alteration_index": 1.321226368983857,
        "ferrous_iron_index": 3.204206504925114,
        "environmental_overlap": false,
        "protected_area_name": null,
        "environmental_warning": null,
        "top_drivers": "SWIR Alteration (B11/B12), Structural Proximity, Slope"
      },
      "geometry": {
        "type": "Polygon",
        "coordinates": [
          [
            [
              83.04833,
              19.855
            ],
            [
              83.09833,
              19.855
            ],
            [
              83.09833,
              19.905
            ],
            [
              83.04833,
              19.905
            ],
            [
              83.04833,
              19.855
            ]
          ]
        ]
      }
    },
    {
      "type": "Feature",
      "properties": {
        "zone_id": "MN-ZONE-052",
        "belt_name": "Odisha Belt",
        "state": "Odisha",
        "latitude": 19.88,
        "longitude": 83.36,
        "prospectivity_score": 0.8333,
        "uncertainty_val": 0.1382,
        "confidence_tier": "Data-Rich",
        "confidence_percent": 86.2,
        "priority_category": "HIGH PRIORITY",
        "area_sq_km": 28.5,
        "elevation_m": 169.7591092505783,
        "slope_deg": 7.09061715463403,
        "swir_alteration_index": 1.1680957967428762,
        "ferrous_iron_index": 3.089494652187529,
        "environmental_overlap": false,
        "protected_area_name": null,
        "environmental_warning": null,
        "top_drivers": "SWIR Alteration (B11/B12), Structural Proximity, Slope"
      },
      "geometry": {
        "type": "Polygon",
        "coordinates": [
          [
            [
              83.335,
              19.855
            ],
            [
              83.385,
              19.855
            ],
            [
              83.385,
              19.905
            ],
            [
              83.335,
              19.905
            ],
            [
              83.335,
              19.855
            ]
          ]
        ]
      }
    },
    {
      "type": "Feature",
      "properties": {
        "zone_id": "MN-ZONE-053",
        "belt_name": "Odisha Belt",
        "state": "Odisha",
        "latitude": 19.88,
        "longitude": 83.64667,
        "prospectivity_score": 0.8733,
        "uncertainty_val": 0.15,
        "confidence_tier": "Data-Rich",
        "confidence_percent": 85.0,
        "priority_category": "HIGH PRIORITY",
        "area_sq_km": 28.5,
        "elevation_m": 364.86674572021116,
        "slope_deg": 8.483113129968823,
        "swir_alteration_index": 0.8114174575304353,
        "ferrous_iron_index": 4.350174129231413,
        "environmental_overlap": false,
        "protected_area_name": null,
        "environmental_warning": null,
        "top_drivers": "SWIR Alteration (B11/B12), Structural Proximity, Slope"
      },
      "geometry": {
        "type": "Polygon",
        "coordinates": [
          [
            [
              83.62167,
              19.855
            ],
            [
              83.67167,
              19.855
            ],
            [
              83.67167,
              19.905
            ],
            [
              83.62167,
              19.905
            ],
            [
              83.62167,
              19.855
            ]
          ]
        ]
      }
    },
    {
      "type": "Feature",
      "properties": {
        "zone_id": "MN-ZONE-054",
        "belt_name": "Odisha Belt",
        "state": "Odisha",
        "latitude": 19.88,
        "longitude": 83.93333,
        "prospectivity_score": 0.8,
        "uncertainty_val": 0.1741,
        "confidence_tier": "Data-Rich",
        "confidence_percent": 82.6,
        "priority_category": "HIGH PRIORITY",
        "area_sq_km": 28.5,
        "elevation_m": 399.9526985095408,
        "slope_deg": 20.299069309589527,
        "swir_alteration_index": 1.7580592755610063,
        "ferrous_iron_index": 5.478093195976842,
        "environmental_overlap": false,
        "protected_area_name": null,
        "environmental_warning": null,
        "top_drivers": "SWIR Alteration (B11/B12), Structural Proximity, Slope"
      },
      "geometry": {
        "type": "Polygon",
        "coordinates": [
          [
            [
              83.90833,
              19.855
            ],
            [
              83.95833,
              19.855
            ],
            [
              83.95833,
              19.905
            ],
            [
              83.90833,
              19.905
            ],
            [
              83.90833,
              19.855
            ]
          ]
        ]
      }
    },
    {
      "type": "Feature",
      "properties": {
        "zone_id": "MN-ZONE-055",
        "belt_name": "Odisha Belt",
        "state": "Odisha",
        "latitude": 19.88,
        "longitude": 84.79333,
        "prospectivity_score": 0.87,
        "uncertainty_val": 0.1517,
        "confidence_tier": "Data-Rich",
        "confidence_percent": 84.8,
        "priority_category": "HIGH PRIORITY",
        "area_sq_km": 28.5,
        "elevation_m": 480.1741289398798,
        "slope_deg": 17.02680038527084,
        "swir_alteration_index": 1.2880526240796077,
        "ferrous_iron_index": 4.145390430227915,
        "environmental_overlap": false,
        "protected_area_name": null,
        "environmental_warning": null,
        "top_drivers": "SWIR Alteration (B11/B12), Structural Proximity, Slope"
      },
      "geometry": {
        "type": "Polygon",
        "coordinates": [
          [
            [
              84.76833,
              19.855
            ],
            [
              84.81833,
              19.855
            ],
            [
              84.81833,
              19.905
            ],
            [
              84.76833,
              19.905
            ],
            [
              84.76833,
              19.855
            ]
          ]
        ]
      }
    },
    {
      "type": "Feature",
      "properties": {
        "zone_id": "MN-ZONE-056",
        "belt_name": "Odisha Belt",
        "state": "Odisha",
        "latitude": 19.88,
        "longitude": 85.08,
        "prospectivity_score": 0.8267,
        "uncertainty_val": 0.1829,
        "confidence_tier": "Data-Rich",
        "confidence_percent": 81.7,
        "priority_category": "HIGH PRIORITY",
        "area_sq_km": 28.5,
        "elevation_m": 269.7507266788353,
        "slope_deg": 15.844650961811734,
        "swir_alteration_index": 0.7935418747441013,
        "ferrous_iron_index": 2.85327878521743,
        "environmental_overlap": false,
        "protected_area_name": null,
        "environmental_warning": null,
        "top_drivers": "SWIR Alteration (B11/B12), Structural Proximity, Slope"
      },
      "geometry": {
        "type": "Polygon",
        "coordinates": [
          [
            [
              85.055,
              19.855
            ],
            [
              85.105,
              19.855
            ],
            [
              85.105,
              19.905
            ],
            [
              85.055,
              19.905
            ],
            [
              85.055,
              19.855
            ]
          ]
        ]
      }
    },
    {
      "type": "Feature",
      "properties": {
        "zone_id": "MN-ZONE-057",
        "belt_name": "Odisha Belt",
        "state": "Odisha",
        "latitude": 20.16,
        "longitude": 83.07333,
        "prospectivity_score": 0.91,
        "uncertainty_val": 0.1952,
        "confidence_tier": "Data-Rich",
        "confidence_percent": 80.5,
        "priority_category": "HIGH PRIORITY",
        "area_sq_km": 28.5,
        "elevation_m": 235.8310885866495,
        "slope_deg": 9.128532433241269,
        "swir_alteration_index": 1.6922112719687523,
        "ferrous_iron_index": 4.922263244343592,
        "environmental_overlap": false,
        "protected_area_name": null,
        "environmental_warning": null,
        "top_drivers": "SWIR Alteration (B11/B12), Structural Proximity, Slope"
      },
      "geometry": {
        "type": "Polygon",
        "coordinates": [
          [
            [
              83.04833,
              20.135
            ],
            [
              83.09833,
              20.135
            ],
            [
              83.09833,
              20.185
            ],
            [
              83.04833,
              20.185
            ],
            [
              83.04833,
              20.135
            ]
          ]
        ]
      }
    },
    {
      "type": "Feature",
      "properties": {
        "zone_id": "MN-ZONE-058",
        "belt_name": "Odisha Belt",
        "state": "Odisha",
        "latitude": 20.16,
        "longitude": 83.36,
        "prospectivity_score": 0.7967,
        "uncertainty_val": 0.1951,
        "confidence_tier": "Data-Rich",
        "confidence_percent": 80.5,
        "priority_category": "HIGH PRIORITY",
        "area_sq_km": 28.5,
        "elevation_m": 469.86413719910513,
        "slope_deg": 1.2818695758559304,
        "swir_alteration_index": 1.1370794065522412,
        "ferrous_iron_index": 3.2826548439157803,
        "environmental_overlap": false,
        "protected_area_name": null,
        "environmental_warning": null,
        "top_drivers": "SWIR Alteration (B11/B12), Structural Proximity, Slope"
      },
      "geometry": {
        "type": "Polygon",
        "coordinates": [
          [
            [
              83.335,
              20.135
            ],
            [
              83.385,
              20.135
            ],
            [
              83.385,
              20.185
            ],
            [
              83.335,
              20.185
            ],
            [
              83.335,
              20.135
            ]
          ]
        ]
      }
    },
    {
      "type": "Feature",
      "properties": {
        "zone_id": "MN-ZONE-059",
        "belt_name": "Odisha Belt",
        "state": "Odisha",
        "latitude": 20.16,
        "longitude": 83.64667,
        "prospectivity_score": 0.8633,
        "uncertainty_val": 0.1941,
        "confidence_tier": "Data-Rich",
        "confidence_percent": 80.6,
        "priority_category": "HIGH PRIORITY",
        "area_sq_km": 28.5,
        "elevation_m": 401.36001065697167,
        "slope_deg": 7.602846221521398,
        "swir_alteration_index": 1.4815042072366138,
        "ferrous_iron_index": 2.608836006870153,
        "environmental_overlap": false,
        "protected_area_name": null,
        "environmental_warning": null,
        "top_drivers": "SWIR Alteration (B11/B12), Structural Proximity, Slope"
      },
      "geometry": {
        "type": "Polygon",
        "coordinates": [
          [
            [
              83.62167,
              20.135
            ],
            [
              83.67167,
              20.135
            ],
            [
              83.67167,
              20.185
            ],
            [
              83.62167,
              20.185
            ],
            [
              83.62167,
              20.135
            ]
          ]
        ]
      }
    },
    {
      "type": "Feature",
      "properties": {
        "zone_id": "MN-ZONE-060",
        "belt_name": "Odisha Belt",
        "state": "Odisha",
        "latitude": 20.16,
        "longitude": 84.50667,
        "prospectivity_score": 0.8933,
        "uncertainty_val": 0.0818,
        "confidence_tier": "Data-Rich",
        "confidence_percent": 91.8,
        "priority_category": "HIGH PRIORITY",
        "area_sq_km": 28.5,
        "elevation_m": 216.6842689346345,
        "slope_deg": 20.86655949396384,
        "swir_alteration_index": 1.9401975869953791,
        "ferrous_iron_index": 4.275375873083954,
        "environmental_overlap": false,
        "protected_area_name": null,
        "environmental_warning": null,
        "top_drivers": "SWIR Alteration (B11/B12), Structural Proximity, Slope"
      },
      "geometry": {
        "type": "Polygon",
        "coordinates": [
          [
            [
              84.48167,
              20.135
            ],
            [
              84.53167,
              20.135
            ],
            [
              84.53167,
              20.185
            ],
            [
              84.48167,
              20.185
            ],
            [
              84.48167,
              20.135
            ]
          ]
        ]
      }
    },
    {
      "type": "Feature",
      "properties": {
        "zone_id": "MN-ZONE-061",
        "belt_name": "Odisha Belt",
        "state": "Odisha",
        "latitude": 20.16,
        "longitude": 84.79333,
        "prospectivity_score": 0.8667,
        "uncertainty_val": 0.1008,
        "confidence_tier": "Data-Rich",
        "confidence_percent": 89.9,
        "priority_category": "HIGH PRIORITY",
        "area_sq_km": 28.5,
        "elevation_m": 367.64415552772255,
        "slope_deg": 8.34837472412505,
        "swir_alteration_index": 1.5649076190427955,
        "ferrous_iron_index": 2.008029424166815,
        "environmental_overlap": false,
        "protected_area_name": null,
        "environmental_warning": null,
        "top_drivers": "SWIR Alteration (B11/B12), Structural Proximity, Slope"
      },
      "geometry": {
        "type": "Polygon",
        "coordinates": [
          [
            [
              84.76833,
              20.135
            ],
            [
              84.81833,
              20.135
            ],
            [
              84.81833,
              20.185
            ],
            [
              84.76833,
              20.185
            ],
            [
              84.76833,
              20.135
            ]
          ]
        ]
      }
    },
    {
      "type": "Feature",
      "properties": {
        "zone_id": "MN-ZONE-062",
        "belt_name": "Odisha Belt",
        "state": "Odisha",
        "latitude": 20.16,
        "longitude": 85.08,
        "prospectivity_score": 0.9167,
        "uncertainty_val": 0.1434,
        "confidence_tier": "Data-Rich",
        "confidence_percent": 85.7,
        "priority_category": "HIGH PRIORITY",
        "area_sq_km": 28.5,
        "elevation_m": 285.27593620119535,
        "slope_deg": 9.73503185543774,
        "swir_alteration_index": 1.234325190365572,
        "ferrous_iron_index": 2.8660271346189483,
        "environmental_overlap": false,
        "protected_area_name": null,
        "environmental_warning": null,
        "top_drivers": "SWIR Alteration (B11/B12), Structural Proximity, Slope"
      },
      "geometry": {
        "type": "Polygon",
        "coordinates": [
          [
            [
              85.055,
              20.135
            ],
            [
              85.105,
              20.135
            ],
            [
              85.105,
              20.185
            ],
            [
              85.055,
              20.185
            ],
            [
              85.055,
              20.135
            ]
          ]
        ]
      }
    },
    {
      "type": "Feature",
      "properties": {
        "zone_id": "MN-ZONE-063",
        "belt_name": "Odisha Belt",
        "state": "Odisha",
        "latitude": 20.16,
        "longitude": 85.65333,
        "prospectivity_score": 0.85,
        "uncertainty_val": 0.1947,
        "confidence_tier": "Data-Rich",
        "confidence_percent": 80.5,
        "priority_category": "HIGH PRIORITY",
        "area_sq_km": 28.5,
        "elevation_m": 468.8145734706984,
        "slope_deg": 12.415346303556078,
        "swir_alteration_index": 1.6373330796346106,
        "ferrous_iron_index": 1.8677869039415995,
        "environmental_overlap": false,
        "protected_area_name": null,
        "environmental_warning": null,
        "top_drivers": "SWIR Alteration (B11/B12), Structural Proximity, Slope"
      },
      "geometry": {
        "type": "Polygon",
        "coordinates": [
          [
            [
              85.62833,
              20.135
            ],
            [
              85.67833,
              20.135
            ],
            [
              85.67833,
              20.185
            ],
            [
              85.62833,
              20.185
            ],
            [
              85.62833,
              20.135
            ]
          ]
        ]
      }
    },
    {
      "type": "Feature",
      "properties": {
        "zone_id": "MN-ZONE-064",
        "belt_name": "Odisha Belt",
        "state": "Odisha",
        "latitude": 20.16,
        "longitude": 86.51333,
        "prospectivity_score": 0.8933,
        "uncertainty_val": 0.1413,
        "confidence_tier": "Data-Rich",
        "confidence_percent": 85.9,
        "priority_category": "HIGH PRIORITY",
        "area_sq_km": 28.5,
        "elevation_m": 481.71150673398654,
        "slope_deg": 9.468691628540146,
        "swir_alteration_index": 1.8446890874987312,
        "ferrous_iron_index": 4.259626676155677,
        "environmental_overlap": false,
        "protected_area_name": null,
        "environmental_warning": null,
        "top_drivers": "SWIR Alteration (B11/B12), Structural Proximity, Slope"
      },
      "geometry": {
        "type": "Polygon",
        "coordinates": [
          [
            [
              86.48833,
              20.135
            ],
            [
              86.53833,
              20.135
            ],
            [
              86.53833,
              20.185
            ],
            [
              86.48833,
              20.185
            ],
            [
              86.48833,
              20.135
            ]
          ]
        ]
      }
    },
    {
      "type": "Feature",
      "properties": {
        "zone_id": "MN-ZONE-065",
        "belt_name": "Odisha Belt",
        "state": "Odisha",
        "latitude": 20.44,
        "longitude": 82.5,
        "prospectivity_score": 0.8067,
        "uncertainty_val": 0.291,
        "confidence_tier": "Data-Rich",
        "confidence_percent": 70.9,
        "priority_category": "HIGH PRIORITY",
        "area_sq_km": 28.5,
        "elevation_m": 408.6693801475275,
        "slope_deg": 7.86293354519864,
        "swir_alteration_index": 0.9538059383966913,
        "ferrous_iron_index": 2.5115441256077067,
        "environmental_overlap": false,
        "protected_area_name": null,
        "environmental_warning": null,
        "top_drivers": "SWIR Alteration (B11/B12), Structural Proximity, Slope"
      },
      "geometry": {
        "type": "Polygon",
        "coordinates": [
          [
            [
              82.475,
              20.415
            ],
            [
              82.525,
              20.415
            ],
            [
              82.525,
              20.465
            ],
            [
              82.475,
              20.465
            ],
            [
              82.475,
              20.415
            ]
          ]
        ]
      }
    },
    {
      "type": "Feature",
      "properties": {
        "zone_id": "MN-ZONE-066",
        "belt_name": "Odisha Belt",
        "state": "Odisha",
        "latitude": 20.44,
        "longitude": 83.07333,
        "prospectivity_score": 0.85,
        "uncertainty_val": 0.2525,
        "confidence_tier": "Data-Rich",
        "confidence_percent": 74.7,
        "priority_category": "HIGH PRIORITY",
        "area_sq_km": 28.5,
        "elevation_m": 420.94518171390393,
        "slope_deg": 8.040311332435705,
        "swir_alteration_index": 1.3318243341218192,
        "ferrous_iron_index": 1.7311379009583114,
        "environmental_overlap": false,
        "protected_area_name": null,
        "environmental_warning": null,
        "top_drivers": "SWIR Alteration (B11/B12), Structural Proximity, Slope"
      },
      "geometry": {
        "type": "Polygon",
        "coordinates": [
          [
            [
              83.04833,
              20.415
            ],
            [
              83.09833,
              20.415
            ],
            [
              83.09833,
              20.465
            ],
            [
              83.04833,
              20.465
            ],
            [
              83.04833,
              20.415
            ]
          ]
        ]
      }
    },
    {
      "type": "Feature",
      "properties": {
        "zone_id": "MN-ZONE-067",
        "belt_name": "Odisha Belt",
        "state": "Odisha",
        "latitude": 20.44,
        "longitude": 83.64667,
        "prospectivity_score": 0.75,
        "uncertainty_val": 0.1771,
        "confidence_tier": "Data-Rich",
        "confidence_percent": 82.3,
        "priority_category": "HIGH PRIORITY",
        "area_sq_km": 28.5,
        "elevation_m": 357.0052163113181,
        "slope_deg": 15.228452361736856,
        "swir_alteration_index": 2.3794442479522164,
        "ferrous_iron_index": 1.384193673102699,
        "environmental_overlap": false,
        "protected_area_name": null,
        "environmental_warning": null,
        "top_drivers": "SWIR Alteration (B11/B12), Structural Proximity, Slope"
      },
      "geometry": {
        "type": "Polygon",
        "coordinates": [
          [
            [
              83.62167,
              20.415
            ],
            [
              83.67167,
              20.415
            ],
            [
              83.67167,
              20.465
            ],
            [
              83.62167,
              20.465
            ],
            [
              83.62167,
              20.415
            ]
          ]
        ]
      }
    },
    {
      "type": "Feature",
      "properties": {
        "zone_id": "MN-ZONE-068",
        "belt_name": "Odisha Belt",
        "state": "Odisha",
        "latitude": 20.44,
        "longitude": 84.22,
        "prospectivity_score": 0.9867,
        "uncertainty_val": 0.0622,
        "confidence_tier": "Data-Rich",
        "confidence_percent": 93.8,
        "priority_category": "HIGH PRIORITY",
        "area_sq_km": 28.5,
        "elevation_m": 362.3204806784486,
        "slope_deg": 12.481684192182104,
        "swir_alteration_index": 1.318471738889951,
        "ferrous_iron_index": 2.442659622566787,
        "environmental_overlap": false,
        "protected_area_name": null,
        "environmental_warning": null,
        "top_drivers": "SWIR Alteration (B11/B12), Structural Proximity, Slope"
      },
      "geometry": {
        "type": "Polygon",
        "coordinates": [
          [
            [
              84.195,
              20.415
            ],
            [
              84.245,
              20.415
            ],
            [
              84.245,
              20.465
            ],
            [
              84.195,
              20.465
            ],
            [
              84.195,
              20.415
            ]
          ]
        ]
      }
    },
    {
      "type": "Feature",
      "properties": {
        "zone_id": "MN-ZONE-069",
        "belt_name": "Odisha Belt",
        "state": "Odisha",
        "latitude": 20.44,
        "longitude": 84.50667,
        "prospectivity_score": 0.86,
        "uncertainty_val": 0.0239,
        "confidence_tier": "Data-Rich",
        "confidence_percent": 97.6,
        "priority_category": "HIGH PRIORITY",
        "area_sq_km": 28.5,
        "elevation_m": 395.2033344585769,
        "slope_deg": 4.41972868388237,
        "swir_alteration_index": 1.3123467601806738,
        "ferrous_iron_index": 3.5848850437234714,
        "environmental_overlap": false,
        "protected_area_name": null,
        "environmental_warning": null,
        "top_drivers": "SWIR Alteration (B11/B12), Structural Proximity, Slope"
      },
      "geometry": {
        "type": "Polygon",
        "coordinates": [
          [
            [
              84.48167,
              20.415
            ],
            [
              84.53167,
              20.415
            ],
            [
              84.53167,
              20.465
            ],
            [
              84.48167,
              20.465
            ],
            [
              84.48167,
              20.415
            ]
          ]
        ]
      }
    },
    {
      "type": "Feature",
      "properties": {
        "zone_id": "MN-ZONE-070",
        "belt_name": "Odisha Belt",
        "state": "Odisha",
        "latitude": 20.44,
        "longitude": 84.79333,
        "prospectivity_score": 0.7867,
        "uncertainty_val": 0.0629,
        "confidence_tier": "Data-Rich",
        "confidence_percent": 93.7,
        "priority_category": "HIGH PRIORITY",
        "area_sq_km": 28.5,
        "elevation_m": 371.3196628237689,
        "slope_deg": 6.616138007175314,
        "swir_alteration_index": 1.9596577102911132,
        "ferrous_iron_index": 2.0590752444403932,
        "environmental_overlap": false,
        "protected_area_name": null,
        "environmental_warning": null,
        "top_drivers": "SWIR Alteration (B11/B12), Structural Proximity, Slope"
      },
      "geometry": {
        "type": "Polygon",
        "coordinates": [
          [
            [
              84.76833,
              20.415
            ],
            [
              84.81833,
              20.415
            ],
            [
              84.81833,
              20.465
            ],
            [
              84.76833,
              20.465
            ],
            [
              84.76833,
              20.415
            ]
          ]
        ]
      }
    },
    {
      "type": "Feature",
      "properties": {
        "zone_id": "MN-ZONE-071",
        "belt_name": "Odisha Belt",
        "state": "Odisha",
        "latitude": 20.44,
        "longitude": 85.08,
        "prospectivity_score": 0.8233,
        "uncertainty_val": 0.1196,
        "confidence_tier": "Data-Rich",
        "confidence_percent": 88.0,
        "priority_category": "HIGH PRIORITY",
        "area_sq_km": 28.5,
        "elevation_m": 442.1247684910345,
        "slope_deg": 7.559324553525419,
        "swir_alteration_index": 1.5427398613084158,
        "ferrous_iron_index": 2.6591445284558377,
        "environmental_overlap": false,
        "protected_area_name": null,
        "environmental_warning": null,
        "top_drivers": "SWIR Alteration (B11/B12), Structural Proximity, Slope"
      },
      "geometry": {
        "type": "Polygon",
        "coordinates": [
          [
            [
              85.055,
              20.415
            ],
            [
              85.105,
              20.415
            ],
            [
              85.105,
              20.465
            ],
            [
              85.055,
              20.465
            ],
            [
              85.055,
              20.415
            ]
          ]
        ]
      }
    },
    {
      "type": "Feature",
      "properties": {
        "zone_id": "MN-ZONE-072",
        "belt_name": "Odisha Belt",
        "state": "Odisha",
        "latitude": 20.44,
        "longitude": 85.65333,
        "prospectivity_score": 0.93,
        "uncertainty_val": 0.1593,
        "confidence_tier": "Data-Rich",
        "confidence_percent": 84.1,
        "priority_category": "HIGH PRIORITY",
        "area_sq_km": 28.5,
        "elevation_m": 355.8351004285478,
        "slope_deg": 6.648471069730629,
        "swir_alteration_index": 1.5747058519213526,
        "ferrous_iron_index": 5.653799965864233,
        "environmental_overlap": false,
        "protected_area_name": null,
        "environmental_warning": null,
        "top_drivers": "SWIR Alteration (B11/B12), Structural Proximity, Slope"
      },
      "geometry": {
        "type": "Polygon",
        "coordinates": [
          [
            [
              85.62833,
              20.415
            ],
            [
              85.67833,
              20.415
            ],
            [
              85.67833,
              20.465
            ],
            [
              85.62833,
              20.465
            ],
            [
              85.62833,
              20.415
            ]
          ]
        ]
      }
    },
    {
      "type": "Feature",
      "properties": {
        "zone_id": "MN-ZONE-073",
        "belt_name": "Odisha Belt",
        "state": "Odisha",
        "latitude": 20.44,
        "longitude": 85.94,
        "prospectivity_score": 0.8467,
        "uncertainty_val": 0.1118,
        "confidence_tier": "Data-Rich",
        "confidence_percent": 88.8,
        "priority_category": "HIGH PRIORITY",
        "area_sq_km": 28.5,
        "elevation_m": 285.3772690156197,
        "slope_deg": 17.988899016742806,
        "swir_alteration_index": 1.3144815715966984,
        "ferrous_iron_index": 3.4017730698998707,
        "environmental_overlap": false,
        "protected_area_name": null,
        "environmental_warning": null,
        "top_drivers": "SWIR Alteration (B11/B12), Structural Proximity, Slope"
      },
      "geometry": {
        "type": "Polygon",
        "coordinates": [
          [
            [
              85.915,
              20.415
            ],
            [
              85.965,
              20.415
            ],
            [
              85.965,
              20.465
            ],
            [
              85.915,
              20.465
            ],
            [
              85.915,
              20.415
            ]
          ]
        ]
      }
    },
    {
      "type": "Feature",
      "properties": {
        "zone_id": "MN-ZONE-074",
        "belt_name": "Odisha Belt",
        "state": "Odisha",
        "latitude": 20.44,
        "longitude": 86.51333,
        "prospectivity_score": 0.83,
        "uncertainty_val": 0.0868,
        "confidence_tier": "Data-Rich",
        "confidence_percent": 91.3,
        "priority_category": "HIGH PRIORITY",
        "area_sq_km": 28.5,
        "elevation_m": 181.65618077790498,
        "slope_deg": 6.37358470076715,
        "swir_alteration_index": 1.7583946795212668,
        "ferrous_iron_index": 4.00861293301229,
        "environmental_overlap": false,
        "protected_area_name": null,
        "environmental_warning": null,
        "top_drivers": "SWIR Alteration (B11/B12), Structural Proximity, Slope"
      },
      "geometry": {
        "type": "Polygon",
        "coordinates": [
          [
            [
              86.48833,
              20.415
            ],
            [
              86.53833,
              20.415
            ],
            [
              86.53833,
              20.465
            ],
            [
              86.48833,
              20.465
            ],
            [
              86.48833,
              20.415
            ]
          ]
        ]
      }
    },
    {
      "type": "Feature",
      "properties": {
        "zone_id": "MN-ZONE-075",
        "belt_name": "Odisha Belt",
        "state": "Odisha",
        "latitude": 20.44,
        "longitude": 86.8,
        "prospectivity_score": 0.98,
        "uncertainty_val": 0.124,
        "confidence_tier": "Data-Rich",
        "confidence_percent": 87.6,
        "priority_category": "HIGH PRIORITY",
        "area_sq_km": 28.5,
        "elevation_m": 240.18545219691532,
        "slope_deg": 8.371848973453446,
        "swir_alteration_index": 2.007047185662263,
        "ferrous_iron_index": 2.5458139548703738,
        "environmental_overlap": false,
        "protected_area_name": null,
        "environmental_warning": null,
        "top_drivers": "SWIR Alteration (B11/B12), Structural Proximity, Slope"
      },
      "geometry": {
        "type": "Polygon",
        "coordinates": [
          [
            [
              86.775,
              20.415
            ],
            [
              86.825,
              20.415
            ],
            [
              86.825,
              20.465
            ],
            [
              86.775,
              20.465
            ],
            [
              86.775,
              20.415
            ]
          ]
        ]
      }
    },
    {
      "type": "Feature",
      "properties": {
        "zone_id": "MN-ZONE-076",
        "belt_name": "Odisha Belt",
        "state": "Odisha",
        "latitude": 20.72,
        "longitude": 82.78667,
        "prospectivity_score": 0.88,
        "uncertainty_val": 0.3211,
        "confidence_tier": "Data-Rich",
        "confidence_percent": 67.9,
        "priority_category": "HIGH PRIORITY",
        "area_sq_km": 28.5,
        "elevation_m": 356.1115609367388,
        "slope_deg": 12.222783423971743,
        "swir_alteration_index": 1.5173666940185606,
        "ferrous_iron_index": 2.4656416784838933,
        "environmental_overlap": false,
        "protected_area_name": null,
        "environmental_warning": null,
        "top_drivers": "SWIR Alteration (B11/B12), Structural Proximity, Slope"
      },
      "geometry": {
        "type": "Polygon",
        "coordinates": [
          [
            [
              82.76167,
              20.695
            ],
            [
              82.81167,
              20.695
            ],
            [
              82.81167,
              20.745
            ],
            [
              82.76167,
              20.745
            ],
            [
              82.76167,
              20.695
            ]
          ]
        ]
      }
    },
    {
      "type": "Feature",
      "properties": {
        "zone_id": "MN-ZONE-077",
        "belt_name": "Odisha Belt",
        "state": "Odisha",
        "latitude": 20.72,
        "longitude": 83.36,
        "prospectivity_score": 0.8033,
        "uncertainty_val": 0.2366,
        "confidence_tier": "Data-Rich",
        "confidence_percent": 76.3,
        "priority_category": "HIGH PRIORITY",
        "area_sq_km": 28.5,
        "elevation_m": 337.538220380987,
        "slope_deg": 4.723337760162658,
        "swir_alteration_index": 1.9813493607273718,
        "ferrous_iron_index": 2.33040300582391,
        "environmental_overlap": false,
        "protected_area_name": null,
        "environmental_warning": null,
        "top_drivers": "SWIR Alteration (B11/B12), Structural Proximity, Slope"
      },
      "geometry": {
        "type": "Polygon",
        "coordinates": [
          [
            [
              83.335,
              20.695
            ],
            [
              83.385,
              20.695
            ],
            [
              83.385,
              20.745
            ],
            [
              83.335,
              20.745
            ],
            [
              83.335,
              20.695
            ]
          ]
        ]
      }
    },
    {
      "type": "Feature",
      "properties": {
        "zone_id": "MN-ZONE-078",
        "belt_name": "Odisha Belt",
        "state": "Odisha",
        "latitude": 20.72,
        "longitude": 83.64667,
        "prospectivity_score": 0.76,
        "uncertainty_val": 0.1781,
        "confidence_tier": "Data-Rich",
        "confidence_percent": 82.2,
        "priority_category": "HIGH PRIORITY",
        "area_sq_km": 28.5,
        "elevation_m": 344.51059993837134,
        "slope_deg": 11.284993336859456,
        "swir_alteration_index": 1.2461963521450972,
        "ferrous_iron_index": 2.115918807569414,
        "environmental_overlap": false,
        "protected_area_name": null,
        "environmental_warning": null,
        "top_drivers": "SWIR Alteration (B11/B12), Structural Proximity, Slope"
      },
      "geometry": {
        "type": "Polygon",
        "coordinates": [
          [
            [
              83.62167,
              20.695
            ],
            [
              83.67167,
              20.695
            ],
            [
              83.67167,
              20.745
            ],
            [
              83.62167,
              20.745
            ],
            [
              83.62167,
              20.695
            ]
          ]
        ]
      }
    },
    {
      "type": "Feature",
      "properties": {
        "zone_id": "MN-ZONE-079",
        "belt_name": "Odisha Belt",
        "state": "Odisha",
        "latitude": 20.72,
        "longitude": 84.50667,
        "prospectivity_score": 0.8,
        "uncertainty_val": 0.0297,
        "confidence_tier": "Data-Rich",
        "confidence_percent": 97.0,
        "priority_category": "HIGH PRIORITY",
        "area_sq_km": 28.5,
        "elevation_m": 330.89523100529703,
        "slope_deg": 7.532021476778546,
        "swir_alteration_index": 1.447457114571178,
        "ferrous_iron_index": 2.3238965788344252,
        "environmental_overlap": false,
        "protected_area_name": null,
        "environmental_warning": null,
        "top_drivers": "SWIR Alteration (B11/B12), Structural Proximity, Slope"
      },
      "geometry": {
        "type": "Polygon",
        "coordinates": [
          [
            [
              84.48167,
              20.695
            ],
            [
              84.53167,
              20.695
            ],
            [
              84.53167,
              20.745
            ],
            [
              84.48167,
              20.745
            ],
            [
              84.48167,
              20.695
            ]
          ]
        ]
      }
    },
    {
      "type": "Feature",
      "properties": {
        "zone_id": "MN-ZONE-080",
        "belt_name": "Odisha Belt",
        "state": "Odisha",
        "latitude": 20.72,
        "longitude": 85.36667,
        "prospectivity_score": 0.7833,
        "uncertainty_val": 0.1788,
        "confidence_tier": "Data-Rich",
        "confidence_percent": 82.1,
        "priority_category": "HIGH PRIORITY",
        "area_sq_km": 28.5,
        "elevation_m": 297.59116020654074,
        "slope_deg": 10.68559692415175,
        "swir_alteration_index": 1.6094366732202257,
        "ferrous_iron_index": 3.1409913734871435,
        "environmental_overlap": false,
        "protected_area_name": null,
        "environmental_warning": null,
        "top_drivers": "SWIR Alteration (B11/B12), Structural Proximity, Slope"
      },
      "geometry": {
        "type": "Polygon",
        "coordinates": [
          [
            [
              85.34167,
              20.695
            ],
            [
              85.39167,
              20.695
            ],
            [
              85.39167,
              20.745
            ],
            [
              85.34167,
              20.745
            ],
            [
              85.34167,
              20.695
            ]
          ]
        ]
      }
    },
    {
      "type": "Feature",
      "properties": {
        "zone_id": "MN-ZONE-081",
        "belt_name": "Odisha Belt",
        "state": "Odisha",
        "latitude": 20.72,
        "longitude": 85.94,
        "prospectivity_score": 0.9433,
        "uncertainty_val": 0.0816,
        "confidence_tier": "Data-Rich",
        "confidence_percent": 91.8,
        "priority_category": "HIGH PRIORITY",
        "area_sq_km": 28.5,
        "elevation_m": 358.86575909614373,
        "slope_deg": 10.88792068332518,
        "swir_alteration_index": 1.4927144366600031,
        "ferrous_iron_index": 1.545893443829279,
        "environmental_overlap": false,
        "protected_area_name": null,
        "environmental_warning": null,
        "top_drivers": "SWIR Alteration (B11/B12), Structural Proximity, Slope"
      },
      "geometry": {
        "type": "Polygon",
        "coordinates": [
          [
            [
              85.915,
              20.695
            ],
            [
              85.965,
              20.695
            ],
            [
              85.965,
              20.745
            ],
            [
              85.915,
              20.745
            ],
            [
              85.915,
              20.695
            ]
          ]
        ]
      }
    },
    {
      "type": "Feature",
      "properties": {
        "zone_id": "MN-ZONE-082",
        "belt_name": "Odisha Belt",
        "state": "Odisha",
        "latitude": 20.72,
        "longitude": 86.51333,
        "prospectivity_score": 0.9367,
        "uncertainty_val": 0.042,
        "confidence_tier": "Data-Rich",
        "confidence_percent": 95.8,
        "priority_category": "HIGH PRIORITY",
        "area_sq_km": 28.5,
        "elevation_m": 231.05881071326723,
        "slope_deg": 17.392028289651837,
        "swir_alteration_index": 1.871792799585644,
        "ferrous_iron_index": 1.7836931618141467,
        "environmental_overlap": false,
        "protected_area_name": null,
        "environmental_warning": null,
        "top_drivers": "SWIR Alteration (B11/B12), Structural Proximity, Slope"
      },
      "geometry": {
        "type": "Polygon",
        "coordinates": [
          [
            [
              86.48833,
              20.695
            ],
            [
              86.53833,
              20.695
            ],
            [
              86.53833,
              20.745
            ],
            [
              86.48833,
              20.745
            ],
            [
              86.48833,
              20.695
            ]
          ]
        ]
      }
    },
    {
      "type": "Feature",
      "properties": {
        "zone_id": "MN-ZONE-083",
        "belt_name": "Odisha Belt",
        "state": "Odisha",
        "latitude": 21.0,
        "longitude": 83.36,
        "prospectivity_score": 0.7733,
        "uncertainty_val": 0.2509,
        "confidence_tier": "Data-Rich",
        "confidence_percent": 74.9,
        "priority_category": "HIGH PRIORITY",
        "area_sq_km": 28.5,
        "elevation_m": 241.09198838521957,
        "slope_deg": 9.298803365519037,
        "swir_alteration_index": 1.601517401766301,
        "ferrous_iron_index": 2.5507178547682767,
        "environmental_overlap": false,
        "protected_area_name": null,
        "environmental_warning": null,
        "top_drivers": "SWIR Alteration (B11/B12), Structural Proximity, Slope"
      },
      "geometry": {
        "type": "Polygon",
        "coordinates": [
          [
            [
              83.335,
              20.975
            ],
            [
              83.385,
              20.975
            ],
            [
              83.385,
              21.025
            ],
            [
              83.335,
              21.025
            ],
            [
              83.335,
              20.975
            ]
          ]
        ]
      }
    },
    {
      "type": "Feature",
      "properties": {
        "zone_id": "MN-ZONE-084",
        "belt_name": "Odisha Belt",
        "state": "Odisha",
        "latitude": 21.0,
        "longitude": 83.93333,
        "prospectivity_score": 0.98,
        "uncertainty_val": 0.1462,
        "confidence_tier": "Data-Rich",
        "confidence_percent": 85.4,
        "priority_category": "HIGH PRIORITY",
        "area_sq_km": 28.5,
        "elevation_m": 404.8708267985032,
        "slope_deg": 7.384842795474926,
        "swir_alteration_index": 1.2105957722467098,
        "ferrous_iron_index": 3.4409797509795177,
        "environmental_overlap": false,
        "protected_area_name": null,
        "environmental_warning": null,
        "top_drivers": "SWIR Alteration (B11/B12), Structural Proximity, Slope"
      },
      "geometry": {
        "type": "Polygon",
        "coordinates": [
          [
            [
              83.90833,
              20.975
            ],
            [
              83.95833,
              20.975
            ],
            [
              83.95833,
              21.025
            ],
            [
              83.90833,
              21.025
            ],
            [
              83.90833,
              20.975
            ]
          ]
        ]
      }
    },
    {
      "type": "Feature",
      "properties": {
        "zone_id": "MN-ZONE-085",
        "belt_name": "Odisha Belt",
        "state": "Odisha",
        "latitude": 21.0,
        "longitude": 84.22,
        "prospectivity_score": 0.98,
        "uncertainty_val": 0.1052,
        "confidence_tier": "Data-Rich",
        "confidence_percent": 89.5,
        "priority_category": "HIGH PRIORITY",
        "area_sq_km": 28.5,
        "elevation_m": 318.6941969476846,
        "slope_deg": 9.996811324405094,
        "swir_alteration_index": 1.297163574520951,
        "ferrous_iron_index": 3.6467338248678236,
        "environmental_overlap": false,
        "protected_area_name": null,
        "environmental_warning": null,
        "top_drivers": "SWIR Alteration (B11/B12), Structural Proximity, Slope"
      },
      "geometry": {
        "type": "Polygon",
        "coordinates": [
          [
            [
              84.195,
              20.975
            ],
            [
              84.245,
              20.975
            ],
            [
              84.245,
              21.025
            ],
            [
              84.195,
              21.025
            ],
            [
              84.195,
              20.975
            ]
          ]
        ]
      }
    },
    {
      "type": "Feature",
      "properties": {
        "zone_id": "MN-ZONE-086",
        "belt_name": "Odisha Belt",
        "state": "Odisha",
        "latitude": 21.0,
        "longitude": 84.79333,
        "prospectivity_score": 0.76,
        "uncertainty_val": 0.1056,
        "confidence_tier": "Data-Rich",
        "confidence_percent": 89.4,
        "priority_category": "HIGH PRIORITY",
        "area_sq_km": 28.5,
        "elevation_m": 281.5370174239996,
        "slope_deg": 13.55781519623246,
        "swir_alteration_index": 1.661869620990921,
        "ferrous_iron_index": 3.622606416066639,
        "environmental_overlap": false,
        "protected_area_name": null,
        "environmental_warning": null,
        "top_drivers": "SWIR Alteration (B11/B12), Structural Proximity, Slope"
      },
      "geometry": {
        "type": "Polygon",
        "coordinates": [
          [
            [
              84.76833,
              20.975
            ],
            [
              84.81833,
              20.975
            ],
            [
              84.81833,
              21.025
            ],
            [
              84.76833,
              21.025
            ],
            [
              84.76833,
              20.975
            ]
          ]
        ]
      }
    },
    {
      "type": "Feature",
      "properties": {
        "zone_id": "MN-ZONE-087",
        "belt_name": "Odisha Belt",
        "state": "Odisha",
        "latitude": 21.0,
        "longitude": 85.08,
        "prospectivity_score": 0.7667,
        "uncertainty_val": 0.1468,
        "confidence_tier": "Data-Rich",
        "confidence_percent": 85.3,
        "priority_category": "HIGH PRIORITY",
        "area_sq_km": 28.5,
        "elevation_m": 195.97523679689232,
        "slope_deg": 18.925238056832704,
        "swir_alteration_index": 0.9873652844893529,
        "ferrous_iron_index": 3.331064699801916,
        "environmental_overlap": false,
        "protected_area_name": null,
        "environmental_warning": null,
        "top_drivers": "SWIR Alteration (B11/B12), Structural Proximity, Slope"
      },
      "geometry": {
        "type": "Polygon",
        "coordinates": [
          [
            [
              85.055,
              20.975
            ],
            [
              85.105,
              20.975
            ],
            [
              85.105,
              21.025
            ],
            [
              85.055,
              21.025
            ],
            [
              85.055,
              20.975
            ]
          ]
        ]
      }
    },
    {
      "type": "Feature",
      "properties": {
        "zone_id": "MN-ZONE-088",
        "belt_name": "Odisha Belt",
        "state": "Odisha",
        "latitude": 21.0,
        "longitude": 85.36667,
        "prospectivity_score": 0.7567,
        "uncertainty_val": 0.1426,
        "confidence_tier": "Data-Rich",
        "confidence_percent": 85.7,
        "priority_category": "HIGH PRIORITY",
        "area_sq_km": 28.5,
        "elevation_m": 438.68873900973006,
        "slope_deg": 8.10657192843526,
        "swir_alteration_index": 1.887449403161139,
        "ferrous_iron_index": 2.0697848124235887,
        "environmental_overlap": false,
        "protected_area_name": null,
        "environmental_warning": null,
        "top_drivers": "SWIR Alteration (B11/B12), Structural Proximity, Slope"
      },
      "geometry": {
        "type": "Polygon",
        "coordinates": [
          [
            [
              85.34167,
              20.975
            ],
            [
              85.39167,
              20.975
            ],
            [
              85.39167,
              21.025
            ],
            [
              85.34167,
              21.025
            ],
            [
              85.34167,
              20.975
            ]
          ]
        ]
      }
    },
    {
      "type": "Feature",
      "properties": {
        "zone_id": "MN-ZONE-089",
        "belt_name": "Odisha Belt",
        "state": "Odisha",
        "latitude": 21.0,
        "longitude": 85.65333,
        "prospectivity_score": 0.8233,
        "uncertainty_val": 0.1287,
        "confidence_tier": "Data-Rich",
        "confidence_percent": 87.1,
        "priority_category": "HIGH PRIORITY",
        "area_sq_km": 28.5,
        "elevation_m": 292.7127910462251,
        "slope_deg": 2.500253689825378,
        "swir_alteration_index": 1.7473000893711719,
        "ferrous_iron_index": 2.432770705151121,
        "environmental_overlap": false,
        "protected_area_name": null,
        "environmental_warning": null,
        "top_drivers": "SWIR Alteration (B11/B12), Structural Proximity, Slope"
      },
      "geometry": {
        "type": "Polygon",
        "coordinates": [
          [
            [
              85.62833,
              20.975
            ],
            [
              85.67833,
              20.975
            ],
            [
              85.67833,
              21.025
            ],
            [
              85.62833,
              21.025
            ],
            [
              85.62833,
              20.975
            ]
          ]
        ]
      }
    },
    {
      "type": "Feature",
      "properties": {
        "zone_id": "MN-ZONE-090",
        "belt_name": "Odisha Belt",
        "state": "Odisha",
        "latitude": 21.0,
        "longitude": 86.22667,
        "prospectivity_score": 0.8533,
        "uncertainty_val": 0.0391,
        "confidence_tier": "Data-Rich",
        "confidence_percent": 96.1,
        "priority_category": "HIGH PRIORITY",
        "area_sq_km": 28.5,
        "elevation_m": 495.973187503794,
        "slope_deg": 2.259538520734818,
        "swir_alteration_index": 1.6366891571351554,
        "ferrous_iron_index": 4.484135913919423,
        "environmental_overlap": false,
        "protected_area_name": null,
        "environmental_warning": null,
        "top_drivers": "SWIR Alteration (B11/B12), Structural Proximity, Slope"
      },
      "geometry": {
        "type": "Polygon",
        "coordinates": [
          [
            [
              86.20167,
              20.975
            ],
            [
              86.25167,
              20.975
            ],
            [
              86.25167,
              21.025
            ],
            [
              86.20167,
              21.025
            ],
            [
              86.20167,
              20.975
            ]
          ]
        ]
      }
    },
    {
      "type": "Feature",
      "properties": {
        "zone_id": "MN-ZONE-091",
        "belt_name": "Odisha Belt",
        "state": "Odisha",
        "latitude": 21.28,
        "longitude": 83.36,
        "prospectivity_score": 0.9667,
        "uncertainty_val": 0.2767,
        "confidence_tier": "Data-Rich",
        "confidence_percent": 72.3,
        "priority_category": "HIGH PRIORITY",
        "area_sq_km": 28.5,
        "elevation_m": 488.72574110525954,
        "slope_deg": 15.159807624528673,
        "swir_alteration_index": 1.0551481947556087,
        "ferrous_iron_index": 2.423859018762864,
        "environmental_overlap": false,
        "protected_area_name": null,
        "environmental_warning": null,
        "top_drivers": "SWIR Alteration (B11/B12), Structural Proximity, Slope"
      },
      "geometry": {
        "type": "Polygon",
        "coordinates": [
          [
            [
              83.335,
              21.255
            ],
            [
              83.385,
              21.255
            ],
            [
              83.385,
              21.305
            ],
            [
              83.335,
              21.305
            ],
            [
              83.335,
              21.255
            ]
          ]
        ]
      }
    },
    {
      "type": "Feature",
      "properties": {
        "zone_id": "MN-ZONE-092",
        "belt_name": "Odisha Belt",
        "state": "Odisha",
        "latitude": 21.28,
        "longitude": 83.93333,
        "prospectivity_score": 0.9667,
        "uncertainty_val": 0.1869,
        "confidence_tier": "Data-Rich",
        "confidence_percent": 81.3,
        "priority_category": "HIGH PRIORITY",
        "area_sq_km": 28.5,
        "elevation_m": 341.6615724725707,
        "slope_deg": 10.835616653834768,
        "swir_alteration_index": 1.762103126912207,
        "ferrous_iron_index": 2.2396031571153916,
        "environmental_overlap": false,
        "protected_area_name": null,
        "environmental_warning": null,
        "top_drivers": "SWIR Alteration (B11/B12), Structural Proximity, Slope"
      },
      "geometry": {
        "type": "Polygon",
        "coordinates": [
          [
            [
              83.90833,
              21.255
            ],
            [
              83.95833,
              21.255
            ],
            [
              83.95833,
              21.305
            ],
            [
              83.90833,
              21.305
            ],
            [
              83.90833,
              21.255
            ]
          ]
        ]
      }
    },
    {
      "type": "Feature",
      "properties": {
        "zone_id": "MN-ZONE-093",
        "belt_name": "Odisha Belt",
        "state": "Odisha",
        "latitude": 21.28,
        "longitude": 84.22,
        "prospectivity_score": 0.8667,
        "uncertainty_val": 0.1568,
        "confidence_tier": "Data-Rich",
        "confidence_percent": 84.3,
        "priority_category": "HIGH PRIORITY",
        "area_sq_km": 28.5,
        "elevation_m": 405.14762752395234,
        "slope_deg": 11.532651473802236,
        "swir_alteration_index": 1.2609239076652015,
        "ferrous_iron_index": 1.9120290857801236,
        "environmental_overlap": false,
        "protected_area_name": null,
        "environmental_warning": null,
        "top_drivers": "SWIR Alteration (B11/B12), Structural Proximity, Slope"
      },
      "geometry": {
        "type": "Polygon",
        "coordinates": [
          [
            [
              84.195,
              21.255
            ],
            [
              84.245,
              21.255
            ],
            [
              84.245,
              21.305
            ],
            [
              84.195,
              21.305
            ],
            [
              84.195,
              21.255
            ]
          ]
        ]
      }
    },
    {
      "type": "Feature",
      "properties": {
        "zone_id": "MN-ZONE-094",
        "belt_name": "Odisha Belt",
        "state": "Odisha",
        "latitude": 21.28,
        "longitude": 84.50667,
        "prospectivity_score": 0.9,
        "uncertainty_val": 0.1454,
        "confidence_tier": "Data-Rich",
        "confidence_percent": 85.5,
        "priority_category": "HIGH PRIORITY",
        "area_sq_km": 28.5,
        "elevation_m": 263.56089290858193,
        "slope_deg": 9.365824385750711,
        "swir_alteration_index": 2.159338384422912,
        "ferrous_iron_index": 4.256606242578256,
        "environmental_overlap": false,
        "protected_area_name": null,
        "environmental_warning": null,
        "top_drivers": "SWIR Alteration (B11/B12), Structural Proximity, Slope"
      },
      "geometry": {
        "type": "Polygon",
        "coordinates": [
          [
            [
              84.48167,
              21.255
            ],
            [
              84.53167,
              21.255
            ],
            [
              84.53167,
              21.305
            ],
            [
              84.48167,
              21.305
            ],
            [
              84.48167,
              21.255
            ]
          ]
        ]
      }
    },
    {
      "type": "Feature",
      "properties": {
        "zone_id": "MN-ZONE-095",
        "belt_name": "Odisha Belt",
        "state": "Odisha",
        "latitude": 21.28,
        "longitude": 84.79333,
        "prospectivity_score": 0.7867,
        "uncertainty_val": 0.157,
        "confidence_tier": "Data-Rich",
        "confidence_percent": 84.3,
        "priority_category": "HIGH PRIORITY",
        "area_sq_km": 28.5,
        "elevation_m": 271.62343344136036,
        "slope_deg": 6.892565264576833,
        "swir_alteration_index": 0.961561986310018,
        "ferrous_iron_index": 2.62816631297172,
        "environmental_overlap": false,
        "protected_area_name": null,
        "environmental_warning": null,
        "top_drivers": "SWIR Alteration (B11/B12), Structural Proximity, Slope"
      },
      "geometry": {
        "type": "Polygon",
        "coordinates": [
          [
            [
              84.76833,
              21.255
            ],
            [
              84.81833,
              21.255
            ],
            [
              84.81833,
              21.305
            ],
            [
              84.76833,
              21.305
            ],
            [
              84.76833,
              21.255
            ]
          ]
        ]
      }
    },
    {
      "type": "Feature",
      "properties": {
        "zone_id": "MN-ZONE-096",
        "belt_name": "Odisha Belt",
        "state": "Odisha",
        "latitude": 21.28,
        "longitude": 85.08,
        "prospectivity_score": 0.75,
        "uncertainty_val": 0.1306,
        "confidence_tier": "Data-Rich",
        "confidence_percent": 86.9,
        "priority_category": "HIGH PRIORITY",
        "area_sq_km": 28.5,
        "elevation_m": 365.43366870644104,
        "slope_deg": 17.703717381176634,
        "swir_alteration_index": 1.3573005496511827,
        "ferrous_iron_index": 2.073287281879815,
        "environmental_overlap": false,
        "protected_area_name": null,
        "environmental_warning": null,
        "top_drivers": "SWIR Alteration (B11/B12), Structural Proximity, Slope"
      },
      "geometry": {
        "type": "Polygon",
        "coordinates": [
          [
            [
              85.055,
              21.255
            ],
            [
              85.105,
              21.255
            ],
            [
              85.105,
              21.305
            ],
            [
              85.055,
              21.305
            ],
            [
              85.055,
              21.255
            ]
          ]
        ]
      }
    },
    {
      "type": "Feature",
      "properties": {
        "zone_id": "MN-ZONE-097",
        "belt_name": "Odisha Belt",
        "state": "Odisha",
        "latitude": 21.28,
        "longitude": 85.36667,
        "prospectivity_score": 0.8233,
        "uncertainty_val": 0.0936,
        "confidence_tier": "Data-Rich",
        "confidence_percent": 90.6,
        "priority_category": "HIGH PRIORITY",
        "area_sq_km": 28.5,
        "elevation_m": 289.41391792411065,
        "slope_deg": 17.737200577932835,
        "swir_alteration_index": 1.8458864387043301,
        "ferrous_iron_index": 2.2885446343348597,
        "environmental_overlap": false,
        "protected_area_name": null,
        "environmental_warning": null,
        "top_drivers": "SWIR Alteration (B11/B12), Structural Proximity, Slope"
      },
      "geometry": {
        "type": "Polygon",
        "coordinates": [
          [
            [
              85.34167,
              21.255
            ],
            [
              85.39167,
              21.255
            ],
            [
              85.39167,
              21.305
            ],
            [
              85.34167,
              21.305
            ],
            [
              85.34167,
              21.255
            ]
          ]
        ]
      }
    },
    {
      "type": "Feature",
      "properties": {
        "zone_id": "MN-ZONE-098",
        "belt_name": "Odisha Belt",
        "state": "Odisha",
        "latitude": 21.28,
        "longitude": 85.65333,
        "prospectivity_score": 0.96,
        "uncertainty_val": 0.0708,
        "confidence_tier": "Data-Rich",
        "confidence_percent": 92.9,
        "priority_category": "HIGH PRIORITY",
        "area_sq_km": 28.5,
        "elevation_m": 375.20603427052777,
        "slope_deg": 8.30740428561639,
        "swir_alteration_index": 1.1478301444125139,
        "ferrous_iron_index": 4.364329150331285,
        "environmental_overlap": false,
        "protected_area_name": null,
        "environmental_warning": null,
        "top_drivers": "SWIR Alteration (B11/B12), Structural Proximity, Slope"
      },
      "geometry": {
        "type": "Polygon",
        "coordinates": [
          [
            [
              85.62833,
              21.255
            ],
            [
              85.67833,
              21.255
            ],
            [
              85.67833,
              21.305
            ],
            [
              85.62833,
              21.305
            ],
            [
              85.62833,
              21.255
            ]
          ]
        ]
      }
    },
    {
      "type": "Feature",
      "properties": {
        "zone_id": "MN-ZONE-099",
        "belt_name": "Odisha Belt",
        "state": "Odisha",
        "latitude": 21.28,
        "longitude": 86.51333,
        "prospectivity_score": 0.7933,
        "uncertainty_val": 0.0984,
        "confidence_tier": "Data-Rich",
        "confidence_percent": 90.2,
        "priority_category": "HIGH PRIORITY",
        "area_sq_km": 28.5,
        "elevation_m": 447.58167193447093,
        "slope_deg": 14.133044997740862,
        "swir_alteration_index": 1.5659731525217784,
        "ferrous_iron_index": 2.851714051384965,
        "environmental_overlap": false,
        "protected_area_name": null,
        "environmental_warning": null,
        "top_drivers": "SWIR Alteration (B11/B12), Structural Proximity, Slope"
      },
      "geometry": {
        "type": "Polygon",
        "coordinates": [
          [
            [
              86.48833,
              21.255
            ],
            [
              86.53833,
              21.255
            ],
            [
              86.53833,
              21.305
            ],
            [
              86.48833,
              21.305
            ],
            [
              86.48833,
              21.255
            ]
          ]
        ]
      }
    },
    {
      "type": "Feature",
      "properties": {
        "zone_id": "MN-ZONE-100",
        "belt_name": "Odisha Belt",
        "state": "Odisha",
        "latitude": 21.56,
        "longitude": 83.07333,
        "prospectivity_score": 0.8167,
        "uncertainty_val": 0.3581,
        "confidence_tier": "Data-Rich",
        "confidence_percent": 64.2,
        "priority_category": "HIGH PRIORITY",
        "area_sq_km": 28.5,
        "elevation_m": 269.99614356023534,
        "slope_deg": 9.714139414230901,
        "swir_alteration_index": 1.439136006046271,
        "ferrous_iron_index": 2.9016836866107028,
        "environmental_overlap": false,
        "protected_area_name": null,
        "environmental_warning": null,
        "top_drivers": "SWIR Alteration (B11/B12), Structural Proximity, Slope"
      },
      "geometry": {
        "type": "Polygon",
        "coordinates": [
          [
            [
              83.04833,
              21.535
            ],
            [
              83.09833,
              21.535
            ],
            [
              83.09833,
              21.585
            ],
            [
              83.04833,
              21.585
            ],
            [
              83.04833,
              21.535
            ]
          ]
        ]
      }
    },
    {
      "type": "Feature",
      "properties": {
        "zone_id": "MN-ZONE-101",
        "belt_name": "Odisha Belt",
        "state": "Odisha",
        "latitude": 21.56,
        "longitude": 83.36,
        "prospectivity_score": 0.9433,
        "uncertainty_val": 0.3112,
        "confidence_tier": "Data-Rich",
        "confidence_percent": 68.9,
        "priority_category": "HIGH PRIORITY",
        "area_sq_km": 28.5,
        "elevation_m": 242.212818862281,
        "slope_deg": 6.900770501096883,
        "swir_alteration_index": 1.8325186125736295,
        "ferrous_iron_index": 4.869983597367068,
        "environmental_overlap": false,
        "protected_area_name": null,
        "environmental_warning": null,
        "top_drivers": "SWIR Alteration (B11/B12), Structural Proximity, Slope"
      },
      "geometry": {
        "type": "Polygon",
        "coordinates": [
          [
            [
              83.335,
              21.535
            ],
            [
              83.385,
              21.535
            ],
            [
              83.385,
              21.585
            ],
            [
              83.335,
              21.585
            ],
            [
              83.335,
              21.535
            ]
          ]
        ]
      }
    },
    {
      "type": "Feature",
      "properties": {
        "zone_id": "MN-ZONE-102",
        "belt_name": "Odisha Belt",
        "state": "Odisha",
        "latitude": 21.56,
        "longitude": 85.36667,
        "prospectivity_score": 0.89,
        "uncertainty_val": 0.0617,
        "confidence_tier": "Data-Rich",
        "confidence_percent": 93.8,
        "priority_category": "HIGH PRIORITY",
        "area_sq_km": 28.5,
        "elevation_m": 412.2069990306049,
        "slope_deg": 15.980199937909344,
        "swir_alteration_index": 1.172879574457514,
        "ferrous_iron_index": 5.1769391348906915,
        "environmental_overlap": false,
        "protected_area_name": null,
        "environmental_warning": null,
        "top_drivers": "SWIR Alteration (B11/B12), Structural Proximity, Slope"
      },
      "geometry": {
        "type": "Polygon",
        "coordinates": [
          [
            [
              85.34167,
              21.535
            ],
            [
              85.39167,
              21.535
            ],
            [
              85.39167,
              21.585
            ],
            [
              85.34167,
              21.585
            ],
            [
              85.34167,
              21.535
            ]
          ]
        ]
      }
    },
    {
      "type": "Feature",
      "properties": {
        "zone_id": "MN-ZONE-103",
        "belt_name": "Odisha Belt",
        "state": "Odisha",
        "latitude": 21.56,
        "longitude": 85.94,
        "prospectivity_score": 0.86,
        "uncertainty_val": 0.0563,
        "confidence_tier": "Data-Rich",
        "confidence_percent": 94.4,
        "priority_category": "HIGH PRIORITY",
        "area_sq_km": 28.5,
        "elevation_m": 546.2587190530795,
        "slope_deg": 10.016630523315312,
        "swir_alteration_index": 1.7424134544649146,
        "ferrous_iron_index": 2.3094401669999525,
        "environmental_overlap": true,
        "protected_area_name": "Similipal Tiger Reserve & Keonjhar Dense Forest",
        "environmental_warning": "This zone overlaps Similipal Tiger Reserve & Keonjhar Dense Forest \u2014 exploration feasibility would require additional environmental clearance.",
        "top_drivers": "SWIR Alteration (B11/B12), Structural Proximity, Slope"
      },
      "geometry": {
        "type": "Polygon",
        "coordinates": [
          [
            [
              85.915,
              21.535
            ],
            [
              85.965,
              21.535
            ],
            [
              85.965,
              21.585
            ],
            [
              85.915,
              21.585
            ],
            [
              85.915,
              21.535
            ]
          ]
        ]
      }
    },
    {
      "type": "Feature",
      "properties": {
        "zone_id": "MN-ZONE-104",
        "belt_name": "Odisha Belt",
        "state": "Odisha",
        "latitude": 21.56,
        "longitude": 86.8,
        "prospectivity_score": 0.8133,
        "uncertainty_val": 0.1774,
        "confidence_tier": "Data-Rich",
        "confidence_percent": 82.3,
        "priority_category": "HIGH PRIORITY",
        "area_sq_km": 28.5,
        "elevation_m": 378.8653930807484,
        "slope_deg": 10.336493205648859,
        "swir_alteration_index": 1.9080761054119104,
        "ferrous_iron_index": 4.296755565737209,
        "environmental_overlap": false,
        "protected_area_name": null,
        "environmental_warning": null,
        "top_drivers": "SWIR Alteration (B11/B12), Structural Proximity, Slope"
      },
      "geometry": {
        "type": "Polygon",
        "coordinates": [
          [
            [
              86.775,
              21.535
            ],
            [
              86.825,
              21.535
            ],
            [
              86.825,
              21.585
            ],
            [
              86.775,
              21.585
            ],
            [
              86.775,
              21.535
            ]
          ]
        ]
      }
    },
    {
      "type": "Feature",
      "properties": {
        "zone_id": "MN-ZONE-105",
        "belt_name": "Odisha Belt",
        "state": "Odisha",
        "latitude": 21.84,
        "longitude": 82.5,
        "prospectivity_score": 0.79,
        "uncertainty_val": 0.3998,
        "confidence_tier": "Data-Sparse",
        "confidence_percent": 60.0,
        "priority_category": "HIGH PRIORITY",
        "area_sq_km": 28.5,
        "elevation_m": 324.382024750462,
        "slope_deg": 8.913261493581496,
        "swir_alteration_index": 1.6325522390287843,
        "ferrous_iron_index": 3.3328871098669,
        "environmental_overlap": false,
        "protected_area_name": null,
        "environmental_warning": null,
        "top_drivers": "SWIR Alteration (B11/B12), Structural Proximity, Slope"
      },
      "geometry": {
        "type": "Polygon",
        "coordinates": [
          [
            [
              82.475,
              21.815
            ],
            [
              82.525,
              21.815
            ],
            [
              82.525,
              21.865
            ],
            [
              82.475,
              21.865
            ],
            [
              82.475,
              21.815
            ]
          ]
        ]
      }
    },
    {
      "type": "Feature",
      "properties": {
        "zone_id": "MN-ZONE-106",
        "belt_name": "Odisha Belt",
        "state": "Odisha",
        "latitude": 21.84,
        "longitude": 84.22,
        "prospectivity_score": 0.84,
        "uncertainty_val": 0.2112,
        "confidence_tier": "Data-Rich",
        "confidence_percent": 78.9,
        "priority_category": "HIGH PRIORITY",
        "area_sq_km": 28.5,
        "elevation_m": 390.86073077017676,
        "slope_deg": 8.614861879875022,
        "swir_alteration_index": 1.9289601991729175,
        "ferrous_iron_index": 2.9357956703281882,
        "environmental_overlap": false,
        "protected_area_name": null,
        "environmental_warning": null,
        "top_drivers": "SWIR Alteration (B11/B12), Structural Proximity, Slope"
      },
      "geometry": {
        "type": "Polygon",
        "coordinates": [
          [
            [
              84.195,
              21.815
            ],
            [
              84.245,
              21.815
            ],
            [
              84.245,
              21.865
            ],
            [
              84.195,
              21.865
            ],
            [
              84.195,
              21.815
            ]
          ]
        ]
      }
    },
    {
      "type": "Feature",
      "properties": {
        "zone_id": "MN-ZONE-107",
        "belt_name": "Odisha Belt",
        "state": "Odisha",
        "latitude": 21.84,
        "longitude": 84.79333,
        "prospectivity_score": 0.8133,
        "uncertainty_val": 0.0931,
        "confidence_tier": "Data-Rich",
        "confidence_percent": 90.7,
        "priority_category": "HIGH PRIORITY",
        "area_sq_km": 28.5,
        "elevation_m": 364.12571400874634,
        "slope_deg": 0.5,
        "swir_alteration_index": 2.174392417948961,
        "ferrous_iron_index": 2.8006604346683766,
        "environmental_overlap": false,
        "protected_area_name": null,
        "environmental_warning": null,
        "top_drivers": "SWIR Alteration (B11/B12), Structural Proximity, Slope"
      },
      "geometry": {
        "type": "Polygon",
        "coordinates": [
          [
            [
              84.76833,
              21.815
            ],
            [
              84.81833,
              21.815
            ],
            [
              84.81833,
              21.865
            ],
            [
              84.76833,
              21.865
            ],
            [
              84.76833,
              21.815
            ]
          ]
        ]
      }
    },
    {
      "type": "Feature",
      "properties": {
        "zone_id": "MN-ZONE-108",
        "belt_name": "Odisha Belt",
        "state": "Odisha",
        "latitude": 21.84,
        "longitude": 85.36667,
        "prospectivity_score": 0.78,
        "uncertainty_val": 0.0249,
        "confidence_tier": "Data-Rich",
        "confidence_percent": 97.5,
        "priority_category": "HIGH PRIORITY",
        "area_sq_km": 28.5,
        "elevation_m": 359.80675395389443,
        "slope_deg": 15.831423018383564,
        "swir_alteration_index": 1.9693620530820006,
        "ferrous_iron_index": 2.330595145689477,
        "environmental_overlap": false,
        "protected_area_name": null,
        "environmental_warning": null,
        "top_drivers": "SWIR Alteration (B11/B12), Structural Proximity, Slope"
      },
      "geometry": {
        "type": "Polygon",
        "coordinates": [
          [
            [
              85.34167,
              21.815
            ],
            [
              85.39167,
              21.815
            ],
            [
              85.39167,
              21.865
            ],
            [
              85.34167,
              21.865
            ],
            [
              85.34167,
              21.815
            ]
          ]
        ]
      }
    },
    {
      "type": "Feature",
      "properties": {
        "zone_id": "MN-ZONE-109",
        "belt_name": "Odisha Belt",
        "state": "Odisha",
        "latitude": 21.84,
        "longitude": 85.65333,
        "prospectivity_score": 0.87,
        "uncertainty_val": 0.0408,
        "confidence_tier": "Data-Rich",
        "confidence_percent": 95.9,
        "priority_category": "HIGH PRIORITY",
        "area_sq_km": 28.5,
        "elevation_m": 383.13416467793405,
        "slope_deg": 12.400303830569028,
        "swir_alteration_index": 1.390282820250885,
        "ferrous_iron_index": 3.6012367462949495,
        "environmental_overlap": false,
        "protected_area_name": null,
        "environmental_warning": null,
        "top_drivers": "SWIR Alteration (B11/B12), Structural Proximity, Slope"
      },
      "geometry": {
        "type": "Polygon",
        "coordinates": [
          [
            [
              85.62833,
              21.815
            ],
            [
              85.67833,
              21.815
            ],
            [
              85.67833,
              21.865
            ],
            [
              85.62833,
              21.865
            ],
            [
              85.62833,
              21.815
            ]
          ]
        ]
      }
    },
    {
      "type": "Feature",
      "properties": {
        "zone_id": "MN-ZONE-110",
        "belt_name": "Odisha Belt",
        "state": "Odisha",
        "latitude": 21.84,
        "longitude": 86.51333,
        "prospectivity_score": 0.8967,
        "uncertainty_val": 0.178,
        "confidence_tier": "Data-Rich",
        "confidence_percent": 82.2,
        "priority_category": "HIGH PRIORITY",
        "area_sq_km": 28.5,
        "elevation_m": 385.25049683568795,
        "slope_deg": 7.433418851138438,
        "swir_alteration_index": 1.1571761744930724,
        "ferrous_iron_index": 2.5250167484106303,
        "environmental_overlap": true,
        "protected_area_name": "Similipal Tiger Reserve & Keonjhar Dense Forest",
        "environmental_warning": "This zone overlaps Similipal Tiger Reserve & Keonjhar Dense Forest \u2014 exploration feasibility would require additional environmental clearance.",
        "top_drivers": "SWIR Alteration (B11/B12), Structural Proximity, Slope"
      },
      "geometry": {
        "type": "Polygon",
        "coordinates": [
          [
            [
              86.48833,
              21.815
            ],
            [
              86.53833,
              21.815
            ],
            [
              86.53833,
              21.865
            ],
            [
              86.48833,
              21.865
            ],
            [
              86.48833,
              21.815
            ]
          ]
        ]
      }
    },
    {
      "type": "Feature",
      "properties": {
        "zone_id": "MN-ZONE-111",
        "belt_name": "Odisha Belt",
        "state": "Odisha",
        "latitude": 21.84,
        "longitude": 86.8,
        "prospectivity_score": 0.8933,
        "uncertainty_val": 0.2282,
        "confidence_tier": "Data-Rich",
        "confidence_percent": 77.2,
        "priority_category": "HIGH PRIORITY",
        "area_sq_km": 28.5,
        "elevation_m": 540.9418652293493,
        "slope_deg": 13.644501947475025,
        "swir_alteration_index": 1.5154285510255345,
        "ferrous_iron_index": 4.857639786731744,
        "environmental_overlap": false,
        "protected_area_name": null,
        "environmental_warning": null,
        "top_drivers": "SWIR Alteration (B11/B12), Structural Proximity, Slope"
      },
      "geometry": {
        "type": "Polygon",
        "coordinates": [
          [
            [
              86.775,
              21.815
            ],
            [
              86.825,
              21.815
            ],
            [
              86.825,
              21.865
            ],
            [
              86.775,
              21.865
            ],
            [
              86.775,
              21.815
            ]
          ]
        ]
      }
    },
    {
      "type": "Feature",
      "properties": {
        "zone_id": "MN-ZONE-112",
        "belt_name": "Odisha Belt",
        "state": "Odisha",
        "latitude": 22.12,
        "longitude": 82.78667,
        "prospectivity_score": 0.7933,
        "uncertainty_val": 0.4569,
        "confidence_tier": "Data-Sparse",
        "confidence_percent": 54.3,
        "priority_category": "HIGH PRIORITY",
        "area_sq_km": 28.5,
        "elevation_m": 306.9285299539709,
        "slope_deg": 9.342730517287748,
        "swir_alteration_index": 1.9533354967050087,
        "ferrous_iron_index": 2.471736281341994,
        "environmental_overlap": false,
        "protected_area_name": null,
        "environmental_warning": null,
        "top_drivers": "SWIR Alteration (B11/B12), Structural Proximity, Slope"
      },
      "geometry": {
        "type": "Polygon",
        "coordinates": [
          [
            [
              82.76167,
              22.095
            ],
            [
              82.81167,
              22.095
            ],
            [
              82.81167,
              22.145
            ],
            [
              82.76167,
              22.145
            ],
            [
              82.76167,
              22.095
            ]
          ]
        ]
      }
    },
    {
      "type": "Feature",
      "properties": {
        "zone_id": "MN-ZONE-113",
        "belt_name": "Odisha Belt",
        "state": "Odisha",
        "latitude": 22.12,
        "longitude": 83.64667,
        "prospectivity_score": 0.84,
        "uncertainty_val": 0.3324,
        "confidence_tier": "Data-Rich",
        "confidence_percent": 66.8,
        "priority_category": "HIGH PRIORITY",
        "area_sq_km": 28.5,
        "elevation_m": 291.3468730436065,
        "slope_deg": 11.008973819308569,
        "swir_alteration_index": 1.2283455464983277,
        "ferrous_iron_index": 2.052453200940659,
        "environmental_overlap": false,
        "protected_area_name": null,
        "environmental_warning": null,
        "top_drivers": "SWIR Alteration (B11/B12), Structural Proximity, Slope"
      },
      "geometry": {
        "type": "Polygon",
        "coordinates": [
          [
            [
              83.62167,
              22.095
            ],
            [
              83.67167,
              22.095
            ],
            [
              83.67167,
              22.145
            ],
            [
              83.62167,
              22.145
            ],
            [
              83.62167,
              22.095
            ]
          ]
        ]
      }
    },
    {
      "type": "Feature",
      "properties": {
        "zone_id": "MN-ZONE-114",
        "belt_name": "Odisha Belt",
        "state": "Odisha",
        "latitude": 22.12,
        "longitude": 83.93333,
        "prospectivity_score": 0.9833,
        "uncertainty_val": 0.2739,
        "confidence_tier": "Data-Rich",
        "confidence_percent": 72.6,
        "priority_category": "HIGH PRIORITY",
        "area_sq_km": 28.5,
        "elevation_m": 333.44718486466724,
        "slope_deg": 6.9427694358714245,
        "swir_alteration_index": 1.4688458476533803,
        "ferrous_iron_index": 2.938977709604713,
        "environmental_overlap": false,
        "protected_area_name": null,
        "environmental_warning": null,
        "top_drivers": "SWIR Alteration (B11/B12), Structural Proximity, Slope"
      },
      "geometry": {
        "type": "Polygon",
        "coordinates": [
          [
            [
              83.90833,
              22.095
            ],
            [
              83.95833,
              22.095
            ],
            [
              83.95833,
              22.145
            ],
            [
              83.90833,
              22.145
            ],
            [
              83.90833,
              22.095
            ]
          ]
        ]
      }
    },
    {
      "type": "Feature",
      "properties": {
        "zone_id": "MN-ZONE-115",
        "belt_name": "Odisha Belt",
        "state": "Odisha",
        "latitude": 22.12,
        "longitude": 84.22,
        "prospectivity_score": 0.8833,
        "uncertainty_val": 0.2156,
        "confidence_tier": "Data-Rich",
        "confidence_percent": 78.4,
        "priority_category": "HIGH PRIORITY",
        "area_sq_km": 28.5,
        "elevation_m": 372.52641172475495,
        "slope_deg": 13.117252398025867,
        "swir_alteration_index": 1.4259729212243129,
        "ferrous_iron_index": 3.34975660059008,
        "environmental_overlap": false,
        "protected_area_name": null,
        "environmental_warning": null,
        "top_drivers": "SWIR Alteration (B11/B12), Structural Proximity, Slope"
      },
      "geometry": {
        "type": "Polygon",
        "coordinates": [
          [
            [
              84.195,
              22.095
            ],
            [
              84.245,
              22.095
            ],
            [
              84.245,
              22.145
            ],
            [
              84.195,
              22.145
            ],
            [
              84.195,
              22.095
            ]
          ]
        ]
      }
    },
    {
      "type": "Feature",
      "properties": {
        "zone_id": "MN-ZONE-116",
        "belt_name": "Odisha Belt",
        "state": "Odisha",
        "latitude": 22.12,
        "longitude": 84.50667,
        "prospectivity_score": 0.8333,
        "uncertainty_val": 0.1582,
        "confidence_tier": "Data-Rich",
        "confidence_percent": 84.2,
        "priority_category": "HIGH PRIORITY",
        "area_sq_km": 28.5,
        "elevation_m": 423.2234507132653,
        "slope_deg": 9.039735016267832,
        "swir_alteration_index": 1.835862512050878,
        "ferrous_iron_index": 2.4584029142531794,
        "environmental_overlap": false,
        "protected_area_name": null,
        "environmental_warning": null,
        "top_drivers": "SWIR Alteration (B11/B12), Structural Proximity, Slope"
      },
      "geometry": {
        "type": "Polygon",
        "coordinates": [
          [
            [
              84.48167,
              22.095
            ],
            [
              84.53167,
              22.095
            ],
            [
              84.53167,
              22.145
            ],
            [
              84.48167,
              22.145
            ],
            [
              84.48167,
              22.095
            ]
          ]
        ]
      }
    },
    {
      "type": "Feature",
      "properties": {
        "zone_id": "MN-ZONE-117",
        "belt_name": "Odisha Belt",
        "state": "Odisha",
        "latitude": 22.12,
        "longitude": 84.79333,
        "prospectivity_score": 0.8267,
        "uncertainty_val": 0.1027,
        "confidence_tier": "Data-Rich",
        "confidence_percent": 89.7,
        "priority_category": "HIGH PRIORITY",
        "area_sq_km": 28.5,
        "elevation_m": 263.6117039410234,
        "slope_deg": 15.75759219245988,
        "swir_alteration_index": 1.9946389095141301,
        "ferrous_iron_index": 2.8511229593300618,
        "environmental_overlap": false,
        "protected_area_name": null,
        "environmental_warning": null,
        "top_drivers": "SWIR Alteration (B11/B12), Structural Proximity, Slope"
      },
      "geometry": {
        "type": "Polygon",
        "coordinates": [
          [
            [
              84.76833,
              22.095
            ],
            [
              84.81833,
              22.095
            ],
            [
              84.81833,
              22.145
            ],
            [
              84.76833,
              22.145
            ],
            [
              84.76833,
              22.095
            ]
          ]
        ]
      }
    },
    {
      "type": "Feature",
      "properties": {
        "zone_id": "MN-ZONE-118",
        "belt_name": "Odisha Belt",
        "state": "Odisha",
        "latitude": 22.12,
        "longitude": 85.36667,
        "prospectivity_score": 0.9,
        "uncertainty_val": 0.0014,
        "confidence_tier": "Data-Rich",
        "confidence_percent": 99.9,
        "priority_category": "HIGH PRIORITY",
        "area_sq_km": 28.5,
        "elevation_m": 301.6438516153463,
        "slope_deg": 7.245248872803307,
        "swir_alteration_index": 1.5031416827165316,
        "ferrous_iron_index": 2.930818994877145,
        "environmental_overlap": false,
        "protected_area_name": null,
        "environmental_warning": null,
        "top_drivers": "SWIR Alteration (B11/B12), Structural Proximity, Slope"
      },
      "geometry": {
        "type": "Polygon",
        "coordinates": [
          [
            [
              85.34167,
              22.095
            ],
            [
              85.39167,
              22.095
            ],
            [
              85.39167,
              22.145
            ],
            [
              85.34167,
              22.145
            ],
            [
              85.34167,
              22.095
            ]
          ]
        ]
      }
    },
    {
      "type": "Feature",
      "properties": {
        "zone_id": "MN-ZONE-119",
        "belt_name": "Odisha Belt",
        "state": "Odisha",
        "latitude": 22.12,
        "longitude": 85.65333,
        "prospectivity_score": 0.7767,
        "uncertainty_val": 0.0515,
        "confidence_tier": "Data-Rich",
        "confidence_percent": 94.9,
        "priority_category": "HIGH PRIORITY",
        "area_sq_km": 28.5,
        "elevation_m": 282.33291967519864,
        "slope_deg": 14.520668091069208,
        "swir_alteration_index": 2.157549848102245,
        "ferrous_iron_index": 3.945458426925774,
        "environmental_overlap": false,
        "protected_area_name": null,
        "environmental_warning": null,
        "top_drivers": "SWIR Alteration (B11/B12), Structural Proximity, Slope"
      },
      "geometry": {
        "type": "Polygon",
        "coordinates": [
          [
            [
              85.62833,
              22.095
            ],
            [
              85.67833,
              22.095
            ],
            [
              85.67833,
              22.145
            ],
            [
              85.62833,
              22.145
            ],
            [
              85.62833,
              22.095
            ]
          ]
        ]
      }
    },
    {
      "type": "Feature",
      "properties": {
        "zone_id": "MN-ZONE-120",
        "belt_name": "Odisha Belt",
        "state": "Odisha",
        "latitude": 22.12,
        "longitude": 86.51333,
        "prospectivity_score": 0.8833,
        "uncertainty_val": 0.1682,
        "confidence_tier": "Data-Rich",
        "confidence_percent": 83.2,
        "priority_category": "HIGH PRIORITY",
        "area_sq_km": 28.5,
        "elevation_m": 340.337632998511,
        "slope_deg": 8.128148824236886,
        "swir_alteration_index": 2.195774360654122,
        "ferrous_iron_index": 3.336242203308621,
        "environmental_overlap": true,
        "protected_area_name": "Similipal Tiger Reserve & Keonjhar Dense Forest",
        "environmental_warning": "This zone overlaps Similipal Tiger Reserve & Keonjhar Dense Forest \u2014 exploration feasibility would require additional environmental clearance.",
        "top_drivers": "SWIR Alteration (B11/B12), Structural Proximity, Slope"
      },
      "geometry": {
        "type": "Polygon",
        "coordinates": [
          [
            [
              86.48833,
              22.095
            ],
            [
              86.53833,
              22.095
            ],
            [
              86.53833,
              22.145
            ],
            [
              86.48833,
              22.145
            ],
            [
              86.48833,
              22.095
            ]
          ]
        ]
      }
    },
    {
      "type": "Feature",
      "properties": {
        "zone_id": "MN-ZONE-121",
        "belt_name": "Odisha Belt",
        "state": "Odisha",
        "latitude": 22.12,
        "longitude": 86.8,
        "prospectivity_score": 0.9533,
        "uncertainty_val": 0.2209,
        "confidence_tier": "Data-Rich",
        "confidence_percent": 77.9,
        "priority_category": "HIGH PRIORITY",
        "area_sq_km": 28.5,
        "elevation_m": 312.45061136477824,
        "slope_deg": 15.32058779841303,
        "swir_alteration_index": 1.5794192888150476,
        "ferrous_iron_index": 2.7669527921590475,
        "environmental_overlap": false,
        "protected_area_name": null,
        "environmental_warning": null,
        "top_drivers": "SWIR Alteration (B11/B12), Structural Proximity, Slope"
      },
      "geometry": {
        "type": "Polygon",
        "coordinates": [
          [
            [
              86.775,
              22.095
            ],
            [
              86.825,
              22.095
            ],
            [
              86.825,
              22.145
            ],
            [
              86.775,
              22.145
            ],
            [
              86.775,
              22.095
            ]
          ]
        ]
      }
    },
    {
      "type": "Feature",
      "properties": {
        "zone_id": "MN-ZONE-122",
        "belt_name": "Odisha Belt",
        "state": "Odisha",
        "latitude": 22.4,
        "longitude": 82.78667,
        "prospectivity_score": 0.9167,
        "uncertainty_val": 0.4624,
        "confidence_tier": "Data-Sparse",
        "confidence_percent": 53.8,
        "priority_category": "HIGH PRIORITY",
        "area_sq_km": 28.5,
        "elevation_m": 304.68941320192874,
        "slope_deg": 14.02625581591212,
        "swir_alteration_index": 1.7035426911281195,
        "ferrous_iron_index": 2.3982407123259115,
        "environmental_overlap": false,
        "protected_area_name": null,
        "environmental_warning": null,
        "top_drivers": "SWIR Alteration (B11/B12), Structural Proximity, Slope"
      },
      "geometry": {
        "type": "Polygon",
        "coordinates": [
          [
            [
              82.76167,
              22.375
            ],
            [
              82.81167,
              22.375
            ],
            [
              82.81167,
              22.425
            ],
            [
              82.76167,
              22.425
            ],
            [
              82.76167,
              22.375
            ]
          ]
        ]
      }
    },
    {
      "type": "Feature",
      "properties": {
        "zone_id": "MN-ZONE-123",
        "belt_name": "Odisha Belt",
        "state": "Odisha",
        "latitude": 22.4,
        "longitude": 83.07333,
        "prospectivity_score": 0.7967,
        "uncertainty_val": 0.4586,
        "confidence_tier": "Data-Sparse",
        "confidence_percent": 54.1,
        "priority_category": "HIGH PRIORITY",
        "area_sq_km": 28.5,
        "elevation_m": 378.3751023661501,
        "slope_deg": 5.554569965946628,
        "swir_alteration_index": 1.361022847791557,
        "ferrous_iron_index": 2.3582470164732188,
        "environmental_overlap": false,
        "protected_area_name": null,
        "environmental_warning": null,
        "top_drivers": "SWIR Alteration (B11/B12), Structural Proximity, Slope"
      },
      "geometry": {
        "type": "Polygon",
        "coordinates": [
          [
            [
              83.04833,
              22.375
            ],
            [
              83.09833,
              22.375
            ],
            [
              83.09833,
              22.425
            ],
            [
              83.04833,
              22.425
            ],
            [
              83.04833,
              22.375
            ]
          ]
        ]
      }
    },
    {
      "type": "Feature",
      "properties": {
        "zone_id": "MN-ZONE-124",
        "belt_name": "Odisha Belt",
        "state": "Odisha",
        "latitude": 22.4,
        "longitude": 84.22,
        "prospectivity_score": 0.8633,
        "uncertainty_val": 0.2221,
        "confidence_tier": "Data-Rich",
        "confidence_percent": 77.8,
        "priority_category": "HIGH PRIORITY",
        "area_sq_km": 28.5,
        "elevation_m": 467.0198709196604,
        "slope_deg": 10.604334237615069,
        "swir_alteration_index": 1.736551773253539,
        "ferrous_iron_index": 4.36267748758131,
        "environmental_overlap": false,
        "protected_area_name": null,
        "environmental_warning": null,
        "top_drivers": "SWIR Alteration (B11/B12), Structural Proximity, Slope"
      },
      "geometry": {
        "type": "Polygon",
        "coordinates": [
          [
            [
              84.195,
              22.375
            ],
            [
              84.245,
              22.375
            ],
            [
              84.245,
              22.425
            ],
            [
              84.195,
              22.425
            ],
            [
              84.195,
              22.375
            ]
          ]
        ]
      }
    },
    {
      "type": "Feature",
      "properties": {
        "zone_id": "MN-ZONE-125",
        "belt_name": "Odisha Belt",
        "state": "Odisha",
        "latitude": 22.4,
        "longitude": 85.08,
        "prospectivity_score": 0.86,
        "uncertainty_val": 0.0479,
        "confidence_tier": "Data-Rich",
        "confidence_percent": 95.2,
        "priority_category": "HIGH PRIORITY",
        "area_sq_km": 28.5,
        "elevation_m": 605.4686325902115,
        "slope_deg": 7.11012406359578,
        "swir_alteration_index": 2.4412323204646618,
        "ferrous_iron_index": 1.8636169306407708,
        "environmental_overlap": false,
        "protected_area_name": null,
        "environmental_warning": null,
        "top_drivers": "SWIR Alteration (B11/B12), Structural Proximity, Slope"
      },
      "geometry": {
        "type": "Polygon",
        "coordinates": [
          [
            [
              85.055,
              22.375
            ],
            [
              85.105,
              22.375
            ],
            [
              85.105,
              22.425
            ],
            [
              85.055,
              22.425
            ],
            [
              85.055,
              22.375
            ]
          ]
        ]
      }
    },
    {
      "type": "Feature",
      "properties": {
        "zone_id": "MN-ZONE-126",
        "belt_name": "Odisha Belt",
        "state": "Odisha",
        "latitude": 22.4,
        "longitude": 85.36667,
        "prospectivity_score": 0.93,
        "uncertainty_val": 0.0228,
        "confidence_tier": "Data-Rich",
        "confidence_percent": 97.7,
        "priority_category": "HIGH PRIORITY",
        "area_sq_km": 28.5,
        "elevation_m": 508.9838978180684,
        "slope_deg": 12.583320494023006,
        "swir_alteration_index": 1.1954769417402136,
        "ferrous_iron_index": 4.770296056615109,
        "environmental_overlap": false,
        "protected_area_name": null,
        "environmental_warning": null,
        "top_drivers": "SWIR Alteration (B11/B12), Structural Proximity, Slope"
      },
      "geometry": {
        "type": "Polygon",
        "coordinates": [
          [
            [
              85.34167,
              22.375
            ],
            [
              85.39167,
              22.375
            ],
            [
              85.39167,
              22.425
            ],
            [
              85.34167,
              22.425
            ],
            [
              85.34167,
              22.375
            ]
          ]
        ]
      }
    },
    {
      "type": "Feature",
      "properties": {
        "zone_id": "MN-ZONE-127",
        "belt_name": "Odisha Belt",
        "state": "Odisha",
        "latitude": 22.4,
        "longitude": 85.65333,
        "prospectivity_score": 0.7633,
        "uncertainty_val": 0.0426,
        "confidence_tier": "Data-Rich",
        "confidence_percent": 95.7,
        "priority_category": "HIGH PRIORITY",
        "area_sq_km": 28.5,
        "elevation_m": 472.3710340669291,
        "slope_deg": 4.713214112276786,
        "swir_alteration_index": 1.5071083500378422,
        "ferrous_iron_index": 1.667622776897457,
        "environmental_overlap": false,
        "protected_area_name": null,
        "environmental_warning": null,
        "top_drivers": "SWIR Alteration (B11/B12), Structural Proximity, Slope"
      },
      "geometry": {
        "type": "Polygon",
        "coordinates": [
          [
            [
              85.62833,
              22.375
            ],
            [
              85.67833,
              22.375
            ],
            [
              85.67833,
              22.425
            ],
            [
              85.62833,
              22.425
            ],
            [
              85.62833,
              22.375
            ]
          ]
        ]
      }
    },
    {
      "type": "Feature",
      "properties": {
        "zone_id": "MN-ZONE-128",
        "belt_name": "MP-MH Belt",
        "state": "Madhya Pradesh / Maharashtra",
        "latitude": 20.8,
        "longitude": 78.96,
        "prospectivity_score": 0.75,
        "uncertainty_val": 0.1219,
        "confidence_tier": "Data-Rich",
        "confidence_percent": 87.8,
        "priority_category": "HIGH PRIORITY",
        "area_sq_km": 28.5,
        "elevation_m": 298.28169161939314,
        "slope_deg": 7.5332513981383915,
        "swir_alteration_index": 1.751386532912007,
        "ferrous_iron_index": 2.800677919368452,
        "environmental_overlap": false,
        "protected_area_name": null,
        "environmental_warning": null,
        "top_drivers": "SWIR Alteration (B11/B12), Structural Proximity, Slope"
      },
      "geometry": {
        "type": "Polygon",
        "coordinates": [
          [
            [
              78.935,
              20.775
            ],
            [
              78.985,
              20.775
            ],
            [
              78.985,
              20.825
            ],
            [
              78.935,
              20.825
            ],
            [
              78.935,
              20.775
            ]
          ]
        ]
      }
    },
    {
      "type": "Feature",
      "properties": {
        "zone_id": "MN-ZONE-129",
        "belt_name": "MP-MH Belt",
        "state": "Madhya Pradesh / Maharashtra",
        "latitude": 20.8,
        "longitude": 79.11333,
        "prospectivity_score": 0.94,
        "uncertainty_val": 0.1154,
        "confidence_tier": "Data-Rich",
        "confidence_percent": 88.5,
        "priority_category": "HIGH PRIORITY",
        "area_sq_km": 28.5,
        "elevation_m": 365.66937282465244,
        "slope_deg": 14.605887898834052,
        "swir_alteration_index": 1.4586916559378909,
        "ferrous_iron_index": 2.615833261345751,
        "environmental_overlap": false,
        "protected_area_name": null,
        "environmental_warning": null,
        "top_drivers": "SWIR Alteration (B11/B12), Structural Proximity, Slope"
      },
      "geometry": {
        "type": "Polygon",
        "coordinates": [
          [
            [
              79.08833,
              20.775
            ],
            [
              79.13833,
              20.775
            ],
            [
              79.13833,
              20.825
            ],
            [
              79.08833,
              20.825
            ],
            [
              79.08833,
              20.775
            ]
          ]
        ]
      }
    },
    {
      "type": "Feature",
      "properties": {
        "zone_id": "MN-ZONE-130",
        "belt_name": "MP-MH Belt",
        "state": "Madhya Pradesh / Maharashtra",
        "latitude": 20.8,
        "longitude": 79.26667,
        "prospectivity_score": 0.9933,
        "uncertainty_val": 0.109,
        "confidence_tier": "Data-Rich",
        "confidence_percent": 89.1,
        "priority_category": "HIGH PRIORITY",
        "area_sq_km": 28.5,
        "elevation_m": 381.91602900919906,
        "slope_deg": 10.589593429354142,
        "swir_alteration_index": 1.7305984854656136,
        "ferrous_iron_index": 3.0299463763427137,
        "environmental_overlap": false,
        "protected_area_name": null,
        "environmental_warning": null,
        "top_drivers": "SWIR Alteration (B11/B12), Structural Proximity, Slope"
      },
      "geometry": {
        "type": "Polygon",
        "coordinates": [
          [
            [
              79.24167,
              20.775
            ],
            [
              79.29167,
              20.775
            ],
            [
              79.29167,
              20.825
            ],
            [
              79.24167,
              20.825
            ],
            [
              79.24167,
              20.775
            ]
          ]
        ]
      }
    },
    {
      "type": "Feature",
      "properties": {
        "zone_id": "MN-ZONE-131",
        "belt_name": "MP-MH Belt",
        "state": "Madhya Pradesh / Maharashtra",
        "latitude": 20.8,
        "longitude": 79.42,
        "prospectivity_score": 0.9267,
        "uncertainty_val": 0.1073,
        "confidence_tier": "Data-Rich",
        "confidence_percent": 89.3,
        "priority_category": "HIGH PRIORITY",
        "area_sq_km": 28.5,
        "elevation_m": 503.01951988633516,
        "slope_deg": 12.992172230357834,
        "swir_alteration_index": 1.6146696639426652,
        "ferrous_iron_index": 2.6273403156645867,
        "environmental_overlap": false,
        "protected_area_name": null,
        "environmental_warning": null,
        "top_drivers": "SWIR Alteration (B11/B12), Structural Proximity, Slope"
      },
      "geometry": {
        "type": "Polygon",
        "coordinates": [
          [
            [
              79.395,
              20.775
            ],
            [
              79.445,
              20.775
            ],
            [
              79.445,
              20.825
            ],
            [
              79.395,
              20.825
            ],
            [
              79.395,
              20.775
            ]
          ]
        ]
      }
    },
    {
      "type": "Feature",
      "properties": {
        "zone_id": "MN-ZONE-132",
        "belt_name": "MP-MH Belt",
        "state": "Madhya Pradesh / Maharashtra",
        "latitude": 20.8,
        "longitude": 79.72667,
        "prospectivity_score": 0.75,
        "uncertainty_val": 0.1254,
        "confidence_tier": "Data-Rich",
        "confidence_percent": 87.5,
        "priority_category": "HIGH PRIORITY",
        "area_sq_km": 28.5,
        "elevation_m": 270.4442932059118,
        "slope_deg": 11.909772720374557,
        "swir_alteration_index": 1.4793608262673974,
        "ferrous_iron_index": 2.8375361920858064,
        "environmental_overlap": false,
        "protected_area_name": null,
        "environmental_warning": null,
        "top_drivers": "SWIR Alteration (B11/B12), Structural Proximity, Slope"
      },
      "geometry": {
        "type": "Polygon",
        "coordinates": [
          [
            [
              79.70167,
              20.775
            ],
            [
              79.75167,
              20.775
            ],
            [
              79.75167,
              20.825
            ],
            [
              79.70167,
              20.825
            ],
            [
              79.70167,
              20.775
            ]
          ]
        ]
      }
    },
    {
      "type": "Feature",
      "properties": {
        "zone_id": "MN-ZONE-133",
        "belt_name": "MP-MH Belt",
        "state": "Madhya Pradesh / Maharashtra",
        "latitude": 20.8,
        "longitude": 80.18667,
        "prospectivity_score": 0.89,
        "uncertainty_val": 0.115,
        "confidence_tier": "Data-Rich",
        "confidence_percent": 88.5,
        "priority_category": "HIGH PRIORITY",
        "area_sq_km": 28.5,
        "elevation_m": 349.8263476724305,
        "slope_deg": 8.97450408302202,
        "swir_alteration_index": 1.675232835886467,
        "ferrous_iron_index": 3.5483454297169867,
        "environmental_overlap": false,
        "protected_area_name": null,
        "environmental_warning": null,
        "top_drivers": "SWIR Alteration (B11/B12), Structural Proximity, Slope"
      },
      "geometry": {
        "type": "Polygon",
        "coordinates": [
          [
            [
              80.16167,
              20.775
            ],
            [
              80.21167,
              20.775
            ],
            [
              80.21167,
              20.825
            ],
            [
              80.16167,
              20.825
            ],
            [
              80.16167,
              20.775
            ]
          ]
        ]
      }
    },
    {
      "type": "Feature",
      "properties": {
        "zone_id": "MN-ZONE-134",
        "belt_name": "MP-MH Belt",
        "state": "Madhya Pradesh / Maharashtra",
        "latitude": 20.8,
        "longitude": 80.49333,
        "prospectivity_score": 0.97,
        "uncertainty_val": 0.1329,
        "confidence_tier": "Data-Rich",
        "confidence_percent": 86.7,
        "priority_category": "HIGH PRIORITY",
        "area_sq_km": 28.5,
        "elevation_m": 194.4029973682093,
        "slope_deg": 18.382359215607682,
        "swir_alteration_index": 1.23491636066207,
        "ferrous_iron_index": 2.8287649621785995,
        "environmental_overlap": false,
        "protected_area_name": null,
        "environmental_warning": null,
        "top_drivers": "SWIR Alteration (B11/B12), Structural Proximity, Slope"
      },
      "geometry": {
        "type": "Polygon",
        "coordinates": [
          [
            [
              80.46833,
              20.775
            ],
            [
              80.51833,
              20.775
            ],
            [
              80.51833,
              20.825
            ],
            [
              80.46833,
              20.825
            ],
            [
              80.46833,
              20.775
            ]
          ]
        ]
      }
    },
    {
      "type": "Feature",
      "properties": {
        "zone_id": "MN-ZONE-135",
        "belt_name": "MP-MH Belt",
        "state": "Madhya Pradesh / Maharashtra",
        "latitude": 20.8,
        "longitude": 80.64667,
        "prospectivity_score": 0.7833,
        "uncertainty_val": 0.1512,
        "confidence_tier": "Data-Rich",
        "confidence_percent": 84.9,
        "priority_category": "HIGH PRIORITY",
        "area_sq_km": 28.5,
        "elevation_m": 580.3638752104789,
        "slope_deg": 3.3425009958712417,
        "swir_alteration_index": 2.5832177988057254,
        "ferrous_iron_index": 4.904526167485082,
        "environmental_overlap": false,
        "protected_area_name": null,
        "environmental_warning": null,
        "top_drivers": "SWIR Alteration (B11/B12), Structural Proximity, Slope"
      },
      "geometry": {
        "type": "Polygon",
        "coordinates": [
          [
            [
              80.62167,
              20.775
            ],
            [
              80.67167,
              20.775
            ],
            [
              80.67167,
              20.825
            ],
            [
              80.62167,
              20.825
            ],
            [
              80.62167,
              20.775
            ]
          ]
        ]
      }
    },
    {
      "type": "Feature",
      "properties": {
        "zone_id": "MN-ZONE-136",
        "belt_name": "MP-MH Belt",
        "state": "Madhya Pradesh / Maharashtra",
        "latitude": 20.8,
        "longitude": 80.8,
        "prospectivity_score": 0.8667,
        "uncertainty_val": 0.1734,
        "confidence_tier": "Data-Rich",
        "confidence_percent": 82.7,
        "priority_category": "HIGH PRIORITY",
        "area_sq_km": 28.5,
        "elevation_m": 350.0186664634973,
        "slope_deg": 15.177733977668812,
        "swir_alteration_index": 1.5309954071910767,
        "ferrous_iron_index": 5.300668973813396,
        "environmental_overlap": false,
        "protected_area_name": null,
        "environmental_warning": null,
        "top_drivers": "SWIR Alteration (B11/B12), Structural Proximity, Slope"
      },
      "geometry": {
        "type": "Polygon",
        "coordinates": [
          [
            [
              80.775,
              20.775
            ],
            [
              80.825,
              20.775
            ],
            [
              80.825,
              20.825
            ],
            [
              80.775,
              20.825
            ],
            [
              80.775,
              20.775
            ]
          ]
        ]
      }
    },
    {
      "type": "Feature",
      "properties": {
        "zone_id": "MN-ZONE-137",
        "belt_name": "MP-MH Belt",
        "state": "Madhya Pradesh / Maharashtra",
        "latitude": 20.90667,
        "longitude": 78.5,
        "prospectivity_score": 0.82,
        "uncertainty_val": 0.1406,
        "confidence_tier": "Data-Rich",
        "confidence_percent": 85.9,
        "priority_category": "HIGH PRIORITY",
        "area_sq_km": 28.5,
        "elevation_m": 251.41961913321734,
        "slope_deg": 8.721302059320413,
        "swir_alteration_index": 1.469316223884251,
        "ferrous_iron_index": 2.3545419436608075,
        "environmental_overlap": false,
        "protected_area_name": null,
        "environmental_warning": null,
        "top_drivers": "SWIR Alteration (B11/B12), Structural Proximity, Slope"
      },
      "geometry": {
        "type": "Polygon",
        "coordinates": [
          [
            [
              78.475,
              20.88167
            ],
            [
              78.525,
              20.88167
            ],
            [
              78.525,
              20.93167
            ],
            [
              78.475,
              20.93167
            ],
            [
              78.475,
              20.88167
            ]
          ]
        ]
      }
    },
    {
      "type": "Feature",
      "properties": {
        "zone_id": "MN-ZONE-138",
        "belt_name": "MP-MH Belt",
        "state": "Madhya Pradesh / Maharashtra",
        "latitude": 20.90667,
        "longitude": 78.96,
        "prospectivity_score": 0.8333,
        "uncertainty_val": 0.0998,
        "confidence_tier": "Data-Rich",
        "confidence_percent": 90.0,
        "priority_category": "HIGH PRIORITY",
        "area_sq_km": 28.5,
        "elevation_m": 337.11008158818106,
        "slope_deg": 11.532943613854636,
        "swir_alteration_index": 1.0841471437647825,
        "ferrous_iron_index": 2.5882270930875544,
        "environmental_overlap": false,
        "protected_area_name": null,
        "environmental_warning": null,
        "top_drivers": "SWIR Alteration (B11/B12), Structural Proximity, Slope"
      },
      "geometry": {
        "type": "Polygon",
        "coordinates": [
          [
            [
              78.935,
              20.88167
            ],
            [
              78.985,
              20.88167
            ],
            [
              78.985,
              20.93167
            ],
            [
              78.935,
              20.93167
            ],
            [
              78.935,
              20.88167
            ]
          ]
        ]
      }
    },
    {
      "type": "Feature",
      "properties": {
        "zone_id": "MN-ZONE-139",
        "belt_name": "MP-MH Belt",
        "state": "Madhya Pradesh / Maharashtra",
        "latitude": 20.90667,
        "longitude": 79.26667,
        "prospectivity_score": 0.79,
        "uncertainty_val": 0.0874,
        "confidence_tier": "Data-Rich",
        "confidence_percent": 91.3,
        "priority_category": "HIGH PRIORITY",
        "area_sq_km": 28.5,
        "elevation_m": 397.3050928233213,
        "slope_deg": 14.217972813193946,
        "swir_alteration_index": 2.146687060561746,
        "ferrous_iron_index": 2.8775991895659185,
        "environmental_overlap": false,
        "protected_area_name": null,
        "environmental_warning": null,
        "top_drivers": "SWIR Alteration (B11/B12), Structural Proximity, Slope"
      },
      "geometry": {
        "type": "Polygon",
        "coordinates": [
          [
            [
              79.24167,
              20.88167
            ],
            [
              79.29167,
              20.88167
            ],
            [
              79.29167,
              20.93167
            ],
            [
              79.24167,
              20.93167
            ],
            [
              79.24167,
              20.88167
            ]
          ]
        ]
      }
    },
    {
      "type": "Feature",
      "properties": {
        "zone_id": "MN-ZONE-140",
        "belt_name": "MP-MH Belt",
        "state": "Madhya Pradesh / Maharashtra",
        "latitude": 20.90667,
        "longitude": 79.57333,
        "prospectivity_score": 0.9367,
        "uncertainty_val": 0.0915,
        "confidence_tier": "Data-Rich",
        "confidence_percent": 90.8,
        "priority_category": "HIGH PRIORITY",
        "area_sq_km": 28.5,
        "elevation_m": 236.22620041886077,
        "slope_deg": 10.10983302789923,
        "swir_alteration_index": 1.7859981597484096,
        "ferrous_iron_index": 2.9701728165401526,
        "environmental_overlap": false,
        "protected_area_name": null,
        "environmental_warning": null,
        "top_drivers": "SWIR Alteration (B11/B12), Structural Proximity, Slope"
      },
      "geometry": {
        "type": "Polygon",
        "coordinates": [
          [
            [
              79.54833,
              20.88167
            ],
            [
              79.59833,
              20.88167
            ],
            [
              79.59833,
              20.93167
            ],
            [
              79.54833,
              20.93167
            ],
            [
              79.54833,
              20.88167
            ]
          ]
        ]
      }
    },
    {
      "type": "Feature",
      "properties": {
        "zone_id": "MN-ZONE-141",
        "belt_name": "MP-MH Belt",
        "state": "Madhya Pradesh / Maharashtra",
        "latitude": 20.90667,
        "longitude": 79.88,
        "prospectivity_score": 0.8433,
        "uncertainty_val": 0.1098,
        "confidence_tier": "Data-Rich",
        "confidence_percent": 89.0,
        "priority_category": "HIGH PRIORITY",
        "area_sq_km": 28.5,
        "elevation_m": 397.8818748213075,
        "slope_deg": 13.058090583222885,
        "swir_alteration_index": 0.800800313480898,
        "ferrous_iron_index": 3.9330845563669157,
        "environmental_overlap": false,
        "protected_area_name": null,
        "environmental_warning": null,
        "top_drivers": "SWIR Alteration (B11/B12), Structural Proximity, Slope"
      },
      "geometry": {
        "type": "Polygon",
        "coordinates": [
          [
            [
              79.855,
              20.88167
            ],
            [
              79.905,
              20.88167
            ],
            [
              79.905,
              20.93167
            ],
            [
              79.855,
              20.93167
            ],
            [
              79.855,
              20.88167
            ]
          ]
        ]
      }
    },
    {
      "type": "Feature",
      "properties": {
        "zone_id": "MN-ZONE-142",
        "belt_name": "MP-MH Belt",
        "state": "Madhya Pradesh / Maharashtra",
        "latitude": 20.90667,
        "longitude": 80.34,
        "prospectivity_score": 0.93,
        "uncertainty_val": 0.0993,
        "confidence_tier": "Data-Rich",
        "confidence_percent": 90.1,
        "priority_category": "HIGH PRIORITY",
        "area_sq_km": 28.5,
        "elevation_m": 142.4411990921467,
        "slope_deg": 9.612686382440982,
        "swir_alteration_index": 1.485388164294369,
        "ferrous_iron_index": 4.233537004271805,
        "environmental_overlap": false,
        "protected_area_name": null,
        "environmental_warning": null,
        "top_drivers": "SWIR Alteration (B11/B12), Structural Proximity, Slope"
      },
      "geometry": {
        "type": "Polygon",
        "coordinates": [
          [
            [
              80.315,
              20.88167
            ],
            [
              80.365,
              20.88167
            ],
            [
              80.365,
              20.93167
            ],
            [
              80.315,
              20.93167
            ],
            [
              80.315,
              20.88167
            ]
          ]
        ]
      }
    },
    {
      "type": "Feature",
      "properties": {
        "zone_id": "MN-ZONE-143",
        "belt_name": "MP-MH Belt",
        "state": "Madhya Pradesh / Maharashtra",
        "latitude": 21.01333,
        "longitude": 78.5,
        "prospectivity_score": 0.8067,
        "uncertainty_val": 0.1258,
        "confidence_tier": "Data-Rich",
        "confidence_percent": 87.4,
        "priority_category": "HIGH PRIORITY",
        "area_sq_km": 28.5,
        "elevation_m": 468.18910929599616,
        "slope_deg": 12.16408641737003,
        "swir_alteration_index": 1.919619560103252,
        "ferrous_iron_index": 2.154488097656941,
        "environmental_overlap": false,
        "protected_area_name": null,
        "environmental_warning": null,
        "top_drivers": "SWIR Alteration (B11/B12), Structural Proximity, Slope"
      },
      "geometry": {
        "type": "Polygon",
        "coordinates": [
          [
            [
              78.475,
              20.98833
            ],
            [
              78.525,
              20.98833
            ],
            [
              78.525,
              21.03833
            ],
            [
              78.475,
              21.03833
            ],
            [
              78.475,
              20.98833
            ]
          ]
        ]
      }
    },
    {
      "type": "Feature",
      "properties": {
        "zone_id": "MN-ZONE-144",
        "belt_name": "MP-MH Belt",
        "state": "Madhya Pradesh / Maharashtra",
        "latitude": 21.01333,
        "longitude": 78.65333,
        "prospectivity_score": 0.7667,
        "uncertainty_val": 0.1029,
        "confidence_tier": "Data-Rich",
        "confidence_percent": 89.7,
        "priority_category": "HIGH PRIORITY",
        "area_sq_km": 28.5,
        "elevation_m": 468.33238104431564,
        "slope_deg": 17.532557149339272,
        "swir_alteration_index": 1.3793327613536541,
        "ferrous_iron_index": 1.52899027648968,
        "environmental_overlap": false,
        "protected_area_name": null,
        "environmental_warning": null,
        "top_drivers": "SWIR Alteration (B11/B12), Structural Proximity, Slope"
      },
      "geometry": {
        "type": "Polygon",
        "coordinates": [
          [
            [
              78.62833,
              20.98833
            ],
            [
              78.67833,
              20.98833
            ],
            [
              78.67833,
              21.03833
            ],
            [
              78.62833,
              21.03833
            ],
            [
              78.62833,
              20.98833
            ]
          ]
        ]
      }
    },
    {
      "type": "Feature",
      "properties": {
        "zone_id": "MN-ZONE-145",
        "belt_name": "MP-MH Belt",
        "state": "Madhya Pradesh / Maharashtra",
        "latitude": 21.01333,
        "longitude": 78.80667,
        "prospectivity_score": 0.8233,
        "uncertainty_val": 0.0857,
        "confidence_tier": "Data-Rich",
        "confidence_percent": 91.4,
        "priority_category": "HIGH PRIORITY",
        "area_sq_km": 28.5,
        "elevation_m": 313.4494063014734,
        "slope_deg": 9.319153508953649,
        "swir_alteration_index": 0.9181178849153803,
        "ferrous_iron_index": 3.458723345703549,
        "environmental_overlap": false,
        "protected_area_name": null,
        "environmental_warning": null,
        "top_drivers": "SWIR Alteration (B11/B12), Structural Proximity, Slope"
      },
      "geometry": {
        "type": "Polygon",
        "coordinates": [
          [
            [
              78.78167,
              20.98833
            ],
            [
              78.83167,
              20.98833
            ],
            [
              78.83167,
              21.03833
            ],
            [
              78.78167,
              21.03833
            ],
            [
              78.78167,
              20.98833
            ]
          ]
        ]
      }
    },
    {
      "type": "Feature",
      "properties": {
        "zone_id": "MN-ZONE-146",
        "belt_name": "MP-MH Belt",
        "state": "Madhya Pradesh / Maharashtra",
        "latitude": 21.01333,
        "longitude": 78.96,
        "prospectivity_score": 0.8033,
        "uncertainty_val": 0.0778,
        "confidence_tier": "Data-Rich",
        "confidence_percent": 92.2,
        "priority_category": "HIGH PRIORITY",
        "area_sq_km": 28.5,
        "elevation_m": 416.27258265192665,
        "slope_deg": 6.367870076592987,
        "swir_alteration_index": 1.0169399128518253,
        "ferrous_iron_index": 1.8812693383635808,
        "environmental_overlap": false,
        "protected_area_name": null,
        "environmental_warning": null,
        "top_drivers": "SWIR Alteration (B11/B12), Structural Proximity, Slope"
      },
      "geometry": {
        "type": "Polygon",
        "coordinates": [
          [
            [
              78.935,
              20.98833
            ],
            [
              78.985,
              20.98833
            ],
            [
              78.985,
              21.03833
            ],
            [
              78.935,
              21.03833
            ],
            [
              78.935,
              20.98833
            ]
          ]
        ]
      }
    },
    {
      "type": "Feature",
      "properties": {
        "zone_id": "MN-ZONE-147",
        "belt_name": "MP-MH Belt",
        "state": "Madhya Pradesh / Maharashtra",
        "latitude": 21.01333,
        "longitude": 79.88,
        "prospectivity_score": 0.8833,
        "uncertainty_val": 0.0919,
        "confidence_tier": "Data-Rich",
        "confidence_percent": 90.8,
        "priority_category": "HIGH PRIORITY",
        "area_sq_km": 28.5,
        "elevation_m": 381.4479472483405,
        "slope_deg": 18.27145318582736,
        "swir_alteration_index": 1.7356479864353702,
        "ferrous_iron_index": 4.8953475140945315,
        "environmental_overlap": false,
        "protected_area_name": null,
        "environmental_warning": null,
        "top_drivers": "SWIR Alteration (B11/B12), Structural Proximity, Slope"
      },
      "geometry": {
        "type": "Polygon",
        "coordinates": [
          [
            [
              79.855,
              20.98833
            ],
            [
              79.905,
              20.98833
            ],
            [
              79.905,
              21.03833
            ],
            [
              79.855,
              21.03833
            ],
            [
              79.855,
              20.98833
            ]
          ]
        ]
      }
    },
    {
      "type": "Feature",
      "properties": {
        "zone_id": "MN-ZONE-148",
        "belt_name": "MP-MH Belt",
        "state": "Madhya Pradesh / Maharashtra",
        "latitude": 21.01333,
        "longitude": 80.03333,
        "prospectivity_score": 0.8,
        "uncertainty_val": 0.0759,
        "confidence_tier": "Data-Rich",
        "confidence_percent": 92.4,
        "priority_category": "HIGH PRIORITY",
        "area_sq_km": 28.5,
        "elevation_m": 289.17734925552406,
        "slope_deg": 11.634020324850356,
        "swir_alteration_index": 1.8072250407780275,
        "ferrous_iron_index": 2.9290706741800707,
        "environmental_overlap": false,
        "protected_area_name": null,
        "environmental_warning": null,
        "top_drivers": "SWIR Alteration (B11/B12), Structural Proximity, Slope"
      },
      "geometry": {
        "type": "Polygon",
        "coordinates": [
          [
            [
              80.00833,
              20.98833
            ],
            [
              80.05833,
              20.98833
            ],
            [
              80.05833,
              21.03833
            ],
            [
              80.00833,
              21.03833
            ],
            [
              80.00833,
              20.98833
            ]
          ]
        ]
      }
    },
    {
      "type": "Feature",
      "properties": {
        "zone_id": "MN-ZONE-149",
        "belt_name": "MP-MH Belt",
        "state": "Madhya Pradesh / Maharashtra",
        "latitude": 21.01333,
        "longitude": 80.34,
        "prospectivity_score": 0.8167,
        "uncertainty_val": 0.0791,
        "confidence_tier": "Data-Rich",
        "confidence_percent": 92.1,
        "priority_category": "HIGH PRIORITY",
        "area_sq_km": 28.5,
        "elevation_m": 152.45122287828625,
        "slope_deg": 13.379947545282896,
        "swir_alteration_index": 1.6095295935494176,
        "ferrous_iron_index": 3.3696491121547085,
        "environmental_overlap": false,
        "protected_area_name": null,
        "environmental_warning": null,
        "top_drivers": "SWIR Alteration (B11/B12), Structural Proximity, Slope"
      },
      "geometry": {
        "type": "Polygon",
        "coordinates": [
          [
            [
              80.315,
              20.98833
            ],
            [
              80.365,
              20.98833
            ],
            [
              80.365,
              21.03833
            ],
            [
              80.315,
              21.03833
            ],
            [
              80.315,
              20.98833
            ]
          ]
        ]
      }
    },
    {
      "type": "Feature",
      "properties": {
        "zone_id": "MN-ZONE-150",
        "belt_name": "MP-MH Belt",
        "state": "Madhya Pradesh / Maharashtra",
        "latitude": 21.01333,
        "longitude": 80.49333,
        "prospectivity_score": 0.8533,
        "uncertainty_val": 0.0972,
        "confidence_tier": "Data-Rich",
        "confidence_percent": 90.3,
        "priority_category": "HIGH PRIORITY",
        "area_sq_km": 28.5,
        "elevation_m": 589.0766164767724,
        "slope_deg": 11.696914421841143,
        "swir_alteration_index": 1.681706018762264,
        "ferrous_iron_index": 2.017938662665821,
        "environmental_overlap": false,
        "protected_area_name": null,
        "environmental_warning": null,
        "top_drivers": "SWIR Alteration (B11/B12), Structural Proximity, Slope"
      },
      "geometry": {
        "type": "Polygon",
        "coordinates": [
          [
            [
              80.46833,
              20.98833
            ],
            [
              80.51833,
              20.98833
            ],
            [
              80.51833,
              21.03833
            ],
            [
              80.46833,
              21.03833
            ],
            [
              80.46833,
              20.98833
            ]
          ]
        ]
      }
    },
    {
      "type": "Feature",
      "properties": {
        "zone_id": "MN-ZONE-151",
        "belt_name": "MP-MH Belt",
        "state": "Madhya Pradesh / Maharashtra",
        "latitude": 21.01333,
        "longitude": 80.64667,
        "prospectivity_score": 0.9367,
        "uncertainty_val": 0.1209,
        "confidence_tier": "Data-Rich",
        "confidence_percent": 87.9,
        "priority_category": "HIGH PRIORITY",
        "area_sq_km": 28.5,
        "elevation_m": 342.09326581354435,
        "slope_deg": 7.393941506639141,
        "swir_alteration_index": 1.9689767546718837,
        "ferrous_iron_index": 4.105528612925908,
        "environmental_overlap": false,
        "protected_area_name": null,
        "environmental_warning": null,
        "top_drivers": "SWIR Alteration (B11/B12), Structural Proximity, Slope"
      },
      "geometry": {
        "type": "Polygon",
        "coordinates": [
          [
            [
              80.62167,
              20.98833
            ],
            [
              80.67167,
              20.98833
            ],
            [
              80.67167,
              21.03833
            ],
            [
              80.62167,
              21.03833
            ],
            [
              80.62167,
              20.98833
            ]
          ]
        ]
      }
    },
    {
      "type": "Feature",
      "properties": {
        "zone_id": "MN-ZONE-152",
        "belt_name": "MP-MH Belt",
        "state": "Madhya Pradesh / Maharashtra",
        "latitude": 21.12,
        "longitude": 78.5,
        "prospectivity_score": 0.8567,
        "uncertainty_val": 0.1133,
        "confidence_tier": "Data-Rich",
        "confidence_percent": 88.7,
        "priority_category": "HIGH PRIORITY",
        "area_sq_km": 28.5,
        "elevation_m": 188.4113212589527,
        "slope_deg": 11.348414595268066,
        "swir_alteration_index": 1.7083865701926602,
        "ferrous_iron_index": 2.145221252706966,
        "environmental_overlap": false,
        "protected_area_name": null,
        "environmental_warning": null,
        "top_drivers": "SWIR Alteration (B11/B12), Structural Proximity, Slope"
      },
      "geometry": {
        "type": "Polygon",
        "coordinates": [
          [
            [
              78.475,
              21.095
            ],
            [
              78.525,
              21.095
            ],
            [
              78.525,
              21.145
            ],
            [
              78.475,
              21.145
            ],
            [
              78.475,
              21.095
            ]
          ]
        ]
      }
    },
    {
      "type": "Feature",
      "properties": {
        "zone_id": "MN-ZONE-153",
        "belt_name": "MP-MH Belt",
        "state": "Madhya Pradesh / Maharashtra",
        "latitude": 21.12,
        "longitude": 79.11333,
        "prospectivity_score": 0.8133,
        "uncertainty_val": 0.0542,
        "confidence_tier": "Data-Rich",
        "confidence_percent": 94.6,
        "priority_category": "HIGH PRIORITY",
        "area_sq_km": 28.5,
        "elevation_m": 409.54908976392574,
        "slope_deg": 7.345473595916991,
        "swir_alteration_index": 1.3428128467718694,
        "ferrous_iron_index": 1.6601682163186406,
        "environmental_overlap": false,
        "protected_area_name": null,
        "environmental_warning": null,
        "top_drivers": "SWIR Alteration (B11/B12), Structural Proximity, Slope"
      },
      "geometry": {
        "type": "Polygon",
        "coordinates": [
          [
            [
              79.08833,
              21.095
            ],
            [
              79.13833,
              21.095
            ],
            [
              79.13833,
              21.145
            ],
            [
              79.08833,
              21.145
            ],
            [
              79.08833,
              21.095
            ]
          ]
        ]
      }
    },
    {
      "type": "Feature",
      "properties": {
        "zone_id": "MN-ZONE-154",
        "belt_name": "MP-MH Belt",
        "state": "Madhya Pradesh / Maharashtra",
        "latitude": 21.12,
        "longitude": 79.42,
        "prospectivity_score": 0.9533,
        "uncertainty_val": 0.0412,
        "confidence_tier": "Data-Rich",
        "confidence_percent": 95.9,
        "priority_category": "HIGH PRIORITY",
        "area_sq_km": 28.5,
        "elevation_m": 380.76766534011136,
        "slope_deg": 5.070162750194969,
        "swir_alteration_index": 1.2392026830577818,
        "ferrous_iron_index": 3.3544443273374998,
        "environmental_overlap": false,
        "protected_area_name": null,
        "environmental_warning": null,
        "top_drivers": "SWIR Alteration (B11/B12), Structural Proximity, Slope"
      },
      "geometry": {
        "type": "Polygon",
        "coordinates": [
          [
            [
              79.395,
              21.095
            ],
            [
              79.445,
              21.095
            ],
            [
              79.445,
              21.145
            ],
            [
              79.395,
              21.145
            ],
            [
              79.395,
              21.095
            ]
          ]
        ]
      }
    },
    {
      "type": "Feature",
      "properties": {
        "zone_id": "MN-ZONE-155",
        "belt_name": "MP-MH Belt",
        "state": "Madhya Pradesh / Maharashtra",
        "latitude": 21.12,
        "longitude": 79.88,
        "prospectivity_score": 0.8033,
        "uncertainty_val": 0.076,
        "confidence_tier": "Data-Rich",
        "confidence_percent": 92.4,
        "priority_category": "HIGH PRIORITY",
        "area_sq_km": 28.5,
        "elevation_m": 395.97805840503133,
        "slope_deg": 9.213308362162557,
        "swir_alteration_index": 1.5064515949123467,
        "ferrous_iron_index": 4.473861995111641,
        "environmental_overlap": false,
        "protected_area_name": null,
        "environmental_warning": null,
        "top_drivers": "SWIR Alteration (B11/B12), Structural Proximity, Slope"
      },
      "geometry": {
        "type": "Polygon",
        "coordinates": [
          [
            [
              79.855,
              21.095
            ],
            [
              79.905,
              21.095
            ],
            [
              79.905,
              21.145
            ],
            [
              79.855,
              21.145
            ],
            [
              79.855,
              21.095
            ]
          ]
        ]
      }
    },
    {
      "type": "Feature",
      "properties": {
        "zone_id": "MN-ZONE-156",
        "belt_name": "MP-MH Belt",
        "state": "Madhya Pradesh / Maharashtra",
        "latitude": 21.12,
        "longitude": 80.18667,
        "prospectivity_score": 0.76,
        "uncertainty_val": 0.0489,
        "confidence_tier": "Data-Rich",
        "confidence_percent": 95.1,
        "priority_category": "HIGH PRIORITY",
        "area_sq_km": 28.5,
        "elevation_m": 417.7181686725047,
        "slope_deg": 10.821381761788475,
        "swir_alteration_index": 2.0017199455846457,
        "ferrous_iron_index": 2.311061052245044,
        "environmental_overlap": false,
        "protected_area_name": null,
        "environmental_warning": null,
        "top_drivers": "SWIR Alteration (B11/B12), Structural Proximity, Slope"
      },
      "geometry": {
        "type": "Polygon",
        "coordinates": [
          [
            [
              80.16167,
              21.095
            ],
            [
              80.21167,
              21.095
            ],
            [
              80.21167,
              21.145
            ],
            [
              80.16167,
              21.145
            ],
            [
              80.16167,
              21.095
            ]
          ]
        ]
      }
    },
    {
      "type": "Feature",
      "properties": {
        "zone_id": "MN-ZONE-157",
        "belt_name": "MP-MH Belt",
        "state": "Madhya Pradesh / Maharashtra",
        "latitude": 21.12,
        "longitude": 80.8,
        "prospectivity_score": 0.9833,
        "uncertainty_val": 0.1382,
        "confidence_tier": "Data-Rich",
        "confidence_percent": 86.2,
        "priority_category": "HIGH PRIORITY",
        "area_sq_km": 28.5,
        "elevation_m": 385.5431924093749,
        "slope_deg": 16.148075454845795,
        "swir_alteration_index": 1.7199259715255892,
        "ferrous_iron_index": 3.2179791814277943,
        "environmental_overlap": false,
        "protected_area_name": null,
        "environmental_warning": null,
        "top_drivers": "SWIR Alteration (B11/B12), Structural Proximity, Slope"
      },
      "geometry": {
        "type": "Polygon",
        "coordinates": [
          [
            [
              80.775,
              21.095
            ],
            [
              80.825,
              21.095
            ],
            [
              80.825,
              21.145
            ],
            [
              80.775,
              21.145
            ],
            [
              80.775,
              21.095
            ]
          ]
        ]
      }
    },
    {
      "type": "Feature",
      "properties": {
        "zone_id": "MN-ZONE-158",
        "belt_name": "MP-MH Belt",
        "state": "Madhya Pradesh / Maharashtra",
        "latitude": 21.22667,
        "longitude": 78.65333,
        "prospectivity_score": 0.81,
        "uncertainty_val": 0.0749,
        "confidence_tier": "Data-Rich",
        "confidence_percent": 92.5,
        "priority_category": "HIGH PRIORITY",
        "area_sq_km": 28.5,
        "elevation_m": 161.24680969918742,
        "slope_deg": 7.316121166330069,
        "swir_alteration_index": 1.410961514642166,
        "ferrous_iron_index": 1.5276334391900483,
        "environmental_overlap": false,
        "protected_area_name": null,
        "environmental_warning": null,
        "top_drivers": "SWIR Alteration (B11/B12), Structural Proximity, Slope"
      },
      "geometry": {
        "type": "Polygon",
        "coordinates": [
          [
            [
              78.62833,
              21.20167
            ],
            [
              78.67833,
              21.20167
            ],
            [
              78.67833,
              21.25167
            ],
            [
              78.62833,
              21.25167
            ],
            [
              78.62833,
              21.20167
            ]
          ]
        ]
      }
    },
    {
      "type": "Feature",
      "properties": {
        "zone_id": "MN-ZONE-159",
        "belt_name": "MP-MH Belt",
        "state": "Madhya Pradesh / Maharashtra",
        "latitude": 21.22667,
        "longitude": 78.96,
        "prospectivity_score": 0.9733,
        "uncertainty_val": 0.0339,
        "confidence_tier": "Data-Rich",
        "confidence_percent": 96.6,
        "priority_category": "HIGH PRIORITY",
        "area_sq_km": 28.5,
        "elevation_m": 336.0949680212801,
        "slope_deg": 15.42293044052513,
        "swir_alteration_index": 2.015060957581052,
        "ferrous_iron_index": 2.817817318471222,
        "environmental_overlap": false,
        "protected_area_name": null,
        "environmental_warning": null,
        "top_drivers": "SWIR Alteration (B11/B12), Structural Proximity, Slope"
      },
      "geometry": {
        "type": "Polygon",
        "coordinates": [
          [
            [
              78.935,
              21.20167
            ],
            [
              78.985,
              21.20167
            ],
            [
              78.985,
              21.25167
            ],
            [
              78.935,
              21.25167
            ],
            [
              78.935,
              21.20167
            ]
          ]
        ]
      }
    },
    {
      "type": "Feature",
      "properties": {
        "zone_id": "MN-ZONE-160",
        "belt_name": "MP-MH Belt",
        "state": "Madhya Pradesh / Maharashtra",
        "latitude": 21.22667,
        "longitude": 79.11333,
        "prospectivity_score": 0.8067,
        "uncertainty_val": 0.0375,
        "confidence_tier": "Data-Rich",
        "confidence_percent": 96.3,
        "priority_category": "HIGH PRIORITY",
        "area_sq_km": 28.5,
        "elevation_m": 286.9975020466106,
        "slope_deg": 13.293799761294306,
        "swir_alteration_index": 1.4231482819396042,
        "ferrous_iron_index": 3.8718035799521227,
        "environmental_overlap": false,
        "protected_area_name": null,
        "environmental_warning": null,
        "top_drivers": "SWIR Alteration (B11/B12), Structural Proximity, Slope"
      },
      "geometry": {
        "type": "Polygon",
        "coordinates": [
          [
            [
              79.08833,
              21.20167
            ],
            [
              79.13833,
              21.20167
            ],
            [
              79.13833,
              21.25167
            ],
            [
              79.08833,
              21.25167
            ],
            [
              79.08833,
              21.20167
            ]
          ]
        ]
      }
    },
    {
      "type": "Feature",
      "properties": {
        "zone_id": "MN-ZONE-161",
        "belt_name": "MP-MH Belt",
        "state": "Madhya Pradesh / Maharashtra",
        "latitude": 21.22667,
        "longitude": 79.26667,
        "prospectivity_score": 0.7967,
        "uncertainty_val": 0.0233,
        "confidence_tier": "Data-Rich",
        "confidence_percent": 97.7,
        "priority_category": "HIGH PRIORITY",
        "area_sq_km": 28.5,
        "elevation_m": 177.88241747102757,
        "slope_deg": 5.877363175383955,
        "swir_alteration_index": 2.3110995884641676,
        "ferrous_iron_index": 2.558236118938951,
        "environmental_overlap": false,
        "protected_area_name": null,
        "environmental_warning": null,
        "top_drivers": "SWIR Alteration (B11/B12), Structural Proximity, Slope"
      },
      "geometry": {
        "type": "Polygon",
        "coordinates": [
          [
            [
              79.24167,
              21.20167
            ],
            [
              79.29167,
              21.20167
            ],
            [
              79.29167,
              21.25167
            ],
            [
              79.24167,
              21.25167
            ],
            [
              79.24167,
              21.20167
            ]
          ]
        ]
      }
    },
    {
      "type": "Feature",
      "properties": {
        "zone_id": "MN-ZONE-162",
        "belt_name": "MP-MH Belt",
        "state": "Madhya Pradesh / Maharashtra",
        "latitude": 21.22667,
        "longitude": 79.88,
        "prospectivity_score": 0.86,
        "uncertainty_val": 0.0638,
        "confidence_tier": "Data-Rich",
        "confidence_percent": 93.6,
        "priority_category": "HIGH PRIORITY",
        "area_sq_km": 28.5,
        "elevation_m": 357.87777278663333,
        "slope_deg": 14.742644101329041,
        "swir_alteration_index": 2.1497147845948166,
        "ferrous_iron_index": 2.362912396495729,
        "environmental_overlap": false,
        "protected_area_name": null,
        "environmental_warning": null,
        "top_drivers": "SWIR Alteration (B11/B12), Structural Proximity, Slope"
      },
      "geometry": {
        "type": "Polygon",
        "coordinates": [
          [
            [
              79.855,
              21.20167
            ],
            [
              79.905,
              21.20167
            ],
            [
              79.905,
              21.25167
            ],
            [
              79.855,
              21.25167
            ],
            [
              79.855,
              21.20167
            ]
          ]
        ]
      }
    },
    {
      "type": "Feature",
      "properties": {
        "zone_id": "MN-ZONE-163",
        "belt_name": "MP-MH Belt",
        "state": "Madhya Pradesh / Maharashtra",
        "latitude": 21.22667,
        "longitude": 80.03333,
        "prospectivity_score": 0.9567,
        "uncertainty_val": 0.0378,
        "confidence_tier": "Data-Rich",
        "confidence_percent": 96.2,
        "priority_category": "HIGH PRIORITY",
        "area_sq_km": 28.5,
        "elevation_m": 364.5836470215384,
        "slope_deg": 12.633847464323521,
        "swir_alteration_index": 1.3254462289535829,
        "ferrous_iron_index": 3.2281117076814922,
        "environmental_overlap": false,
        "protected_area_name": null,
        "environmental_warning": null,
        "top_drivers": "SWIR Alteration (B11/B12), Structural Proximity, Slope"
      },
      "geometry": {
        "type": "Polygon",
        "coordinates": [
          [
            [
              80.00833,
              21.20167
            ],
            [
              80.05833,
              21.20167
            ],
            [
              80.05833,
              21.25167
            ],
            [
              80.00833,
              21.25167
            ],
            [
              80.00833,
              21.20167
            ]
          ]
        ]
      }
    },
    {
      "type": "Feature",
      "properties": {
        "zone_id": "MN-ZONE-164",
        "belt_name": "MP-MH Belt",
        "state": "Madhya Pradesh / Maharashtra",
        "latitude": 21.22667,
        "longitude": 80.34,
        "prospectivity_score": 0.8067,
        "uncertainty_val": 0.0438,
        "confidence_tier": "Data-Rich",
        "confidence_percent": 95.6,
        "priority_category": "HIGH PRIORITY",
        "area_sq_km": 28.5,
        "elevation_m": 244.15593663583473,
        "slope_deg": 0.5,
        "swir_alteration_index": 1.9280793846244249,
        "ferrous_iron_index": 5.1692878435803555,
        "environmental_overlap": false,
        "protected_area_name": null,
        "environmental_warning": null,
        "top_drivers": "SWIR Alteration (B11/B12), Structural Proximity, Slope"
      },
      "geometry": {
        "type": "Polygon",
        "coordinates": [
          [
            [
              80.315,
              21.20167
            ],
            [
              80.365,
              21.20167
            ],
            [
              80.365,
              21.25167
            ],
            [
              80.315,
              21.25167
            ],
            [
              80.315,
              21.20167
            ]
          ]
        ]
      }
    },
    {
      "type": "Feature",
      "properties": {
        "zone_id": "MN-ZONE-165",
        "belt_name": "MP-MH Belt",
        "state": "Madhya Pradesh / Maharashtra",
        "latitude": 21.22667,
        "longitude": 80.64667,
        "prospectivity_score": 0.8833,
        "uncertainty_val": 0.1011,
        "confidence_tier": "Data-Rich",
        "confidence_percent": 89.9,
        "priority_category": "HIGH PRIORITY",
        "area_sq_km": 28.5,
        "elevation_m": 315.94012930901386,
        "slope_deg": 12.250643649012478,
        "swir_alteration_index": 1.1461488691345858,
        "ferrous_iron_index": 4.898146326010285,
        "environmental_overlap": false,
        "protected_area_name": null,
        "environmental_warning": null,
        "top_drivers": "SWIR Alteration (B11/B12), Structural Proximity, Slope"
      },
      "geometry": {
        "type": "Polygon",
        "coordinates": [
          [
            [
              80.62167,
              21.20167
            ],
            [
              80.67167,
              21.20167
            ],
            [
              80.67167,
              21.25167
            ],
            [
              80.62167,
              21.25167
            ],
            [
              80.62167,
              21.20167
            ]
          ]
        ]
      }
    },
    {
      "type": "Feature",
      "properties": {
        "zone_id": "MN-ZONE-166",
        "belt_name": "MP-MH Belt",
        "state": "Madhya Pradesh / Maharashtra",
        "latitude": 21.33333,
        "longitude": 78.65333,
        "prospectivity_score": 0.8233,
        "uncertainty_val": 0.0675,
        "confidence_tier": "Data-Rich",
        "confidence_percent": 93.3,
        "priority_category": "HIGH PRIORITY",
        "area_sq_km": 28.5,
        "elevation_m": 439.8617839598647,
        "slope_deg": 3.8423660857569004,
        "swir_alteration_index": 1.3818633283573367,
        "ferrous_iron_index": 2.5335276759857996,
        "environmental_overlap": false,
        "protected_area_name": null,
        "environmental_warning": null,
        "top_drivers": "SWIR Alteration (B11/B12), Structural Proximity, Slope"
      },
      "geometry": {
        "type": "Polygon",
        "coordinates": [
          [
            [
              78.62833,
              21.30833
            ],
            [
              78.67833,
              21.30833
            ],
            [
              78.67833,
              21.35833
            ],
            [
              78.62833,
              21.35833
            ],
            [
              78.62833,
              21.30833
            ]
          ]
        ]
      }
    },
    {
      "type": "Feature",
      "properties": {
        "zone_id": "MN-ZONE-167",
        "belt_name": "MP-MH Belt",
        "state": "Madhya Pradesh / Maharashtra",
        "latitude": 21.33333,
        "longitude": 79.42,
        "prospectivity_score": 0.8533,
        "uncertainty_val": 0.0,
        "confidence_tier": "Data-Rich",
        "confidence_percent": 100.0,
        "priority_category": "HIGH PRIORITY",
        "area_sq_km": 28.5,
        "elevation_m": 167.89139307055038,
        "slope_deg": 7.310495425353143,
        "swir_alteration_index": 1.6361414058889383,
        "ferrous_iron_index": 4.937741614032215,
        "environmental_overlap": false,
        "protected_area_name": null,
        "environmental_warning": null,
        "top_drivers": "SWIR Alteration (B11/B12), Structural Proximity, Slope"
      },
      "geometry": {
        "type": "Polygon",
        "coordinates": [
          [
            [
              79.395,
              21.30833
            ],
            [
              79.445,
              21.30833
            ],
            [
              79.445,
              21.35833
            ],
            [
              79.395,
              21.35833
            ],
            [
              79.395,
              21.30833
            ]
          ]
        ]
      }
    },
    {
      "type": "Feature",
      "properties": {
        "zone_id": "MN-ZONE-168",
        "belt_name": "MP-MH Belt",
        "state": "Madhya Pradesh / Maharashtra",
        "latitude": 21.33333,
        "longitude": 79.72667,
        "prospectivity_score": 0.8667,
        "uncertainty_val": 0.0429,
        "confidence_tier": "Data-Rich",
        "confidence_percent": 95.7,
        "priority_category": "HIGH PRIORITY",
        "area_sq_km": 28.5,
        "elevation_m": 435.24686434329504,
        "slope_deg": 4.468673809898127,
        "swir_alteration_index": 2.2971320963099986,
        "ferrous_iron_index": 3.7145617039167367,
        "environmental_overlap": false,
        "protected_area_name": null,
        "environmental_warning": null,
        "top_drivers": "SWIR Alteration (B11/B12), Structural Proximity, Slope"
      },
      "geometry": {
        "type": "Polygon",
        "coordinates": [
          [
            [
              79.70167,
              21.30833
            ],
            [
              79.75167,
              21.30833
            ],
            [
              79.75167,
              21.35833
            ],
            [
              79.70167,
              21.35833
            ],
            [
              79.70167,
              21.30833
            ]
          ]
        ]
      }
    },
    {
      "type": "Feature",
      "properties": {
        "zone_id": "MN-ZONE-169",
        "belt_name": "MP-MH Belt",
        "state": "Madhya Pradesh / Maharashtra",
        "latitude": 21.33333,
        "longitude": 79.88,
        "prospectivity_score": 0.8767,
        "uncertainty_val": 0.056,
        "confidence_tier": "Data-Rich",
        "confidence_percent": 94.4,
        "priority_category": "HIGH PRIORITY",
        "area_sq_km": 28.5,
        "elevation_m": 352.80787740479906,
        "slope_deg": 10.469025726077835,
        "swir_alteration_index": 1.1924325612190012,
        "ferrous_iron_index": 4.736215487365527,
        "environmental_overlap": false,
        "protected_area_name": null,
        "environmental_warning": null,
        "top_drivers": "SWIR Alteration (B11/B12), Structural Proximity, Slope"
      },
      "geometry": {
        "type": "Polygon",
        "coordinates": [
          [
            [
              79.855,
              21.30833
            ],
            [
              79.905,
              21.30833
            ],
            [
              79.905,
              21.35833
            ],
            [
              79.855,
              21.35833
            ],
            [
              79.855,
              21.30833
            ]
          ]
        ]
      }
    },
    {
      "type": "Feature",
      "properties": {
        "zone_id": "MN-ZONE-170",
        "belt_name": "MP-MH Belt",
        "state": "Madhya Pradesh / Maharashtra",
        "latitude": 21.33333,
        "longitude": 80.49333,
        "prospectivity_score": 0.8267,
        "uncertainty_val": 0.0657,
        "confidence_tier": "Data-Rich",
        "confidence_percent": 93.4,
        "priority_category": "HIGH PRIORITY",
        "area_sq_km": 28.5,
        "elevation_m": 319.2941681091288,
        "slope_deg": 15.40341532691608,
        "swir_alteration_index": 1.1265065050282974,
        "ferrous_iron_index": 3.5310151912712855,
        "environmental_overlap": false,
        "protected_area_name": null,
        "environmental_warning": null,
        "top_drivers": "SWIR Alteration (B11/B12), Structural Proximity, Slope"
      },
      "geometry": {
        "type": "Polygon",
        "coordinates": [
          [
            [
              80.46833,
              21.30833
            ],
            [
              80.51833,
              21.30833
            ],
            [
              80.51833,
              21.35833
            ],
            [
              80.46833,
              21.35833
            ],
            [
              80.46833,
              21.30833
            ]
          ]
        ]
      }
    },
    {
      "type": "Feature",
      "properties": {
        "zone_id": "MN-ZONE-171",
        "belt_name": "MP-MH Belt",
        "state": "Madhya Pradesh / Maharashtra",
        "latitude": 21.33333,
        "longitude": 80.64667,
        "prospectivity_score": 0.82,
        "uncertainty_val": 0.0972,
        "confidence_tier": "Data-Rich",
        "confidence_percent": 90.3,
        "priority_category": "HIGH PRIORITY",
        "area_sq_km": 28.5,
        "elevation_m": 327.4343619287748,
        "slope_deg": 16.250609633332427,
        "swir_alteration_index": 1.2073566842469154,
        "ferrous_iron_index": 2.88696354612369,
        "environmental_overlap": false,
        "protected_area_name": null,
        "environmental_warning": null,
        "top_drivers": "SWIR Alteration (B11/B12), Structural Proximity, Slope"
      },
      "geometry": {
        "type": "Polygon",
        "coordinates": [
          [
            [
              80.62167,
              21.30833
            ],
            [
              80.67167,
              21.30833
            ],
            [
              80.67167,
              21.35833
            ],
            [
              80.62167,
              21.35833
            ],
            [
              80.62167,
              21.30833
            ]
          ]
        ]
      }
    },
    {
      "type": "Feature",
      "properties": {
        "zone_id": "MN-ZONE-172",
        "belt_name": "MP-MH Belt",
        "state": "Madhya Pradesh / Maharashtra",
        "latitude": 21.33333,
        "longitude": 80.8,
        "prospectivity_score": 0.8,
        "uncertainty_val": 0.1289,
        "confidence_tier": "Data-Rich",
        "confidence_percent": 87.1,
        "priority_category": "HIGH PRIORITY",
        "area_sq_km": 28.5,
        "elevation_m": 270.0370175832961,
        "slope_deg": 8.885287708736708,
        "swir_alteration_index": 1.914329370530712,
        "ferrous_iron_index": 3.0597153259012653,
        "environmental_overlap": false,
        "protected_area_name": null,
        "environmental_warning": null,
        "top_drivers": "SWIR Alteration (B11/B12), Structural Proximity, Slope"
      },
      "geometry": {
        "type": "Polygon",
        "coordinates": [
          [
            [
              80.775,
              21.30833
            ],
            [
              80.825,
              21.30833
            ],
            [
              80.825,
              21.35833
            ],
            [
              80.775,
              21.35833
            ],
            [
              80.775,
              21.30833
            ]
          ]
        ]
      }
    },
    {
      "type": "Feature",
      "properties": {
        "zone_id": "MN-ZONE-173",
        "belt_name": "MP-MH Belt",
        "state": "Madhya Pradesh / Maharashtra",
        "latitude": 21.44,
        "longitude": 78.5,
        "prospectivity_score": 0.7767,
        "uncertainty_val": 0.0982,
        "confidence_tier": "Data-Rich",
        "confidence_percent": 90.2,
        "priority_category": "HIGH PRIORITY",
        "area_sq_km": 28.5,
        "elevation_m": 415.230615161023,
        "slope_deg": 2.6589920031231706,
        "swir_alteration_index": 1.7148878166460813,
        "ferrous_iron_index": 2.2035676383563616,
        "environmental_overlap": false,
        "protected_area_name": null,
        "environmental_warning": null,
        "top_drivers": "SWIR Alteration (B11/B12), Structural Proximity, Slope"
      },
      "geometry": {
        "type": "Polygon",
        "coordinates": [
          [
            [
              78.475,
              21.415
            ],
            [
              78.525,
              21.415
            ],
            [
              78.525,
              21.465
            ],
            [
              78.475,
              21.465
            ],
            [
              78.475,
              21.415
            ]
          ]
        ]
      }
    },
    {
      "type": "Feature",
      "properties": {
        "zone_id": "MN-ZONE-174",
        "belt_name": "MP-MH Belt",
        "state": "Madhya Pradesh / Maharashtra",
        "latitude": 21.44,
        "longitude": 78.65333,
        "prospectivity_score": 0.8333,
        "uncertainty_val": 0.0667,
        "confidence_tier": "Data-Rich",
        "confidence_percent": 93.3,
        "priority_category": "HIGH PRIORITY",
        "area_sq_km": 28.5,
        "elevation_m": 439.7543570303795,
        "slope_deg": 15.085988973268666,
        "swir_alteration_index": 2.0234939129197937,
        "ferrous_iron_index": 1.7072285460857262,
        "environmental_overlap": false,
        "protected_area_name": null,
        "environmental_warning": null,
        "top_drivers": "SWIR Alteration (B11/B12), Structural Proximity, Slope"
      },
      "geometry": {
        "type": "Polygon",
        "coordinates": [
          [
            [
              78.62833,
              21.415
            ],
            [
              78.67833,
              21.415
            ],
            [
              78.67833,
              21.465
            ],
            [
              78.62833,
              21.465
            ],
            [
              78.62833,
              21.415
            ]
          ]
        ]
      }
    },
    {
      "type": "Feature",
      "properties": {
        "zone_id": "MN-ZONE-175",
        "belt_name": "MP-MH Belt",
        "state": "Madhya Pradesh / Maharashtra",
        "latitude": 21.44,
        "longitude": 78.96,
        "prospectivity_score": 0.7933,
        "uncertainty_val": 0.0076,
        "confidence_tier": "Data-Rich",
        "confidence_percent": 99.2,
        "priority_category": "HIGH PRIORITY",
        "area_sq_km": 28.5,
        "elevation_m": 399.00796282514955,
        "slope_deg": 12.464450973636366,
        "swir_alteration_index": 1.4524260100412525,
        "ferrous_iron_index": 2.195806438226932,
        "environmental_overlap": false,
        "protected_area_name": null,
        "environmental_warning": null,
        "top_drivers": "SWIR Alteration (B11/B12), Structural Proximity, Slope"
      },
      "geometry": {
        "type": "Polygon",
        "coordinates": [
          [
            [
              78.935,
              21.415
            ],
            [
              78.985,
              21.415
            ],
            [
              78.985,
              21.465
            ],
            [
              78.935,
              21.465
            ],
            [
              78.935,
              21.415
            ]
          ]
        ]
      }
    },
    {
      "type": "Feature",
      "properties": {
        "zone_id": "MN-ZONE-176",
        "belt_name": "MP-MH Belt",
        "state": "Madhya Pradesh / Maharashtra",
        "latitude": 21.44,
        "longitude": 80.03333,
        "prospectivity_score": 0.8867,
        "uncertainty_val": 0.0294,
        "confidence_tier": "Data-Rich",
        "confidence_percent": 97.1,
        "priority_category": "HIGH PRIORITY",
        "area_sq_km": 28.5,
        "elevation_m": 492.73053642892165,
        "slope_deg": 8.112543613036522,
        "swir_alteration_index": 2.044162706528022,
        "ferrous_iron_index": 2.3820481933312845,
        "environmental_overlap": false,
        "protected_area_name": null,
        "environmental_warning": null,
        "top_drivers": "SWIR Alteration (B11/B12), Structural Proximity, Slope"
      },
      "geometry": {
        "type": "Polygon",
        "coordinates": [
          [
            [
              80.00833,
              21.415
            ],
            [
              80.05833,
              21.415
            ],
            [
              80.05833,
              21.465
            ],
            [
              80.00833,
              21.465
            ],
            [
              80.00833,
              21.415
            ]
          ]
        ]
      }
    },
    {
      "type": "Feature",
      "properties": {
        "zone_id": "MN-ZONE-177",
        "belt_name": "MP-MH Belt",
        "state": "Madhya Pradesh / Maharashtra",
        "latitude": 21.44,
        "longitude": 80.18667,
        "prospectivity_score": 0.7533,
        "uncertainty_val": 0.0137,
        "confidence_tier": "Data-Rich",
        "confidence_percent": 98.6,
        "priority_category": "HIGH PRIORITY",
        "area_sq_km": 28.5,
        "elevation_m": 347.11973053255787,
        "slope_deg": 4.021738619431944,
        "swir_alteration_index": 2.3393689070269628,
        "ferrous_iron_index": 2.2356815331783766,
        "environmental_overlap": false,
        "protected_area_name": null,
        "environmental_warning": null,
        "top_drivers": "SWIR Alteration (B11/B12), Structural Proximity, Slope"
      },
      "geometry": {
        "type": "Polygon",
        "coordinates": [
          [
            [
              80.16167,
              21.415
            ],
            [
              80.21167,
              21.415
            ],
            [
              80.21167,
              21.465
            ],
            [
              80.16167,
              21.465
            ],
            [
              80.16167,
              21.415
            ]
          ]
        ]
      }
    },
    {
      "type": "Feature",
      "properties": {
        "zone_id": "MN-ZONE-178",
        "belt_name": "MP-MH Belt",
        "state": "Madhya Pradesh / Maharashtra",
        "latitude": 21.44,
        "longitude": 80.49333,
        "prospectivity_score": 0.9933,
        "uncertainty_val": 0.067,
        "confidence_tier": "Data-Rich",
        "confidence_percent": 93.3,
        "priority_category": "HIGH PRIORITY",
        "area_sq_km": 28.5,
        "elevation_m": 334.36368625634276,
        "slope_deg": 16.315908993793798,
        "swir_alteration_index": 1.6997363329344573,
        "ferrous_iron_index": 2.962593716062749,
        "environmental_overlap": false,
        "protected_area_name": null,
        "environmental_warning": null,
        "top_drivers": "SWIR Alteration (B11/B12), Structural Proximity, Slope"
      },
      "geometry": {
        "type": "Polygon",
        "coordinates": [
          [
            [
              80.46833,
              21.415
            ],
            [
              80.51833,
              21.415
            ],
            [
              80.51833,
              21.465
            ],
            [
              80.46833,
              21.465
            ],
            [
              80.46833,
              21.415
            ]
          ]
        ]
      }
    },
    {
      "type": "Feature",
      "properties": {
        "zone_id": "MN-ZONE-179",
        "belt_name": "MP-MH Belt",
        "state": "Madhya Pradesh / Maharashtra",
        "latitude": 21.44,
        "longitude": 80.64667,
        "prospectivity_score": 0.8067,
        "uncertainty_val": 0.0982,
        "confidence_tier": "Data-Rich",
        "confidence_percent": 90.2,
        "priority_category": "HIGH PRIORITY",
        "area_sq_km": 28.5,
        "elevation_m": 437.0746644588403,
        "slope_deg": 14.26965893412229,
        "swir_alteration_index": 1.6242285964191527,
        "ferrous_iron_index": 1.6852964967845339,
        "environmental_overlap": false,
        "protected_area_name": null,
        "environmental_warning": null,
        "top_drivers": "SWIR Alteration (B11/B12), Structural Proximity, Slope"
      },
      "geometry": {
        "type": "Polygon",
        "coordinates": [
          [
            [
              80.62167,
              21.415
            ],
            [
              80.67167,
              21.415
            ],
            [
              80.67167,
              21.465
            ],
            [
              80.62167,
              21.465
            ],
            [
              80.62167,
              21.415
            ]
          ]
        ]
      }
    },
    {
      "type": "Feature",
      "properties": {
        "zone_id": "MN-ZONE-180",
        "belt_name": "MP-MH Belt",
        "state": "Madhya Pradesh / Maharashtra",
        "latitude": 21.54667,
        "longitude": 78.65333,
        "prospectivity_score": 0.81,
        "uncertainty_val": 0.0726,
        "confidence_tier": "Data-Rich",
        "confidence_percent": 92.7,
        "priority_category": "HIGH PRIORITY",
        "area_sq_km": 28.5,
        "elevation_m": 424.95817433076553,
        "slope_deg": 9.217241099487309,
        "swir_alteration_index": 0.9494613992247717,
        "ferrous_iron_index": 4.479308533463572,
        "environmental_overlap": false,
        "protected_area_name": null,
        "environmental_warning": null,
        "top_drivers": "SWIR Alteration (B11/B12), Structural Proximity, Slope"
      },
      "geometry": {
        "type": "Polygon",
        "coordinates": [
          [
            [
              78.62833,
              21.52167
            ],
            [
              78.67833,
              21.52167
            ],
            [
              78.67833,
              21.57167
            ],
            [
              78.62833,
              21.57167
            ],
            [
              78.62833,
              21.52167
            ]
          ]
        ]
      }
    },
    {
      "type": "Feature",
      "properties": {
        "zone_id": "MN-ZONE-181",
        "belt_name": "MP-MH Belt",
        "state": "Madhya Pradesh / Maharashtra",
        "latitude": 21.54667,
        "longitude": 79.26667,
        "prospectivity_score": 0.88,
        "uncertainty_val": 0.0118,
        "confidence_tier": "Data-Rich",
        "confidence_percent": 98.8,
        "priority_category": "HIGH PRIORITY",
        "area_sq_km": 28.5,
        "elevation_m": 388.9169810223448,
        "slope_deg": 10.003188824562349,
        "swir_alteration_index": 1.5572298364805313,
        "ferrous_iron_index": 4.197800969189784,
        "environmental_overlap": false,
        "protected_area_name": null,
        "environmental_warning": null,
        "top_drivers": "SWIR Alteration (B11/B12), Structural Proximity, Slope"
      },
      "geometry": {
        "type": "Polygon",
        "coordinates": [
          [
            [
              79.24167,
              21.52167
            ],
            [
              79.29167,
              21.52167
            ],
            [
              79.29167,
              21.57167
            ],
            [
              79.24167,
              21.57167
            ],
            [
              79.24167,
              21.52167
            ]
          ]
        ]
      }
    },
    {
      "type": "Feature",
      "properties": {
        "zone_id": "MN-ZONE-182",
        "belt_name": "MP-MH Belt",
        "state": "Madhya Pradesh / Maharashtra",
        "latitude": 21.54667,
        "longitude": 79.42,
        "prospectivity_score": 0.9367,
        "uncertainty_val": 0.0058,
        "confidence_tier": "Data-Rich",
        "confidence_percent": 99.4,
        "priority_category": "HIGH PRIORITY",
        "area_sq_km": 28.5,
        "elevation_m": 374.0205843946223,
        "slope_deg": 15.639097711457095,
        "swir_alteration_index": 2.1534585755162783,
        "ferrous_iron_index": 1.997004686899757,
        "environmental_overlap": false,
        "protected_area_name": null,
        "environmental_warning": null,
        "top_drivers": "SWIR Alteration (B11/B12), Structural Proximity, Slope"
      },
      "geometry": {
        "type": "Polygon",
        "coordinates": [
          [
            [
              79.395,
              21.52167
            ],
            [
              79.445,
              21.52167
            ],
            [
              79.445,
              21.57167
            ],
            [
              79.395,
              21.57167
            ],
            [
              79.395,
              21.52167
            ]
          ]
        ]
      }
    },
    {
      "type": "Feature",
      "properties": {
        "zone_id": "MN-ZONE-183",
        "belt_name": "MP-MH Belt",
        "state": "Madhya Pradesh / Maharashtra",
        "latitude": 21.54667,
        "longitude": 79.88,
        "prospectivity_score": 0.8267,
        "uncertainty_val": 0.035,
        "confidence_tier": "Data-Rich",
        "confidence_percent": 96.5,
        "priority_category": "HIGH PRIORITY",
        "area_sq_km": 28.5,
        "elevation_m": 262.25452599969,
        "slope_deg": 0.5,
        "swir_alteration_index": 1.7672590273121391,
        "ferrous_iron_index": 4.337776520713599,
        "environmental_overlap": false,
        "protected_area_name": null,
        "environmental_warning": null,
        "top_drivers": "SWIR Alteration (B11/B12), Structural Proximity, Slope"
      },
      "geometry": {
        "type": "Polygon",
        "coordinates": [
          [
            [
              79.855,
              21.52167
            ],
            [
              79.905,
              21.52167
            ],
            [
              79.905,
              21.57167
            ],
            [
              79.855,
              21.57167
            ],
            [
              79.855,
              21.52167
            ]
          ]
        ]
      }
    },
    {
      "type": "Feature",
      "properties": {
        "zone_id": "MN-ZONE-184",
        "belt_name": "MP-MH Belt",
        "state": "Madhya Pradesh / Maharashtra",
        "latitude": 21.54667,
        "longitude": 80.03333,
        "prospectivity_score": 0.8267,
        "uncertainty_val": 0.0344,
        "confidence_tier": "Data-Rich",
        "confidence_percent": 96.6,
        "priority_category": "HIGH PRIORITY",
        "area_sq_km": 28.5,
        "elevation_m": 276.5766678028962,
        "slope_deg": 9.363116631979686,
        "swir_alteration_index": 1.3274080007560791,
        "ferrous_iron_index": 2.2129997433073783,
        "environmental_overlap": false,
        "protected_area_name": null,
        "environmental_warning": null,
        "top_drivers": "SWIR Alteration (B11/B12), Structural Proximity, Slope"
      },
      "geometry": {
        "type": "Polygon",
        "coordinates": [
          [
            [
              80.00833,
              21.52167
            ],
            [
              80.05833,
              21.52167
            ],
            [
              80.05833,
              21.57167
            ],
            [
              80.00833,
              21.57167
            ],
            [
              80.00833,
              21.52167
            ]
          ]
        ]
      }
    },
    {
      "type": "Feature",
      "properties": {
        "zone_id": "MN-ZONE-185",
        "belt_name": "MP-MH Belt",
        "state": "Madhya Pradesh / Maharashtra",
        "latitude": 21.54667,
        "longitude": 80.34,
        "prospectivity_score": 0.9233,
        "uncertainty_val": 0.0495,
        "confidence_tier": "Data-Rich",
        "confidence_percent": 95.0,
        "priority_category": "HIGH PRIORITY",
        "area_sq_km": 28.5,
        "elevation_m": 423.10006267854817,
        "slope_deg": 12.422957307474036,
        "swir_alteration_index": 1.4767314148774866,
        "ferrous_iron_index": 2.843486488023522,
        "environmental_overlap": false,
        "protected_area_name": null,
        "environmental_warning": null,
        "top_drivers": "SWIR Alteration (B11/B12), Structural Proximity, Slope"
      },
      "geometry": {
        "type": "Polygon",
        "coordinates": [
          [
            [
              80.315,
              21.52167
            ],
            [
              80.365,
              21.52167
            ],
            [
              80.365,
              21.57167
            ],
            [
              80.315,
              21.57167
            ],
            [
              80.315,
              21.52167
            ]
          ]
        ]
      }
    },
    {
      "type": "Feature",
      "properties": {
        "zone_id": "MN-ZONE-186",
        "belt_name": "MP-MH Belt",
        "state": "Madhya Pradesh / Maharashtra",
        "latitude": 21.65333,
        "longitude": 78.65333,
        "prospectivity_score": 0.81,
        "uncertainty_val": 0.084,
        "confidence_tier": "Data-Rich",
        "confidence_percent": 91.6,
        "priority_category": "HIGH PRIORITY",
        "area_sq_km": 28.5,
        "elevation_m": 381.31117685738917,
        "slope_deg": 10.584243623296146,
        "swir_alteration_index": 1.5277561258468983,
        "ferrous_iron_index": 3.2770082851557905,
        "environmental_overlap": false,
        "protected_area_name": null,
        "environmental_warning": null,
        "top_drivers": "SWIR Alteration (B11/B12), Structural Proximity, Slope"
      },
      "geometry": {
        "type": "Polygon",
        "coordinates": [
          [
            [
              78.62833,
              21.62833
            ],
            [
              78.67833,
              21.62833
            ],
            [
              78.67833,
              21.67833
            ],
            [
              78.62833,
              21.67833
            ],
            [
              78.62833,
              21.62833
            ]
          ]
        ]
      }
    },
    {
      "type": "Feature",
      "properties": {
        "zone_id": "MN-ZONE-187",
        "belt_name": "MP-MH Belt",
        "state": "Madhya Pradesh / Maharashtra",
        "latitude": 21.65333,
        "longitude": 78.96,
        "prospectivity_score": 0.8367,
        "uncertainty_val": 0.0506,
        "confidence_tier": "Data-Rich",
        "confidence_percent": 94.9,
        "priority_category": "HIGH PRIORITY",
        "area_sq_km": 28.5,
        "elevation_m": 317.48372675783753,
        "slope_deg": 5.782973296425701,
        "swir_alteration_index": 1.3407717454163197,
        "ferrous_iron_index": 3.265178595908166,
        "environmental_overlap": false,
        "protected_area_name": null,
        "environmental_warning": null,
        "top_drivers": "SWIR Alteration (B11/B12), Structural Proximity, Slope"
      },
      "geometry": {
        "type": "Polygon",
        "coordinates": [
          [
            [
              78.935,
              21.62833
            ],
            [
              78.985,
              21.62833
            ],
            [
              78.985,
              21.67833
            ],
            [
              78.935,
              21.67833
            ],
            [
              78.935,
              21.62833
            ]
          ]
        ]
      }
    },
    {
      "type": "Feature",
      "properties": {
        "zone_id": "MN-ZONE-188",
        "belt_name": "MP-MH Belt",
        "state": "Madhya Pradesh / Maharashtra",
        "latitude": 21.65333,
        "longitude": 79.26667,
        "prospectivity_score": 0.77,
        "uncertainty_val": 0.0338,
        "confidence_tier": "Data-Rich",
        "confidence_percent": 96.6,
        "priority_category": "HIGH PRIORITY",
        "area_sq_km": 28.5,
        "elevation_m": 307.51009107971936,
        "slope_deg": 14.761100746521157,
        "swir_alteration_index": 2.6559199012362056,
        "ferrous_iron_index": 2.702179429227321,
        "environmental_overlap": false,
        "protected_area_name": null,
        "environmental_warning": null,
        "top_drivers": "SWIR Alteration (B11/B12), Structural Proximity, Slope"
      },
      "geometry": {
        "type": "Polygon",
        "coordinates": [
          [
            [
              79.24167,
              21.62833
            ],
            [
              79.29167,
              21.62833
            ],
            [
              79.29167,
              21.67833
            ],
            [
              79.24167,
              21.67833
            ],
            [
              79.24167,
              21.62833
            ]
          ]
        ]
      }
    },
    {
      "type": "Feature",
      "properties": {
        "zone_id": "MN-ZONE-189",
        "belt_name": "MP-MH Belt",
        "state": "Madhya Pradesh / Maharashtra",
        "latitude": 21.65333,
        "longitude": 79.88,
        "prospectivity_score": 0.9133,
        "uncertainty_val": 0.0253,
        "confidence_tier": "Data-Rich",
        "confidence_percent": 97.5,
        "priority_category": "HIGH PRIORITY",
        "area_sq_km": 28.5,
        "elevation_m": 260.97455799513466,
        "slope_deg": 3.149133875799671,
        "swir_alteration_index": 1.760074990291099,
        "ferrous_iron_index": 1.9483026936558792,
        "environmental_overlap": false,
        "protected_area_name": null,
        "environmental_warning": null,
        "top_drivers": "SWIR Alteration (B11/B12), Structural Proximity, Slope"
      },
      "geometry": {
        "type": "Polygon",
        "coordinates": [
          [
            [
              79.855,
              21.62833
            ],
            [
              79.905,
              21.62833
            ],
            [
              79.905,
              21.67833
            ],
            [
              79.855,
              21.67833
            ],
            [
              79.855,
              21.62833
            ]
          ]
        ]
      }
    },
    {
      "type": "Feature",
      "properties": {
        "zone_id": "MN-ZONE-190",
        "belt_name": "MP-MH Belt",
        "state": "Madhya Pradesh / Maharashtra",
        "latitude": 21.65333,
        "longitude": 80.18667,
        "prospectivity_score": 0.8333,
        "uncertainty_val": 0.0181,
        "confidence_tier": "Data-Rich",
        "confidence_percent": 98.2,
        "priority_category": "HIGH PRIORITY",
        "area_sq_km": 28.5,
        "elevation_m": 482.075012782616,
        "slope_deg": 10.76218773072225,
        "swir_alteration_index": 1.3780651768854246,
        "ferrous_iron_index": 3.32474800708945,
        "environmental_overlap": false,
        "protected_area_name": null,
        "environmental_warning": null,
        "top_drivers": "SWIR Alteration (B11/B12), Structural Proximity, Slope"
      },
      "geometry": {
        "type": "Polygon",
        "coordinates": [
          [
            [
              80.16167,
              21.62833
            ],
            [
              80.21167,
              21.62833
            ],
            [
              80.21167,
              21.67833
            ],
            [
              80.16167,
              21.67833
            ],
            [
              80.16167,
              21.62833
            ]
          ]
        ]
      }
    },
    {
      "type": "Feature",
      "properties": {
        "zone_id": "MN-ZONE-191",
        "belt_name": "MP-MH Belt",
        "state": "Madhya Pradesh / Maharashtra",
        "latitude": 21.65333,
        "longitude": 80.34,
        "prospectivity_score": 0.8633,
        "uncertainty_val": 0.0358,
        "confidence_tier": "Data-Rich",
        "confidence_percent": 96.4,
        "priority_category": "HIGH PRIORITY",
        "area_sq_km": 28.5,
        "elevation_m": 339.8005283364068,
        "slope_deg": 6.2090531644315305,
        "swir_alteration_index": 1.7257064439489262,
        "ferrous_iron_index": 2.460695043734593,
        "environmental_overlap": false,
        "protected_area_name": null,
        "environmental_warning": null,
        "top_drivers": "SWIR Alteration (B11/B12), Structural Proximity, Slope"
      },
      "geometry": {
        "type": "Polygon",
        "coordinates": [
          [
            [
              80.315,
              21.62833
            ],
            [
              80.365,
              21.62833
            ],
            [
              80.365,
              21.67833
            ],
            [
              80.315,
              21.67833
            ],
            [
              80.315,
              21.62833
            ]
          ]
        ]
      }
    },
    {
      "type": "Feature",
      "properties": {
        "zone_id": "MN-ZONE-192",
        "belt_name": "MP-MH Belt",
        "state": "Madhya Pradesh / Maharashtra",
        "latitude": 21.65333,
        "longitude": 80.49333,
        "prospectivity_score": 0.8,
        "uncertainty_val": 0.05,
        "confidence_tier": "Data-Rich",
        "confidence_percent": 95.0,
        "priority_category": "HIGH PRIORITY",
        "area_sq_km": 28.5,
        "elevation_m": 295.3013916544561,
        "slope_deg": 6.962105894677791,
        "swir_alteration_index": 1.9929868097603345,
        "ferrous_iron_index": 2.37882514732956,
        "environmental_overlap": false,
        "protected_area_name": null,
        "environmental_warning": null,
        "top_drivers": "SWIR Alteration (B11/B12), Structural Proximity, Slope"
      },
      "geometry": {
        "type": "Polygon",
        "coordinates": [
          [
            [
              80.46833,
              21.62833
            ],
            [
              80.51833,
              21.62833
            ],
            [
              80.51833,
              21.67833
            ],
            [
              80.46833,
              21.67833
            ],
            [
              80.46833,
              21.62833
            ]
          ]
        ]
      }
    },
    {
      "type": "Feature",
      "properties": {
        "zone_id": "MN-ZONE-193",
        "belt_name": "MP-MH Belt",
        "state": "Madhya Pradesh / Maharashtra",
        "latitude": 21.76,
        "longitude": 78.5,
        "prospectivity_score": 0.82,
        "uncertainty_val": 0.1125,
        "confidence_tier": "Data-Rich",
        "confidence_percent": 88.7,
        "priority_category": "HIGH PRIORITY",
        "area_sq_km": 28.5,
        "elevation_m": 200.38411868353504,
        "slope_deg": 5.868045250705938,
        "swir_alteration_index": 1.3197646677536483,
        "ferrous_iron_index": 2.7230697991664137,
        "environmental_overlap": false,
        "protected_area_name": null,
        "environmental_warning": null,
        "top_drivers": "SWIR Alteration (B11/B12), Structural Proximity, Slope"
      },
      "geometry": {
        "type": "Polygon",
        "coordinates": [
          [
            [
              78.475,
              21.735
            ],
            [
              78.525,
              21.735
            ],
            [
              78.525,
              21.785
            ],
            [
              78.475,
              21.785
            ],
            [
              78.475,
              21.735
            ]
          ]
        ]
      }
    },
    {
      "type": "Feature",
      "properties": {
        "zone_id": "MN-ZONE-194",
        "belt_name": "MP-MH Belt",
        "state": "Madhya Pradesh / Maharashtra",
        "latitude": 21.76,
        "longitude": 79.11333,
        "prospectivity_score": 0.8533,
        "uncertainty_val": 0.0526,
        "confidence_tier": "Data-Rich",
        "confidence_percent": 94.7,
        "priority_category": "HIGH PRIORITY",
        "area_sq_km": 28.5,
        "elevation_m": 317.0510699782014,
        "slope_deg": 17.536868528113292,
        "swir_alteration_index": 1.5897665422068274,
        "ferrous_iron_index": 4.1977049866790335,
        "environmental_overlap": false,
        "protected_area_name": null,
        "environmental_warning": null,
        "top_drivers": "SWIR Alteration (B11/B12), Structural Proximity, Slope"
      },
      "geometry": {
        "type": "Polygon",
        "coordinates": [
          [
            [
              79.08833,
              21.735
            ],
            [
              79.13833,
              21.735
            ],
            [
              79.13833,
              21.785
            ],
            [
              79.08833,
              21.785
            ],
            [
              79.08833,
              21.735
            ]
          ]
        ]
      }
    },
    {
      "type": "Feature",
      "properties": {
        "zone_id": "MN-ZONE-195",
        "belt_name": "MP-MH Belt",
        "state": "Madhya Pradesh / Maharashtra",
        "latitude": 21.76,
        "longitude": 79.42,
        "prospectivity_score": 0.9867,
        "uncertainty_val": 0.0497,
        "confidence_tier": "Data-Rich",
        "confidence_percent": 95.0,
        "priority_category": "HIGH PRIORITY",
        "area_sq_km": 28.5,
        "elevation_m": 301.1113880956309,
        "slope_deg": 17.150231477998375,
        "swir_alteration_index": 1.1780828439972562,
        "ferrous_iron_index": 3.3694916299496955,
        "environmental_overlap": false,
        "protected_area_name": null,
        "environmental_warning": null,
        "top_drivers": "SWIR Alteration (B11/B12), Structural Proximity, Slope"
      },
      "geometry": {
        "type": "Polygon",
        "coordinates": [
          [
            [
              79.395,
              21.735
            ],
            [
              79.445,
              21.735
            ],
            [
              79.445,
              21.785
            ],
            [
              79.395,
              21.785
            ],
            [
              79.395,
              21.735
            ]
          ]
        ]
      }
    },
    {
      "type": "Feature",
      "properties": {
        "zone_id": "MN-ZONE-196",
        "belt_name": "MP-MH Belt",
        "state": "Madhya Pradesh / Maharashtra",
        "latitude": 21.76,
        "longitude": 79.57333,
        "prospectivity_score": 0.87,
        "uncertainty_val": 0.0378,
        "confidence_tier": "Data-Rich",
        "confidence_percent": 96.2,
        "priority_category": "HIGH PRIORITY",
        "area_sq_km": 28.5,
        "elevation_m": 394.620183628948,
        "slope_deg": 10.085867325008955,
        "swir_alteration_index": 1.6564642249118107,
        "ferrous_iron_index": 4.846013134274622,
        "environmental_overlap": false,
        "protected_area_name": null,
        "environmental_warning": null,
        "top_drivers": "SWIR Alteration (B11/B12), Structural Proximity, Slope"
      },
      "geometry": {
        "type": "Polygon",
        "coordinates": [
          [
            [
              79.54833,
              21.735
            ],
            [
              79.59833,
              21.735
            ],
            [
              79.59833,
              21.785
            ],
            [
              79.54833,
              21.785
            ],
            [
              79.54833,
              21.735
            ]
          ]
        ]
      }
    },
    {
      "type": "Feature",
      "properties": {
        "zone_id": "MN-ZONE-197",
        "belt_name": "MP-MH Belt",
        "state": "Madhya Pradesh / Maharashtra",
        "latitude": 21.76,
        "longitude": 79.88,
        "prospectivity_score": 0.82,
        "uncertainty_val": 0.0144,
        "confidence_tier": "Data-Rich",
        "confidence_percent": 98.6,
        "priority_category": "HIGH PRIORITY",
        "area_sq_km": 28.5,
        "elevation_m": 356.2259856329332,
        "slope_deg": 6.343906673430797,
        "swir_alteration_index": 1.4263394987846112,
        "ferrous_iron_index": 3.4694454904711387,
        "environmental_overlap": false,
        "protected_area_name": null,
        "environmental_warning": null,
        "top_drivers": "SWIR Alteration (B11/B12), Structural Proximity, Slope"
      },
      "geometry": {
        "type": "Polygon",
        "coordinates": [
          [
            [
              79.855,
              21.735
            ],
            [
              79.905,
              21.735
            ],
            [
              79.905,
              21.785
            ],
            [
              79.855,
              21.785
            ],
            [
              79.855,
              21.735
            ]
          ]
        ]
      }
    },
    {
      "type": "Feature",
      "properties": {
        "zone_id": "MN-ZONE-198",
        "belt_name": "MP-MH Belt",
        "state": "Madhya Pradesh / Maharashtra",
        "latitude": 21.76,
        "longitude": 80.49333,
        "prospectivity_score": 0.82,
        "uncertainty_val": 0.0301,
        "confidence_tier": "Data-Rich",
        "confidence_percent": 97.0,
        "priority_category": "HIGH PRIORITY",
        "area_sq_km": 28.5,
        "elevation_m": 334.5626465276071,
        "slope_deg": 6.125898112329887,
        "swir_alteration_index": 1.764261083034338,
        "ferrous_iron_index": 4.670231093047096,
        "environmental_overlap": false,
        "protected_area_name": null,
        "environmental_warning": null,
        "top_drivers": "SWIR Alteration (B11/B12), Structural Proximity, Slope"
      },
      "geometry": {
        "type": "Polygon",
        "coordinates": [
          [
            [
              80.46833,
              21.735
            ],
            [
              80.51833,
              21.735
            ],
            [
              80.51833,
              21.785
            ],
            [
              80.46833,
              21.785
            ],
            [
              80.46833,
              21.735
            ]
          ]
        ]
      }
    },
    {
      "type": "Feature",
      "properties": {
        "zone_id": "MN-ZONE-199",
        "belt_name": "MP-MH Belt",
        "state": "Madhya Pradesh / Maharashtra",
        "latitude": 21.86667,
        "longitude": 78.5,
        "prospectivity_score": 0.9567,
        "uncertainty_val": 0.1049,
        "confidence_tier": "Data-Rich",
        "confidence_percent": 89.5,
        "priority_category": "HIGH PRIORITY",
        "area_sq_km": 28.5,
        "elevation_m": 366.5403660299704,
        "slope_deg": 3.7809209408840303,
        "swir_alteration_index": 1.3986137536933239,
        "ferrous_iron_index": 4.252643330258639,
        "environmental_overlap": false,
        "protected_area_name": null,
        "environmental_warning": null,
        "top_drivers": "SWIR Alteration (B11/B12), Structural Proximity, Slope"
      },
      "geometry": {
        "type": "Polygon",
        "coordinates": [
          [
            [
              78.475,
              21.84167
            ],
            [
              78.525,
              21.84167
            ],
            [
              78.525,
              21.89167
            ],
            [
              78.475,
              21.89167
            ],
            [
              78.475,
              21.84167
            ]
          ]
        ]
      }
    },
    {
      "type": "Feature",
      "properties": {
        "zone_id": "MN-ZONE-200",
        "belt_name": "MP-MH Belt",
        "state": "Madhya Pradesh / Maharashtra",
        "latitude": 21.86667,
        "longitude": 78.65333,
        "prospectivity_score": 0.8233,
        "uncertainty_val": 0.0747,
        "confidence_tier": "Data-Rich",
        "confidence_percent": 92.5,
        "priority_category": "HIGH PRIORITY",
        "area_sq_km": 28.5,
        "elevation_m": 529.9251045686195,
        "slope_deg": 13.86502658496943,
        "swir_alteration_index": 0.8551689563392728,
        "ferrous_iron_index": 3.5563166841718394,
        "environmental_overlap": false,
        "protected_area_name": null,
        "environmental_warning": null,
        "top_drivers": "SWIR Alteration (B11/B12), Structural Proximity, Slope"
      },
      "geometry": {
        "type": "Polygon",
        "coordinates": [
          [
            [
              78.62833,
              21.84167
            ],
            [
              78.67833,
              21.84167
            ],
            [
              78.67833,
              21.89167
            ],
            [
              78.62833,
              21.89167
            ],
            [
              78.62833,
              21.84167
            ]
          ]
        ]
      }
    },
    {
      "type": "Feature",
      "properties": {
        "zone_id": "MN-ZONE-201",
        "belt_name": "MP-MH Belt",
        "state": "Madhya Pradesh / Maharashtra",
        "latitude": 21.86667,
        "longitude": 78.80667,
        "prospectivity_score": 0.8233,
        "uncertainty_val": 0.0464,
        "confidence_tier": "Data-Rich",
        "confidence_percent": 95.4,
        "priority_category": "HIGH PRIORITY",
        "area_sq_km": 28.5,
        "elevation_m": 425.34194635024306,
        "slope_deg": 7.234575473390073,
        "swir_alteration_index": 1.4753968472795218,
        "ferrous_iron_index": 3.014873101018756,
        "environmental_overlap": false,
        "protected_area_name": null,
        "environmental_warning": null,
        "top_drivers": "SWIR Alteration (B11/B12), Structural Proximity, Slope"
      },
      "geometry": {
        "type": "Polygon",
        "coordinates": [
          [
            [
              78.78167,
              21.84167
            ],
            [
              78.83167,
              21.84167
            ],
            [
              78.83167,
              21.89167
            ],
            [
              78.78167,
              21.89167
            ],
            [
              78.78167,
              21.84167
            ]
          ]
        ]
      }
    },
    {
      "type": "Feature",
      "properties": {
        "zone_id": "MN-ZONE-202",
        "belt_name": "MP-MH Belt",
        "state": "Madhya Pradesh / Maharashtra",
        "latitude": 21.86667,
        "longitude": 79.11333,
        "prospectivity_score": 0.88,
        "uncertainty_val": 0.0339,
        "confidence_tier": "Data-Rich",
        "confidence_percent": 96.6,
        "priority_category": "HIGH PRIORITY",
        "area_sq_km": 28.5,
        "elevation_m": 300.8043095130517,
        "slope_deg": 15.976256000441353,
        "swir_alteration_index": 1.3512567540120177,
        "ferrous_iron_index": 2.27427562635033,
        "environmental_overlap": false,
        "protected_area_name": null,
        "environmental_warning": null,
        "top_drivers": "SWIR Alteration (B11/B12), Structural Proximity, Slope"
      },
      "geometry": {
        "type": "Polygon",
        "coordinates": [
          [
            [
              79.08833,
              21.84167
            ],
            [
              79.13833,
              21.84167
            ],
            [
              79.13833,
              21.89167
            ],
            [
              79.08833,
              21.89167
            ],
            [
              79.08833,
              21.84167
            ]
          ]
        ]
      }
    },
    {
      "type": "Feature",
      "properties": {
        "zone_id": "MN-ZONE-203",
        "belt_name": "MP-MH Belt",
        "state": "Madhya Pradesh / Maharashtra",
        "latitude": 21.86667,
        "longitude": 79.42,
        "prospectivity_score": 0.8933,
        "uncertainty_val": 0.0717,
        "confidence_tier": "Data-Rich",
        "confidence_percent": 92.8,
        "priority_category": "HIGH PRIORITY",
        "area_sq_km": 28.5,
        "elevation_m": 283.18569516722334,
        "slope_deg": 10.870207533658716,
        "swir_alteration_index": 1.3846671064057496,
        "ferrous_iron_index": 3.294931802900094,
        "environmental_overlap": false,
        "protected_area_name": null,
        "environmental_warning": null,
        "top_drivers": "SWIR Alteration (B11/B12), Structural Proximity, Slope"
      },
      "geometry": {
        "type": "Polygon",
        "coordinates": [
          [
            [
              79.395,
              21.84167
            ],
            [
              79.445,
              21.84167
            ],
            [
              79.445,
              21.89167
            ],
            [
              79.395,
              21.89167
            ],
            [
              79.395,
              21.84167
            ]
          ]
        ]
      }
    },
    {
      "type": "Feature",
      "properties": {
        "zone_id": "MN-ZONE-204",
        "belt_name": "MP-MH Belt",
        "state": "Madhya Pradesh / Maharashtra",
        "latitude": 21.86667,
        "longitude": 79.72667,
        "prospectivity_score": 0.8267,
        "uncertainty_val": 0.0236,
        "confidence_tier": "Data-Rich",
        "confidence_percent": 97.6,
        "priority_category": "HIGH PRIORITY",
        "area_sq_km": 28.5,
        "elevation_m": 328.6124832445361,
        "slope_deg": 14.366422908047266,
        "swir_alteration_index": 1.6691499636547498,
        "ferrous_iron_index": 5.797225456016471,
        "environmental_overlap": false,
        "protected_area_name": null,
        "environmental_warning": null,
        "top_drivers": "SWIR Alteration (B11/B12), Structural Proximity, Slope"
      },
      "geometry": {
        "type": "Polygon",
        "coordinates": [
          [
            [
              79.70167,
              21.84167
            ],
            [
              79.75167,
              21.84167
            ],
            [
              79.75167,
              21.89167
            ],
            [
              79.70167,
              21.89167
            ],
            [
              79.70167,
              21.84167
            ]
          ]
        ]
      }
    },
    {
      "type": "Feature",
      "properties": {
        "zone_id": "MN-ZONE-205",
        "belt_name": "MP-MH Belt",
        "state": "Madhya Pradesh / Maharashtra",
        "latitude": 21.86667,
        "longitude": 79.88,
        "prospectivity_score": 0.8633,
        "uncertainty_val": 0.0109,
        "confidence_tier": "Data-Rich",
        "confidence_percent": 98.9,
        "priority_category": "HIGH PRIORITY",
        "area_sq_km": 28.5,
        "elevation_m": 272.3463655458629,
        "slope_deg": 9.853523996105286,
        "swir_alteration_index": 1.8937419956444588,
        "ferrous_iron_index": 1.812528284449021,
        "environmental_overlap": false,
        "protected_area_name": null,
        "environmental_warning": null,
        "top_drivers": "SWIR Alteration (B11/B12), Structural Proximity, Slope"
      },
      "geometry": {
        "type": "Polygon",
        "coordinates": [
          [
            [
              79.855,
              21.84167
            ],
            [
              79.905,
              21.84167
            ],
            [
              79.905,
              21.89167
            ],
            [
              79.855,
              21.89167
            ],
            [
              79.855,
              21.84167
            ]
          ]
        ]
      }
    },
    {
      "type": "Feature",
      "properties": {
        "zone_id": "MN-ZONE-206",
        "belt_name": "MP-MH Belt",
        "state": "Madhya Pradesh / Maharashtra",
        "latitude": 21.86667,
        "longitude": 80.03333,
        "prospectivity_score": 0.8267,
        "uncertainty_val": 0.0067,
        "confidence_tier": "Data-Rich",
        "confidence_percent": 99.3,
        "priority_category": "HIGH PRIORITY",
        "area_sq_km": 28.5,
        "elevation_m": 275.95098936678414,
        "slope_deg": 13.89170997320955,
        "swir_alteration_index": 2.065222508116891,
        "ferrous_iron_index": 3.2379040374847023,
        "environmental_overlap": false,
        "protected_area_name": null,
        "environmental_warning": null,
        "top_drivers": "SWIR Alteration (B11/B12), Structural Proximity, Slope"
      },
      "geometry": {
        "type": "Polygon",
        "coordinates": [
          [
            [
              80.00833,
              21.84167
            ],
            [
              80.05833,
              21.84167
            ],
            [
              80.05833,
              21.89167
            ],
            [
              80.00833,
              21.89167
            ],
            [
              80.00833,
              21.84167
            ]
          ]
        ]
      }
    },
    {
      "type": "Feature",
      "properties": {
        "zone_id": "MN-ZONE-207",
        "belt_name": "MP-MH Belt",
        "state": "Madhya Pradesh / Maharashtra",
        "latitude": 21.86667,
        "longitude": 80.18667,
        "prospectivity_score": 0.8233,
        "uncertainty_val": 0.0027,
        "confidence_tier": "Data-Rich",
        "confidence_percent": 99.7,
        "priority_category": "HIGH PRIORITY",
        "area_sq_km": 28.5,
        "elevation_m": 157.02197681949733,
        "slope_deg": 8.212640650689554,
        "swir_alteration_index": 1.7215482998540803,
        "ferrous_iron_index": 4.9055694626752135,
        "environmental_overlap": true,
        "protected_area_name": "Kanha-Balaghat Forest Corridor & Reserved Forest",
        "environmental_warning": "This zone overlaps Kanha-Balaghat Forest Corridor & Reserved Forest \u2014 exploration feasibility would require additional environmental clearance.",
        "top_drivers": "SWIR Alteration (B11/B12), Structural Proximity, Slope"
      },
      "geometry": {
        "type": "Polygon",
        "coordinates": [
          [
            [
              80.16167,
              21.84167
            ],
            [
              80.21167,
              21.84167
            ],
            [
              80.21167,
              21.89167
            ],
            [
              80.16167,
              21.89167
            ],
            [
              80.16167,
              21.84167
            ]
          ]
        ]
      }
    },
    {
      "type": "Feature",
      "properties": {
        "zone_id": "MN-ZONE-208",
        "belt_name": "MP-MH Belt",
        "state": "Madhya Pradesh / Maharashtra",
        "latitude": 21.86667,
        "longitude": 80.49333,
        "prospectivity_score": 0.8267,
        "uncertainty_val": 0.0158,
        "confidence_tier": "Data-Rich",
        "confidence_percent": 98.4,
        "priority_category": "HIGH PRIORITY",
        "area_sq_km": 28.5,
        "elevation_m": 353.84984856952724,
        "slope_deg": 0.5,
        "swir_alteration_index": 1.733700987890471,
        "ferrous_iron_index": 3.291492238592377,
        "environmental_overlap": true,
        "protected_area_name": "Kanha-Balaghat Forest Corridor & Reserved Forest",
        "environmental_warning": "This zone overlaps Kanha-Balaghat Forest Corridor & Reserved Forest \u2014 exploration feasibility would require additional environmental clearance.",
        "top_drivers": "SWIR Alteration (B11/B12), Structural Proximity, Slope"
      },
      "geometry": {
        "type": "Polygon",
        "coordinates": [
          [
            [
              80.46833,
              21.84167
            ],
            [
              80.51833,
              21.84167
            ],
            [
              80.51833,
              21.89167
            ],
            [
              80.46833,
              21.89167
            ],
            [
              80.46833,
              21.84167
            ]
          ]
        ]
      }
    },
    {
      "type": "Feature",
      "properties": {
        "zone_id": "MN-ZONE-209",
        "belt_name": "MP-MH Belt",
        "state": "Madhya Pradesh / Maharashtra",
        "latitude": 21.86667,
        "longitude": 80.8,
        "prospectivity_score": 0.82,
        "uncertainty_val": 0.0591,
        "confidence_tier": "Data-Rich",
        "confidence_percent": 94.1,
        "priority_category": "HIGH PRIORITY",
        "area_sq_km": 28.5,
        "elevation_m": 378.53993767216866,
        "slope_deg": 10.629971841863956,
        "swir_alteration_index": 1.4916398676949247,
        "ferrous_iron_index": 3.604061171284516,
        "environmental_overlap": true,
        "protected_area_name": "Kanha-Balaghat Forest Corridor & Reserved Forest",
        "environmental_warning": "This zone overlaps Kanha-Balaghat Forest Corridor & Reserved Forest \u2014 exploration feasibility would require additional environmental clearance.",
        "top_drivers": "SWIR Alteration (B11/B12), Structural Proximity, Slope"
      },
      "geometry": {
        "type": "Polygon",
        "coordinates": [
          [
            [
              80.775,
              21.84167
            ],
            [
              80.825,
              21.84167
            ],
            [
              80.825,
              21.89167
            ],
            [
              80.775,
              21.89167
            ],
            [
              80.775,
              21.84167
            ]
          ]
        ]
      }
    },
    {
      "type": "Feature",
      "properties": {
        "zone_id": "MN-ZONE-210",
        "belt_name": "MP-MH Belt",
        "state": "Madhya Pradesh / Maharashtra",
        "latitude": 21.97333,
        "longitude": 78.5,
        "prospectivity_score": 0.9167,
        "uncertainty_val": 0.1014,
        "confidence_tier": "Data-Rich",
        "confidence_percent": 89.9,
        "priority_category": "HIGH PRIORITY",
        "area_sq_km": 28.5,
        "elevation_m": 447.3726230852368,
        "slope_deg": 11.344590011447929,
        "swir_alteration_index": 1.3258243629176527,
        "ferrous_iron_index": 3.0949083908146338,
        "environmental_overlap": false,
        "protected_area_name": null,
        "environmental_warning": null,
        "top_drivers": "SWIR Alteration (B11/B12), Structural Proximity, Slope"
      },
      "geometry": {
        "type": "Polygon",
        "coordinates": [
          [
            [
              78.475,
              21.94833
            ],
            [
              78.525,
              21.94833
            ],
            [
              78.525,
              21.99833
            ],
            [
              78.475,
              21.99833
            ],
            [
              78.475,
              21.94833
            ]
          ]
        ]
      }
    },
    {
      "type": "Feature",
      "properties": {
        "zone_id": "MN-ZONE-211",
        "belt_name": "MP-MH Belt",
        "state": "Madhya Pradesh / Maharashtra",
        "latitude": 21.97333,
        "longitude": 78.65333,
        "prospectivity_score": 0.9267,
        "uncertainty_val": 0.0698,
        "confidence_tier": "Data-Rich",
        "confidence_percent": 93.0,
        "priority_category": "HIGH PRIORITY",
        "area_sq_km": 28.5,
        "elevation_m": 328.2314340498871,
        "slope_deg": 11.72925475743678,
        "swir_alteration_index": 1.4283099622213071,
        "ferrous_iron_index": 5.219712925297141,
        "environmental_overlap": false,
        "protected_area_name": null,
        "environmental_warning": null,
        "top_drivers": "SWIR Alteration (B11/B12), Structural Proximity, Slope"
      },
      "geometry": {
        "type": "Polygon",
        "coordinates": [
          [
            [
              78.62833,
              21.94833
            ],
            [
              78.67833,
              21.94833
            ],
            [
              78.67833,
              21.99833
            ],
            [
              78.62833,
              21.99833
            ],
            [
              78.62833,
              21.94833
            ]
          ]
        ]
      }
    },
    {
      "type": "Feature",
      "properties": {
        "zone_id": "MN-ZONE-212",
        "belt_name": "MP-MH Belt",
        "state": "Madhya Pradesh / Maharashtra",
        "latitude": 21.97333,
        "longitude": 78.80667,
        "prospectivity_score": 0.78,
        "uncertainty_val": 0.0383,
        "confidence_tier": "Data-Rich",
        "confidence_percent": 96.2,
        "priority_category": "HIGH PRIORITY",
        "area_sq_km": 28.5,
        "elevation_m": 305.2038661550025,
        "slope_deg": 4.533372388501105,
        "swir_alteration_index": 2.307927306607894,
        "ferrous_iron_index": 3.618629342275349,
        "environmental_overlap": false,
        "protected_area_name": null,
        "environmental_warning": null,
        "top_drivers": "SWIR Alteration (B11/B12), Structural Proximity, Slope"
      },
      "geometry": {
        "type": "Polygon",
        "coordinates": [
          [
            [
              78.78167,
              21.94833
            ],
            [
              78.83167,
              21.94833
            ],
            [
              78.83167,
              21.99833
            ],
            [
              78.78167,
              21.99833
            ],
            [
              78.78167,
              21.94833
            ]
          ]
        ]
      }
    },
    {
      "type": "Feature",
      "properties": {
        "zone_id": "MN-ZONE-213",
        "belt_name": "MP-MH Belt",
        "state": "Madhya Pradesh / Maharashtra",
        "latitude": 21.97333,
        "longitude": 79.42,
        "prospectivity_score": 0.7867,
        "uncertainty_val": 0.0848,
        "confidence_tier": "Data-Rich",
        "confidence_percent": 91.5,
        "priority_category": "HIGH PRIORITY",
        "area_sq_km": 28.5,
        "elevation_m": 226.74596887797196,
        "slope_deg": 6.919787212242413,
        "swir_alteration_index": 1.827678245847682,
        "ferrous_iron_index": 2.839945171740064,
        "environmental_overlap": false,
        "protected_area_name": null,
        "environmental_warning": null,
        "top_drivers": "SWIR Alteration (B11/B12), Structural Proximity, Slope"
      },
      "geometry": {
        "type": "Polygon",
        "coordinates": [
          [
            [
              79.395,
              21.94833
            ],
            [
              79.445,
              21.94833
            ],
            [
              79.445,
              21.99833
            ],
            [
              79.395,
              21.99833
            ],
            [
              79.395,
              21.94833
            ]
          ]
        ]
      }
    },
    {
      "type": "Feature",
      "properties": {
        "zone_id": "MN-ZONE-214",
        "belt_name": "MP-MH Belt",
        "state": "Madhya Pradesh / Maharashtra",
        "latitude": 21.97333,
        "longitude": 79.57333,
        "prospectivity_score": 0.8267,
        "uncertainty_val": 0.0614,
        "confidence_tier": "Data-Rich",
        "confidence_percent": 93.9,
        "priority_category": "HIGH PRIORITY",
        "area_sq_km": 28.5,
        "elevation_m": 332.8314922630717,
        "slope_deg": 11.994571441383458,
        "swir_alteration_index": 1.2666534821979536,
        "ferrous_iron_index": 2.1933696295394873,
        "environmental_overlap": false,
        "protected_area_name": null,
        "environmental_warning": null,
        "top_drivers": "SWIR Alteration (B11/B12), Structural Proximity, Slope"
      },
      "geometry": {
        "type": "Polygon",
        "coordinates": [
          [
            [
              79.54833,
              21.94833
            ],
            [
              79.59833,
              21.94833
            ],
            [
              79.59833,
              21.99833
            ],
            [
              79.54833,
              21.99833
            ],
            [
              79.54833,
              21.94833
            ]
          ]
        ]
      }
    },
    {
      "type": "Feature",
      "properties": {
        "zone_id": "MN-ZONE-215",
        "belt_name": "MP-MH Belt",
        "state": "Madhya Pradesh / Maharashtra",
        "latitude": 21.97333,
        "longitude": 80.03333,
        "prospectivity_score": 0.8533,
        "uncertainty_val": 0.003,
        "confidence_tier": "Data-Rich",
        "confidence_percent": 99.7,
        "priority_category": "HIGH PRIORITY",
        "area_sq_km": 28.5,
        "elevation_m": 368.43090640781037,
        "slope_deg": 8.109875227176268,
        "swir_alteration_index": 1.9029699990096907,
        "ferrous_iron_index": 2.460573129919909,
        "environmental_overlap": false,
        "protected_area_name": null,
        "environmental_warning": null,
        "top_drivers": "SWIR Alteration (B11/B12), Structural Proximity, Slope"
      },
      "geometry": {
        "type": "Polygon",
        "coordinates": [
          [
            [
              80.00833,
              21.94833
            ],
            [
              80.05833,
              21.94833
            ],
            [
              80.05833,
              21.99833
            ],
            [
              80.00833,
              21.99833
            ],
            [
              80.00833,
              21.94833
            ]
          ]
        ]
      }
    },
    {
      "type": "Feature",
      "properties": {
        "zone_id": "MN-ZONE-216",
        "belt_name": "MP-MH Belt",
        "state": "Madhya Pradesh / Maharashtra",
        "latitude": 21.97333,
        "longitude": 80.64667,
        "prospectivity_score": 0.7967,
        "uncertainty_val": 0.0206,
        "confidence_tier": "Data-Rich",
        "confidence_percent": 97.9,
        "priority_category": "HIGH PRIORITY",
        "area_sq_km": 28.5,
        "elevation_m": 192.8847648882117,
        "slope_deg": 14.866813388348834,
        "swir_alteration_index": 1.6075135870454582,
        "ferrous_iron_index": 1.7379898188000984,
        "environmental_overlap": true,
        "protected_area_name": "Kanha-Balaghat Forest Corridor & Reserved Forest",
        "environmental_warning": "This zone overlaps Kanha-Balaghat Forest Corridor & Reserved Forest \u2014 exploration feasibility would require additional environmental clearance.",
        "top_drivers": "SWIR Alteration (B11/B12), Structural Proximity, Slope"
      },
      "geometry": {
        "type": "Polygon",
        "coordinates": [
          [
            [
              80.62167,
              21.94833
            ],
            [
              80.67167,
              21.94833
            ],
            [
              80.67167,
              21.99833
            ],
            [
              80.62167,
              21.99833
            ],
            [
              80.62167,
              21.94833
            ]
          ]
        ]
      }
    },
    {
      "type": "Feature",
      "properties": {
        "zone_id": "MN-ZONE-217",
        "belt_name": "MP-MH Belt",
        "state": "Madhya Pradesh / Maharashtra",
        "latitude": 21.97333,
        "longitude": 80.8,
        "prospectivity_score": 0.96,
        "uncertainty_val": 0.0485,
        "confidence_tier": "Data-Rich",
        "confidence_percent": 95.1,
        "priority_category": "HIGH PRIORITY",
        "area_sq_km": 28.5,
        "elevation_m": 360.1033487982796,
        "slope_deg": 12.113105036042764,
        "swir_alteration_index": 1.6910462040757421,
        "ferrous_iron_index": 3.71790048339412,
        "environmental_overlap": true,
        "protected_area_name": "Kanha-Balaghat Forest Corridor & Reserved Forest",
        "environmental_warning": "This zone overlaps Kanha-Balaghat Forest Corridor & Reserved Forest \u2014 exploration feasibility would require additional environmental clearance.",
        "top_drivers": "SWIR Alteration (B11/B12), Structural Proximity, Slope"
      },
      "geometry": {
        "type": "Polygon",
        "coordinates": [
          [
            [
              80.775,
              21.94833
            ],
            [
              80.825,
              21.94833
            ],
            [
              80.825,
              21.99833
            ],
            [
              80.775,
              21.99833
            ],
            [
              80.775,
              21.94833
            ]
          ]
        ]
      }
    },
    {
      "type": "Feature",
      "properties": {
        "zone_id": "MN-ZONE-218",
        "belt_name": "MP-MH Belt",
        "state": "Madhya Pradesh / Maharashtra",
        "latitude": 22.08,
        "longitude": 78.5,
        "prospectivity_score": 0.85,
        "uncertainty_val": 0.1026,
        "confidence_tier": "Data-Rich",
        "confidence_percent": 89.7,
        "priority_category": "HIGH PRIORITY",
        "area_sq_km": 28.5,
        "elevation_m": 174.76229048590034,
        "slope_deg": 6.126718764720977,
        "swir_alteration_index": 1.18401830597522,
        "ferrous_iron_index": 1.860325319128353,
        "environmental_overlap": false,
        "protected_area_name": null,
        "environmental_warning": null,
        "top_drivers": "SWIR Alteration (B11/B12), Structural Proximity, Slope"
      },
      "geometry": {
        "type": "Polygon",
        "coordinates": [
          [
            [
              78.475,
              22.055
            ],
            [
              78.525,
              22.055
            ],
            [
              78.525,
              22.105
            ],
            [
              78.475,
              22.105
            ],
            [
              78.475,
              22.055
            ]
          ]
        ]
      }
    },
    {
      "type": "Feature",
      "properties": {
        "zone_id": "MN-ZONE-219",
        "belt_name": "MP-MH Belt",
        "state": "Madhya Pradesh / Maharashtra",
        "latitude": 22.08,
        "longitude": 78.65333,
        "prospectivity_score": 0.9767,
        "uncertainty_val": 0.0715,
        "confidence_tier": "Data-Rich",
        "confidence_percent": 92.8,
        "priority_category": "HIGH PRIORITY",
        "area_sq_km": 28.5,
        "elevation_m": 485.7461365683299,
        "slope_deg": 18.062518197355903,
        "swir_alteration_index": 1.813704775334003,
        "ferrous_iron_index": 4.165071833845048,
        "environmental_overlap": false,
        "protected_area_name": null,
        "environmental_warning": null,
        "top_drivers": "SWIR Alteration (B11/B12), Structural Proximity, Slope"
      },
      "geometry": {
        "type": "Polygon",
        "coordinates": [
          [
            [
              78.62833,
              22.055
            ],
            [
              78.67833,
              22.055
            ],
            [
              78.67833,
              22.105
            ],
            [
              78.62833,
              22.105
            ],
            [
              78.62833,
              22.055
            ]
          ]
        ]
      }
    },
    {
      "type": "Feature",
      "properties": {
        "zone_id": "MN-ZONE-220",
        "belt_name": "MP-MH Belt",
        "state": "Madhya Pradesh / Maharashtra",
        "latitude": 22.08,
        "longitude": 78.96,
        "prospectivity_score": 0.8767,
        "uncertainty_val": 0.0165,
        "confidence_tier": "Data-Rich",
        "confidence_percent": 98.4,
        "priority_category": "HIGH PRIORITY",
        "area_sq_km": 28.5,
        "elevation_m": 410.2964103441262,
        "slope_deg": 13.578340877386841,
        "swir_alteration_index": 1.4325318444592756,
        "ferrous_iron_index": 2.562174243862765,
        "environmental_overlap": false,
        "protected_area_name": null,
        "environmental_warning": null,
        "top_drivers": "SWIR Alteration (B11/B12), Structural Proximity, Slope"
      },
      "geometry": {
        "type": "Polygon",
        "coordinates": [
          [
            [
              78.935,
              22.055
            ],
            [
              78.985,
              22.055
            ],
            [
              78.985,
              22.105
            ],
            [
              78.935,
              22.105
            ],
            [
              78.935,
              22.055
            ]
          ]
        ]
      }
    },
    {
      "type": "Feature",
      "properties": {
        "zone_id": "MN-ZONE-221",
        "belt_name": "MP-MH Belt",
        "state": "Madhya Pradesh / Maharashtra",
        "latitude": 22.08,
        "longitude": 79.11333,
        "prospectivity_score": 0.9667,
        "uncertainty_val": 0.0265,
        "confidence_tier": "Data-Rich",
        "confidence_percent": 97.3,
        "priority_category": "HIGH PRIORITY",
        "area_sq_km": 28.5,
        "elevation_m": 373.9857745849297,
        "slope_deg": 12.188394970075997,
        "swir_alteration_index": 1.3491640111630518,
        "ferrous_iron_index": 2.475145660350369,
        "environmental_overlap": false,
        "protected_area_name": null,
        "environmental_warning": null,
        "top_drivers": "SWIR Alteration (B11/B12), Structural Proximity, Slope"
      },
      "geometry": {
        "type": "Polygon",
        "coordinates": [
          [
            [
              79.08833,
              22.055
            ],
            [
              79.13833,
              22.055
            ],
            [
              79.13833,
              22.105
            ],
            [
              79.08833,
              22.105
            ],
            [
              79.08833,
              22.055
            ]
          ]
        ]
      }
    },
    {
      "type": "Feature",
      "properties": {
        "zone_id": "MN-ZONE-222",
        "belt_name": "MP-MH Belt",
        "state": "Madhya Pradesh / Maharashtra",
        "latitude": 22.08,
        "longitude": 79.26667,
        "prospectivity_score": 0.8967,
        "uncertainty_val": 0.0554,
        "confidence_tier": "Data-Rich",
        "confidence_percent": 94.5,
        "priority_category": "HIGH PRIORITY",
        "area_sq_km": 28.5,
        "elevation_m": 443.8723616238159,
        "slope_deg": 4.495875335157595,
        "swir_alteration_index": 2.3428859143234835,
        "ferrous_iron_index": 4.967198642655624,
        "environmental_overlap": false,
        "protected_area_name": null,
        "environmental_warning": null,
        "top_drivers": "SWIR Alteration (B11/B12), Structural Proximity, Slope"
      },
      "geometry": {
        "type": "Polygon",
        "coordinates": [
          [
            [
              79.24167,
              22.055
            ],
            [
              79.29167,
              22.055
            ],
            [
              79.29167,
              22.105
            ],
            [
              79.24167,
              22.105
            ],
            [
              79.24167,
              22.055
            ]
          ]
        ]
      }
    },
    {
      "type": "Feature",
      "properties": {
        "zone_id": "MN-ZONE-223",
        "belt_name": "MP-MH Belt",
        "state": "Madhya Pradesh / Maharashtra",
        "latitude": 22.08,
        "longitude": 79.42,
        "prospectivity_score": 0.9333,
        "uncertainty_val": 0.0862,
        "confidence_tier": "Data-Rich",
        "confidence_percent": 91.4,
        "priority_category": "HIGH PRIORITY",
        "area_sq_km": 28.5,
        "elevation_m": 317.88409612942974,
        "slope_deg": 2.864684319536833,
        "swir_alteration_index": 1.9308232106957117,
        "ferrous_iron_index": 2.6181596135038947,
        "environmental_overlap": false,
        "protected_area_name": null,
        "environmental_warning": null,
        "top_drivers": "SWIR Alteration (B11/B12), Structural Proximity, Slope"
      },
      "geometry": {
        "type": "Polygon",
        "coordinates": [
          [
            [
              79.395,
              22.055
            ],
            [
              79.445,
              22.055
            ],
            [
              79.445,
              22.105
            ],
            [
              79.395,
              22.105
            ],
            [
              79.395,
              22.055
            ]
          ]
        ]
      }
    },
    {
      "type": "Feature",
      "properties": {
        "zone_id": "MN-ZONE-224",
        "belt_name": "MP-MH Belt",
        "state": "Madhya Pradesh / Maharashtra",
        "latitude": 22.08,
        "longitude": 80.34,
        "prospectivity_score": 0.8333,
        "uncertainty_val": 0.0122,
        "confidence_tier": "Data-Rich",
        "confidence_percent": 98.8,
        "priority_category": "HIGH PRIORITY",
        "area_sq_km": 28.5,
        "elevation_m": 340.4888352299234,
        "slope_deg": 8.501330714258073,
        "swir_alteration_index": 1.23177316794346,
        "ferrous_iron_index": 4.342233510841891,
        "environmental_overlap": true,
        "protected_area_name": "Kanha-Balaghat Forest Corridor & Reserved Forest",
        "environmental_warning": "This zone overlaps Kanha-Balaghat Forest Corridor & Reserved Forest \u2014 exploration feasibility would require additional environmental clearance.",
        "top_drivers": "SWIR Alteration (B11/B12), Structural Proximity, Slope"
      },
      "geometry": {
        "type": "Polygon",
        "coordinates": [
          [
            [
              80.315,
              22.055
            ],
            [
              80.365,
              22.055
            ],
            [
              80.365,
              22.105
            ],
            [
              80.315,
              22.105
            ],
            [
              80.315,
              22.055
            ]
          ]
        ]
      }
    },
    {
      "type": "Feature",
      "properties": {
        "zone_id": "MN-ZONE-225",
        "belt_name": "MP-MH Belt",
        "state": "Madhya Pradesh / Maharashtra",
        "latitude": 22.08,
        "longitude": 80.49333,
        "prospectivity_score": 0.8033,
        "uncertainty_val": 0.0143,
        "confidence_tier": "Data-Rich",
        "confidence_percent": 98.6,
        "priority_category": "HIGH PRIORITY",
        "area_sq_km": 28.5,
        "elevation_m": 420.3313061457592,
        "slope_deg": 9.449544780402647,
        "swir_alteration_index": 1.34753360753744,
        "ferrous_iron_index": 2.337276526370573,
        "environmental_overlap": true,
        "protected_area_name": "Kanha-Balaghat Forest Corridor & Reserved Forest",
        "environmental_warning": "This zone overlaps Kanha-Balaghat Forest Corridor & Reserved Forest \u2014 exploration feasibility would require additional environmental clearance.",
        "top_drivers": "SWIR Alteration (B11/B12), Structural Proximity, Slope"
      },
      "geometry": {
        "type": "Polygon",
        "coordinates": [
          [
            [
              80.46833,
              22.055
            ],
            [
              80.51833,
              22.055
            ],
            [
              80.51833,
              22.105
            ],
            [
              80.46833,
              22.105
            ],
            [
              80.46833,
              22.055
            ]
          ]
        ]
      }
    },
    {
      "type": "Feature",
      "properties": {
        "zone_id": "MN-ZONE-226",
        "belt_name": "MP-MH Belt",
        "state": "Madhya Pradesh / Maharashtra",
        "latitude": 22.08,
        "longitude": 80.64667,
        "prospectivity_score": 0.83,
        "uncertainty_val": 0.0155,
        "confidence_tier": "Data-Rich",
        "confidence_percent": 98.5,
        "priority_category": "HIGH PRIORITY",
        "area_sq_km": 28.5,
        "elevation_m": 260.46456263408,
        "slope_deg": 14.782841618649474,
        "swir_alteration_index": 1.9331778067229175,
        "ferrous_iron_index": 2.1062076261992515,
        "environmental_overlap": true,
        "protected_area_name": "Kanha-Balaghat Forest Corridor & Reserved Forest",
        "environmental_warning": "This zone overlaps Kanha-Balaghat Forest Corridor & Reserved Forest \u2014 exploration feasibility would require additional environmental clearance.",
        "top_drivers": "SWIR Alteration (B11/B12), Structural Proximity, Slope"
      },
      "geometry": {
        "type": "Polygon",
        "coordinates": [
          [
            [
              80.62167,
              22.055
            ],
            [
              80.67167,
              22.055
            ],
            [
              80.67167,
              22.105
            ],
            [
              80.62167,
              22.105
            ],
            [
              80.62167,
              22.055
            ]
          ]
        ]
      }
    },
    {
      "type": "Feature",
      "properties": {
        "zone_id": "MN-ZONE-227",
        "belt_name": "MP-MH Belt",
        "state": "Madhya Pradesh / Maharashtra",
        "latitude": 22.08,
        "longitude": 80.8,
        "prospectivity_score": 0.88,
        "uncertainty_val": 0.0464,
        "confidence_tier": "Data-Rich",
        "confidence_percent": 95.4,
        "priority_category": "HIGH PRIORITY",
        "area_sq_km": 28.5,
        "elevation_m": 396.22624644542043,
        "slope_deg": 4.45340775423033,
        "swir_alteration_index": 1.9522713020909062,
        "ferrous_iron_index": 2.1041562622389844,
        "environmental_overlap": true,
        "protected_area_name": "Kanha-Balaghat Forest Corridor & Reserved Forest",
        "environmental_warning": "This zone overlaps Kanha-Balaghat Forest Corridor & Reserved Forest \u2014 exploration feasibility would require additional environmental clearance.",
        "top_drivers": "SWIR Alteration (B11/B12), Structural Proximity, Slope"
      },
      "geometry": {
        "type": "Polygon",
        "coordinates": [
          [
            [
              80.775,
              22.055
            ],
            [
              80.825,
              22.055
            ],
            [
              80.825,
              22.105
            ],
            [
              80.775,
              22.105
            ],
            [
              80.775,
              22.055
            ]
          ]
        ]
      }
    },
    {
      "type": "Feature",
      "properties": {
        "zone_id": "MN-ZONE-228",
        "belt_name": "MP-MH Belt",
        "state": "Madhya Pradesh / Maharashtra",
        "latitude": 22.18667,
        "longitude": 78.65333,
        "prospectivity_score": 0.7967,
        "uncertainty_val": 0.0794,
        "confidence_tier": "Data-Rich",
        "confidence_percent": 92.1,
        "priority_category": "HIGH PRIORITY",
        "area_sq_km": 28.5,
        "elevation_m": 479.0548225767958,
        "slope_deg": 13.893204475541179,
        "swir_alteration_index": 1.2507484691745754,
        "ferrous_iron_index": 1.9880861615764347,
        "environmental_overlap": false,
        "protected_area_name": null,
        "environmental_warning": null,
        "top_drivers": "SWIR Alteration (B11/B12), Structural Proximity, Slope"
      },
      "geometry": {
        "type": "Polygon",
        "coordinates": [
          [
            [
              78.62833,
              22.16167
            ],
            [
              78.67833,
              22.16167
            ],
            [
              78.67833,
              22.21167
            ],
            [
              78.62833,
              22.21167
            ],
            [
              78.62833,
              22.16167
            ]
          ]
        ]
      }
    },
    {
      "type": "Feature",
      "properties": {
        "zone_id": "MN-ZONE-229",
        "belt_name": "MP-MH Belt",
        "state": "Madhya Pradesh / Maharashtra",
        "latitude": 22.18667,
        "longitude": 79.11333,
        "prospectivity_score": 0.9667,
        "uncertainty_val": 0.0431,
        "confidence_tier": "Data-Rich",
        "confidence_percent": 95.7,
        "priority_category": "HIGH PRIORITY",
        "area_sq_km": 28.5,
        "elevation_m": 347.69494439145336,
        "slope_deg": 15.753588255727184,
        "swir_alteration_index": 1.6268495220382724,
        "ferrous_iron_index": 1.7283214366338762,
        "environmental_overlap": false,
        "protected_area_name": null,
        "environmental_warning": null,
        "top_drivers": "SWIR Alteration (B11/B12), Structural Proximity, Slope"
      },
      "geometry": {
        "type": "Polygon",
        "coordinates": [
          [
            [
              79.08833,
              22.16167
            ],
            [
              79.13833,
              22.16167
            ],
            [
              79.13833,
              22.21167
            ],
            [
              79.08833,
              22.21167
            ],
            [
              79.08833,
              22.16167
            ]
          ]
        ]
      }
    },
    {
      "type": "Feature",
      "properties": {
        "zone_id": "MN-ZONE-230",
        "belt_name": "MP-MH Belt",
        "state": "Madhya Pradesh / Maharashtra",
        "latitude": 22.18667,
        "longitude": 79.26667,
        "prospectivity_score": 0.8167,
        "uncertainty_val": 0.0651,
        "confidence_tier": "Data-Rich",
        "confidence_percent": 93.5,
        "priority_category": "HIGH PRIORITY",
        "area_sq_km": 28.5,
        "elevation_m": 202.45885989059772,
        "slope_deg": 14.601307571632073,
        "swir_alteration_index": 1.6701275903077453,
        "ferrous_iron_index": 2.6651355324135273,
        "environmental_overlap": false,
        "protected_area_name": null,
        "environmental_warning": null,
        "top_drivers": "SWIR Alteration (B11/B12), Structural Proximity, Slope"
      },
      "geometry": {
        "type": "Polygon",
        "coordinates": [
          [
            [
              79.24167,
              22.16167
            ],
            [
              79.29167,
              22.16167
            ],
            [
              79.29167,
              22.21167
            ],
            [
              79.24167,
              22.21167
            ],
            [
              79.24167,
              22.16167
            ]
          ]
        ]
      }
    },
    {
      "type": "Feature",
      "properties": {
        "zone_id": "MN-ZONE-231",
        "belt_name": "MP-MH Belt",
        "state": "Madhya Pradesh / Maharashtra",
        "latitude": 22.18667,
        "longitude": 79.57333,
        "prospectivity_score": 0.8367,
        "uncertainty_val": 0.0966,
        "confidence_tier": "Data-Rich",
        "confidence_percent": 90.3,
        "priority_category": "HIGH PRIORITY",
        "area_sq_km": 28.5,
        "elevation_m": 179.99802321897883,
        "slope_deg": 9.698624381248653,
        "swir_alteration_index": 1.5698008550229847,
        "ferrous_iron_index": 2.4636271099037064,
        "environmental_overlap": false,
        "protected_area_name": null,
        "environmental_warning": null,
        "top_drivers": "SWIR Alteration (B11/B12), Structural Proximity, Slope"
      },
      "geometry": {
        "type": "Polygon",
        "coordinates": [
          [
            [
              79.54833,
              22.16167
            ],
            [
              79.59833,
              22.16167
            ],
            [
              79.59833,
              22.21167
            ],
            [
              79.54833,
              22.21167
            ],
            [
              79.54833,
              22.16167
            ]
          ]
        ]
      }
    },
    {
      "type": "Feature",
      "properties": {
        "zone_id": "MN-ZONE-232",
        "belt_name": "MP-MH Belt",
        "state": "Madhya Pradesh / Maharashtra",
        "latitude": 22.18667,
        "longitude": 80.03333,
        "prospectivity_score": 0.8533,
        "uncertainty_val": 0.0425,
        "confidence_tier": "Data-Rich",
        "confidence_percent": 95.7,
        "priority_category": "HIGH PRIORITY",
        "area_sq_km": 28.5,
        "elevation_m": 334.21624901597403,
        "slope_deg": 11.387314286374695,
        "swir_alteration_index": 1.3737904520060702,
        "ferrous_iron_index": 1.7620656033832047,
        "environmental_overlap": false,
        "protected_area_name": null,
        "environmental_warning": null,
        "top_drivers": "SWIR Alteration (B11/B12), Structural Proximity, Slope"
      },
      "geometry": {
        "type": "Polygon",
        "coordinates": [
          [
            [
              80.00833,
              22.16167
            ],
            [
              80.05833,
              22.16167
            ],
            [
              80.05833,
              22.21167
            ],
            [
              80.00833,
              22.21167
            ],
            [
              80.00833,
              22.16167
            ]
          ]
        ]
      }
    },
    {
      "type": "Feature",
      "properties": {
        "zone_id": "MN-ZONE-233",
        "belt_name": "MP-MH Belt",
        "state": "Madhya Pradesh / Maharashtra",
        "latitude": 22.18667,
        "longitude": 80.49333,
        "prospectivity_score": 0.9533,
        "uncertainty_val": 0.0301,
        "confidence_tier": "Data-Rich",
        "confidence_percent": 97.0,
        "priority_category": "HIGH PRIORITY",
        "area_sq_km": 28.5,
        "elevation_m": 438.09151690332453,
        "slope_deg": 9.566440158275682,
        "swir_alteration_index": 1.5088030893741309,
        "ferrous_iron_index": 2.9378341245957666,
        "environmental_overlap": true,
        "protected_area_name": "Kanha-Balaghat Forest Corridor & Reserved Forest",
        "environmental_warning": "This zone overlaps Kanha-Balaghat Forest Corridor & Reserved Forest \u2014 exploration feasibility would require additional environmental clearance.",
        "top_drivers": "SWIR Alteration (B11/B12), Structural Proximity, Slope"
      },
      "geometry": {
        "type": "Polygon",
        "coordinates": [
          [
            [
              80.46833,
              22.16167
            ],
            [
              80.51833,
              22.16167
            ],
            [
              80.51833,
              22.21167
            ],
            [
              80.46833,
              22.21167
            ],
            [
              80.46833,
              22.16167
            ]
          ]
        ]
      }
    },
    {
      "type": "Feature",
      "properties": {
        "zone_id": "MN-ZONE-234",
        "belt_name": "MP-MH Belt",
        "state": "Madhya Pradesh / Maharashtra",
        "latitude": 22.18667,
        "longitude": 80.64667,
        "prospectivity_score": 0.84,
        "uncertainty_val": 0.0307,
        "confidence_tier": "Data-Rich",
        "confidence_percent": 96.9,
        "priority_category": "HIGH PRIORITY",
        "area_sq_km": 28.5,
        "elevation_m": 226.04119874749716,
        "slope_deg": 12.735281524307538,
        "swir_alteration_index": 1.8118006300584986,
        "ferrous_iron_index": 2.3798254046283405,
        "environmental_overlap": true,
        "protected_area_name": "Kanha-Balaghat Forest Corridor & Reserved Forest",
        "environmental_warning": "This zone overlaps Kanha-Balaghat Forest Corridor & Reserved Forest \u2014 exploration feasibility would require additional environmental clearance.",
        "top_drivers": "SWIR Alteration (B11/B12), Structural Proximity, Slope"
      },
      "geometry": {
        "type": "Polygon",
        "coordinates": [
          [
            [
              80.62167,
              22.16167
            ],
            [
              80.67167,
              22.16167
            ],
            [
              80.67167,
              22.21167
            ],
            [
              80.62167,
              22.21167
            ],
            [
              80.62167,
              22.16167
            ]
          ]
        ]
      }
    },
    {
      "type": "Feature",
      "properties": {
        "zone_id": "MN-ZONE-235",
        "belt_name": "MP-MH Belt",
        "state": "Madhya Pradesh / Maharashtra",
        "latitude": 22.18667,
        "longitude": 80.8,
        "prospectivity_score": 0.75,
        "uncertainty_val": 0.0538,
        "confidence_tier": "Data-Rich",
        "confidence_percent": 94.6,
        "priority_category": "HIGH PRIORITY",
        "area_sq_km": 28.5,
        "elevation_m": 363.8832082717813,
        "slope_deg": 3.03660042233882,
        "swir_alteration_index": 1.1419532199379598,
        "ferrous_iron_index": 1.8700858628854846,
        "environmental_overlap": true,
        "protected_area_name": "Kanha-Balaghat Forest Corridor & Reserved Forest",
        "environmental_warning": "This zone overlaps Kanha-Balaghat Forest Corridor & Reserved Forest \u2014 exploration feasibility would require additional environmental clearance.",
        "top_drivers": "SWIR Alteration (B11/B12), Structural Proximity, Slope"
      },
      "geometry": {
        "type": "Polygon",
        "coordinates": [
          [
            [
              80.775,
              22.16167
            ],
            [
              80.825,
              22.16167
            ],
            [
              80.825,
              22.21167
            ],
            [
              80.775,
              22.21167
            ],
            [
              80.775,
              22.16167
            ]
          ]
        ]
      }
    },
    {
      "type": "Feature",
      "properties": {
        "zone_id": "MN-ZONE-236",
        "belt_name": "MP-MH Belt",
        "state": "Madhya Pradesh / Maharashtra",
        "latitude": 22.29333,
        "longitude": 78.5,
        "prospectivity_score": 0.7533,
        "uncertainty_val": 0.1178,
        "confidence_tier": "Data-Rich",
        "confidence_percent": 88.2,
        "priority_category": "HIGH PRIORITY",
        "area_sq_km": 28.5,
        "elevation_m": 257.411009610885,
        "slope_deg": 9.48849989913354,
        "swir_alteration_index": 2.185627330914856,
        "ferrous_iron_index": 2.870738545636858,
        "environmental_overlap": false,
        "protected_area_name": null,
        "environmental_warning": null,
        "top_drivers": "SWIR Alteration (B11/B12), Structural Proximity, Slope"
      },
      "geometry": {
        "type": "Polygon",
        "coordinates": [
          [
            [
              78.475,
              22.26833
            ],
            [
              78.525,
              22.26833
            ],
            [
              78.525,
              22.31833
            ],
            [
              78.475,
              22.31833
            ],
            [
              78.475,
              22.26833
            ]
          ]
        ]
      }
    },
    {
      "type": "Feature",
      "properties": {
        "zone_id": "MN-ZONE-237",
        "belt_name": "MP-MH Belt",
        "state": "Madhya Pradesh / Maharashtra",
        "latitude": 22.29333,
        "longitude": 79.11333,
        "prospectivity_score": 0.8067,
        "uncertainty_val": 0.0629,
        "confidence_tier": "Data-Rich",
        "confidence_percent": 93.7,
        "priority_category": "HIGH PRIORITY",
        "area_sq_km": 28.5,
        "elevation_m": 190.98581693197022,
        "slope_deg": 7.009070061240719,
        "swir_alteration_index": 1.7088613485325546,
        "ferrous_iron_index": 2.128637680811255,
        "environmental_overlap": false,
        "protected_area_name": null,
        "environmental_warning": null,
        "top_drivers": "SWIR Alteration (B11/B12), Structural Proximity, Slope"
      },
      "geometry": {
        "type": "Polygon",
        "coordinates": [
          [
            [
              79.08833,
              22.26833
            ],
            [
              79.13833,
              22.26833
            ],
            [
              79.13833,
              22.31833
            ],
            [
              79.08833,
              22.31833
            ],
            [
              79.08833,
              22.26833
            ]
          ]
        ]
      }
    },
    {
      "type": "Feature",
      "properties": {
        "zone_id": "MN-ZONE-238",
        "belt_name": "MP-MH Belt",
        "state": "Madhya Pradesh / Maharashtra",
        "latitude": 22.29333,
        "longitude": 79.26667,
        "prospectivity_score": 0.92,
        "uncertainty_val": 0.0798,
        "confidence_tier": "Data-Rich",
        "confidence_percent": 92.0,
        "priority_category": "HIGH PRIORITY",
        "area_sq_km": 28.5,
        "elevation_m": 423.76259301305026,
        "slope_deg": 6.823544436729032,
        "swir_alteration_index": 1.5078884173749059,
        "ferrous_iron_index": 1.513656838887387,
        "environmental_overlap": false,
        "protected_area_name": null,
        "environmental_warning": null,
        "top_drivers": "SWIR Alteration (B11/B12), Structural Proximity, Slope"
      },
      "geometry": {
        "type": "Polygon",
        "coordinates": [
          [
            [
              79.24167,
              22.26833
            ],
            [
              79.29167,
              22.26833
            ],
            [
              79.29167,
              22.31833
            ],
            [
              79.24167,
              22.31833
            ],
            [
              79.24167,
              22.26833
            ]
          ]
        ]
      }
    },
    {
      "type": "Feature",
      "properties": {
        "zone_id": "MN-ZONE-239",
        "belt_name": "MP-MH Belt",
        "state": "Madhya Pradesh / Maharashtra",
        "latitude": 22.29333,
        "longitude": 79.42,
        "prospectivity_score": 0.8,
        "uncertainty_val": 0.1037,
        "confidence_tier": "Data-Rich",
        "confidence_percent": 89.6,
        "priority_category": "HIGH PRIORITY",
        "area_sq_km": 28.5,
        "elevation_m": 399.1445510894402,
        "slope_deg": 8.969135360852306,
        "swir_alteration_index": 1.7096762858549197,
        "ferrous_iron_index": 1.8583465543663475,
        "environmental_overlap": false,
        "protected_area_name": null,
        "environmental_warning": null,
        "top_drivers": "SWIR Alteration (B11/B12), Structural Proximity, Slope"
      },
      "geometry": {
        "type": "Polygon",
        "coordinates": [
          [
            [
              79.395,
              22.26833
            ],
            [
              79.445,
              22.26833
            ],
            [
              79.445,
              22.31833
            ],
            [
              79.395,
              22.31833
            ],
            [
              79.395,
              22.26833
            ]
          ]
        ]
      }
    },
    {
      "type": "Feature",
      "properties": {
        "zone_id": "MN-ZONE-240",
        "belt_name": "MP-MH Belt",
        "state": "Madhya Pradesh / Maharashtra",
        "latitude": 22.29333,
        "longitude": 79.88,
        "prospectivity_score": 0.88,
        "uncertainty_val": 0.0761,
        "confidence_tier": "Data-Rich",
        "confidence_percent": 92.4,
        "priority_category": "HIGH PRIORITY",
        "area_sq_km": 28.5,
        "elevation_m": 415.72011012960536,
        "slope_deg": 9.373290819995864,
        "swir_alteration_index": 1.20481171482235,
        "ferrous_iron_index": 3.013125391921695,
        "environmental_overlap": false,
        "protected_area_name": null,
        "environmental_warning": null,
        "top_drivers": "SWIR Alteration (B11/B12), Structural Proximity, Slope"
      },
      "geometry": {
        "type": "Polygon",
        "coordinates": [
          [
            [
              79.855,
              22.26833
            ],
            [
              79.905,
              22.26833
            ],
            [
              79.905,
              22.31833
            ],
            [
              79.855,
              22.31833
            ],
            [
              79.855,
              22.26833
            ]
          ]
        ]
      }
    },
    {
      "type": "Feature",
      "properties": {
        "zone_id": "MN-ZONE-241",
        "belt_name": "MP-MH Belt",
        "state": "Madhya Pradesh / Maharashtra",
        "latitude": 22.29333,
        "longitude": 80.03333,
        "prospectivity_score": 0.92,
        "uncertainty_val": 0.0629,
        "confidence_tier": "Data-Rich",
        "confidence_percent": 93.7,
        "priority_category": "HIGH PRIORITY",
        "area_sq_km": 28.5,
        "elevation_m": 167.0318184791917,
        "slope_deg": 12.77185152721077,
        "swir_alteration_index": 1.3362570710329265,
        "ferrous_iron_index": 2.4166660762359395,
        "environmental_overlap": false,
        "protected_area_name": null,
        "environmental_warning": null,
        "top_drivers": "SWIR Alteration (B11/B12), Structural Proximity, Slope"
      },
      "geometry": {
        "type": "Polygon",
        "coordinates": [
          [
            [
              80.00833,
              22.26833
            ],
            [
              80.05833,
              22.26833
            ],
            [
              80.05833,
              22.31833
            ],
            [
              80.00833,
              22.31833
            ],
            [
              80.00833,
              22.26833
            ]
          ]
        ]
      }
    },
    {
      "type": "Feature",
      "properties": {
        "zone_id": "MN-ZONE-242",
        "belt_name": "MP-MH Belt",
        "state": "Madhya Pradesh / Maharashtra",
        "latitude": 22.29333,
        "longitude": 80.64667,
        "prospectivity_score": 0.9767,
        "uncertainty_val": 0.0509,
        "confidence_tier": "Data-Rich",
        "confidence_percent": 94.9,
        "priority_category": "HIGH PRIORITY",
        "area_sq_km": 28.5,
        "elevation_m": 313.13806342143005,
        "slope_deg": 13.631708874730093,
        "swir_alteration_index": 1.0127443755082302,
        "ferrous_iron_index": 2.3768527445040415,
        "environmental_overlap": true,
        "protected_area_name": "Kanha-Balaghat Forest Corridor & Reserved Forest",
        "environmental_warning": "This zone overlaps Kanha-Balaghat Forest Corridor & Reserved Forest \u2014 exploration feasibility would require additional environmental clearance.",
        "top_drivers": "SWIR Alteration (B11/B12), Structural Proximity, Slope"
      },
      "geometry": {
        "type": "Polygon",
        "coordinates": [
          [
            [
              80.62167,
              22.26833
            ],
            [
              80.67167,
              22.26833
            ],
            [
              80.67167,
              22.31833
            ],
            [
              80.62167,
              22.31833
            ],
            [
              80.62167,
              22.26833
            ]
          ]
        ]
      }
    },
    {
      "type": "Feature",
      "properties": {
        "zone_id": "MN-ZONE-243",
        "belt_name": "MP-MH Belt",
        "state": "Madhya Pradesh / Maharashtra",
        "latitude": 22.29333,
        "longitude": 80.8,
        "prospectivity_score": 0.7733,
        "uncertainty_val": 0.0676,
        "confidence_tier": "Data-Rich",
        "confidence_percent": 93.2,
        "priority_category": "HIGH PRIORITY",
        "area_sq_km": 28.5,
        "elevation_m": 327.75218667001417,
        "slope_deg": 10.306552825632933,
        "swir_alteration_index": 1.6413787419774395,
        "ferrous_iron_index": 1.7491978922367812,
        "environmental_overlap": true,
        "protected_area_name": "Kanha-Balaghat Forest Corridor & Reserved Forest",
        "environmental_warning": "This zone overlaps Kanha-Balaghat Forest Corridor & Reserved Forest \u2014 exploration feasibility would require additional environmental clearance.",
        "top_drivers": "SWIR Alteration (B11/B12), Structural Proximity, Slope"
      },
      "geometry": {
        "type": "Polygon",
        "coordinates": [
          [
            [
              80.775,
              22.26833
            ],
            [
              80.825,
              22.26833
            ],
            [
              80.825,
              22.31833
            ],
            [
              80.775,
              22.31833
            ],
            [
              80.775,
              22.26833
            ]
          ]
        ]
      }
    },
    {
      "type": "Feature",
      "properties": {
        "zone_id": "MN-ZONE-244",
        "belt_name": "MP-MH Belt",
        "state": "Madhya Pradesh / Maharashtra",
        "latitude": 22.4,
        "longitude": 78.65333,
        "prospectivity_score": 0.9467,
        "uncertainty_val": 0.1074,
        "confidence_tier": "Data-Rich",
        "confidence_percent": 89.3,
        "priority_category": "HIGH PRIORITY",
        "area_sq_km": 28.5,
        "elevation_m": 516.2555081114022,
        "slope_deg": 8.915677377148368,
        "swir_alteration_index": 1.4876678285175766,
        "ferrous_iron_index": 3.2950392285814223,
        "environmental_overlap": false,
        "protected_area_name": null,
        "environmental_warning": null,
        "top_drivers": "SWIR Alteration (B11/B12), Structural Proximity, Slope"
      },
      "geometry": {
        "type": "Polygon",
        "coordinates": [
          [
            [
              78.62833,
              22.375
            ],
            [
              78.67833,
              22.375
            ],
            [
              78.67833,
              22.425
            ],
            [
              78.62833,
              22.425
            ],
            [
              78.62833,
              22.375
            ]
          ]
        ]
      }
    },
    {
      "type": "Feature",
      "properties": {
        "zone_id": "MN-ZONE-245",
        "belt_name": "MP-MH Belt",
        "state": "Madhya Pradesh / Maharashtra",
        "latitude": 22.4,
        "longitude": 78.96,
        "prospectivity_score": 0.86,
        "uncertainty_val": 0.0811,
        "confidence_tier": "Data-Rich",
        "confidence_percent": 91.9,
        "priority_category": "HIGH PRIORITY",
        "area_sq_km": 28.5,
        "elevation_m": 319.1322590325217,
        "slope_deg": 16.952431579220647,
        "swir_alteration_index": 1.393709648324639,
        "ferrous_iron_index": 2.7449763413384423,
        "environmental_overlap": false,
        "protected_area_name": null,
        "environmental_warning": null,
        "top_drivers": "SWIR Alteration (B11/B12), Structural Proximity, Slope"
      },
      "geometry": {
        "type": "Polygon",
        "coordinates": [
          [
            [
              78.935,
              22.375
            ],
            [
              78.985,
              22.375
            ],
            [
              78.985,
              22.425
            ],
            [
              78.935,
              22.425
            ],
            [
              78.935,
              22.375
            ]
          ]
        ]
      }
    },
    {
      "type": "Feature",
      "properties": {
        "zone_id": "MN-ZONE-246",
        "belt_name": "MP-MH Belt",
        "state": "Madhya Pradesh / Maharashtra",
        "latitude": 22.4,
        "longitude": 79.26667,
        "prospectivity_score": 0.8133,
        "uncertainty_val": 0.0973,
        "confidence_tier": "Data-Rich",
        "confidence_percent": 90.3,
        "priority_category": "HIGH PRIORITY",
        "area_sq_km": 28.5,
        "elevation_m": 422.3348218864005,
        "slope_deg": 17.404218247182104,
        "swir_alteration_index": 1.4017351550144959,
        "ferrous_iron_index": 2.8792758816889017,
        "environmental_overlap": false,
        "protected_area_name": null,
        "environmental_warning": null,
        "top_drivers": "SWIR Alteration (B11/B12), Structural Proximity, Slope"
      },
      "geometry": {
        "type": "Polygon",
        "coordinates": [
          [
            [
              79.24167,
              22.375
            ],
            [
              79.29167,
              22.375
            ],
            [
              79.29167,
              22.425
            ],
            [
              79.24167,
              22.425
            ],
            [
              79.24167,
              22.375
            ]
          ]
        ]
      }
    },
    {
      "type": "Feature",
      "properties": {
        "zone_id": "MN-ZONE-247",
        "belt_name": "MP-MH Belt",
        "state": "Madhya Pradesh / Maharashtra",
        "latitude": 22.4,
        "longitude": 79.42,
        "prospectivity_score": 0.93,
        "uncertainty_val": 0.1056,
        "confidence_tier": "Data-Rich",
        "confidence_percent": 89.4,
        "priority_category": "HIGH PRIORITY",
        "area_sq_km": 28.5,
        "elevation_m": 284.546642900169,
        "slope_deg": 0.7771846771525368,
        "swir_alteration_index": 1.089446845894752,
        "ferrous_iron_index": 4.503927293805118,
        "environmental_overlap": false,
        "protected_area_name": null,
        "environmental_warning": null,
        "top_drivers": "SWIR Alteration (B11/B12), Structural Proximity, Slope"
      },
      "geometry": {
        "type": "Polygon",
        "coordinates": [
          [
            [
              79.395,
              22.375
            ],
            [
              79.445,
              22.375
            ],
            [
              79.445,
              22.425
            ],
            [
              79.395,
              22.425
            ],
            [
              79.395,
              22.375
            ]
          ]
        ]
      }
    },
    {
      "type": "Feature",
      "properties": {
        "zone_id": "MN-ZONE-248",
        "belt_name": "MP-MH Belt",
        "state": "Madhya Pradesh / Maharashtra",
        "latitude": 22.4,
        "longitude": 79.57333,
        "prospectivity_score": 0.98,
        "uncertainty_val": 0.0981,
        "confidence_tier": "Data-Rich",
        "confidence_percent": 90.2,
        "priority_category": "HIGH PRIORITY",
        "area_sq_km": 28.5,
        "elevation_m": 322.3988938283519,
        "slope_deg": 8.474147318679183,
        "swir_alteration_index": 2.1320667119363943,
        "ferrous_iron_index": 3.860955666698931,
        "environmental_overlap": false,
        "protected_area_name": null,
        "environmental_warning": null,
        "top_drivers": "SWIR Alteration (B11/B12), Structural Proximity, Slope"
      },
      "geometry": {
        "type": "Polygon",
        "coordinates": [
          [
            [
              79.54833,
              22.375
            ],
            [
              79.59833,
              22.375
            ],
            [
              79.59833,
              22.425
            ],
            [
              79.54833,
              22.425
            ],
            [
              79.54833,
              22.375
            ]
          ]
        ]
      }
    },
    {
      "type": "Feature",
      "properties": {
        "zone_id": "MN-ZONE-249",
        "belt_name": "MP-MH Belt",
        "state": "Madhya Pradesh / Maharashtra",
        "latitude": 22.4,
        "longitude": 80.8,
        "prospectivity_score": 0.7533,
        "uncertainty_val": 0.0849,
        "confidence_tier": "Data-Rich",
        "confidence_percent": 91.5,
        "priority_category": "HIGH PRIORITY",
        "area_sq_km": 28.5,
        "elevation_m": 338.0775643734096,
        "slope_deg": 14.138868155456919,
        "swir_alteration_index": 1.1889058345762176,
        "ferrous_iron_index": 2.406306416739954,
        "environmental_overlap": true,
        "protected_area_name": "Kanha-Balaghat Forest Corridor & Reserved Forest",
        "environmental_warning": "This zone overlaps Kanha-Balaghat Forest Corridor & Reserved Forest \u2014 exploration feasibility would require additional environmental clearance.",
        "top_drivers": "SWIR Alteration (B11/B12), Structural Proximity, Slope"
      },
      "geometry": {
        "type": "Polygon",
        "coordinates": [
          [
            [
              80.775,
              22.375
            ],
            [
              80.825,
              22.375
            ],
            [
              80.825,
              22.425
            ],
            [
              80.775,
              22.425
            ],
            [
              80.775,
              22.375
            ]
          ]
        ]
      }
    },
    {
      "type": "Feature",
      "properties": {
        "zone_id": "MN-ZONE-250",
        "belt_name": "Karnataka Belt",
        "state": "Karnataka",
        "latitude": 13.5,
        "longitude": 74.8,
        "prospectivity_score": 0.9767,
        "uncertainty_val": 0.1711,
        "confidence_tier": "Data-Rich",
        "confidence_percent": 82.9,
        "priority_category": "HIGH PRIORITY",
        "area_sq_km": 28.5,
        "elevation_m": 574.943758419629,
        "slope_deg": 5.915739100451133,
        "swir_alteration_index": 1.4641972096900158,
        "ferrous_iron_index": 3.173353421011944,
        "environmental_overlap": false,
        "protected_area_name": null,
        "environmental_warning": null,
        "top_drivers": "SWIR Alteration (B11/B12), Structural Proximity, Slope"
      },
      "geometry": {
        "type": "Polygon",
        "coordinates": [
          [
            [
              74.775,
              13.475
            ],
            [
              74.825,
              13.475
            ],
            [
              74.825,
              13.525
            ],
            [
              74.775,
              13.525
            ],
            [
              74.775,
              13.475
            ]
          ]
        ]
      }
    },
    {
      "type": "Feature",
      "properties": {
        "zone_id": "MN-ZONE-251",
        "belt_name": "Karnataka Belt",
        "state": "Karnataka",
        "latitude": 13.5,
        "longitude": 75.0,
        "prospectivity_score": 0.8233,
        "uncertainty_val": 0.1373,
        "confidence_tier": "Data-Rich",
        "confidence_percent": 86.3,
        "priority_category": "HIGH PRIORITY",
        "area_sq_km": 28.5,
        "elevation_m": 394.16625641860605,
        "slope_deg": 3.5482148883539715,
        "swir_alteration_index": 1.242279168604059,
        "ferrous_iron_index": 3.1055246976135145,
        "environmental_overlap": false,
        "protected_area_name": null,
        "environmental_warning": null,
        "top_drivers": "SWIR Alteration (B11/B12), Structural Proximity, Slope"
      },
      "geometry": {
        "type": "Polygon",
        "coordinates": [
          [
            [
              74.975,
              13.475
            ],
            [
              75.025,
              13.475
            ],
            [
              75.025,
              13.525
            ],
            [
              74.975,
              13.525
            ],
            [
              74.975,
              13.475
            ]
          ]
        ]
      }
    },
    {
      "type": "Feature",
      "properties": {
        "zone_id": "MN-ZONE-252",
        "belt_name": "Karnataka Belt",
        "state": "Karnataka",
        "latitude": 13.5,
        "longitude": 75.2,
        "prospectivity_score": 0.85,
        "uncertainty_val": 0.1089,
        "confidence_tier": "Data-Rich",
        "confidence_percent": 89.1,
        "priority_category": "HIGH PRIORITY",
        "area_sq_km": 28.5,
        "elevation_m": 294.629100692415,
        "slope_deg": 6.7566970577105625,
        "swir_alteration_index": 1.3368840932001047,
        "ferrous_iron_index": 2.777175230440167,
        "environmental_overlap": false,
        "protected_area_name": null,
        "environmental_warning": null,
        "top_drivers": "SWIR Alteration (B11/B12), Structural Proximity, Slope"
      },
      "geometry": {
        "type": "Polygon",
        "coordinates": [
          [
            [
              75.175,
              13.475
            ],
            [
              75.225,
              13.475
            ],
            [
              75.225,
              13.525
            ],
            [
              75.175,
              13.525
            ],
            [
              75.175,
              13.475
            ]
          ]
        ]
      }
    },
    {
      "type": "Feature",
      "properties": {
        "zone_id": "MN-ZONE-253",
        "belt_name": "Karnataka Belt",
        "state": "Karnataka",
        "latitude": 13.5,
        "longitude": 75.6,
        "prospectivity_score": 0.81,
        "uncertainty_val": 0.0891,
        "confidence_tier": "Data-Rich",
        "confidence_percent": 91.1,
        "priority_category": "HIGH PRIORITY",
        "area_sq_km": 28.5,
        "elevation_m": 424.0756378503107,
        "slope_deg": 10.571808580117999,
        "swir_alteration_index": 1.557454389879271,
        "ferrous_iron_index": 4.731496888672668,
        "environmental_overlap": false,
        "protected_area_name": null,
        "environmental_warning": null,
        "top_drivers": "SWIR Alteration (B11/B12), Structural Proximity, Slope"
      },
      "geometry": {
        "type": "Polygon",
        "coordinates": [
          [
            [
              75.575,
              13.475
            ],
            [
              75.625,
              13.475
            ],
            [
              75.625,
              13.525
            ],
            [
              75.575,
              13.525
            ],
            [
              75.575,
              13.475
            ]
          ]
        ]
      }
    },
    {
      "type": "Feature",
      "properties": {
        "zone_id": "MN-ZONE-254",
        "belt_name": "Karnataka Belt",
        "state": "Karnataka",
        "latitude": 13.5,
        "longitude": 75.8,
        "prospectivity_score": 0.95,
        "uncertainty_val": 0.1049,
        "confidence_tier": "Data-Rich",
        "confidence_percent": 89.5,
        "priority_category": "HIGH PRIORITY",
        "area_sq_km": 28.5,
        "elevation_m": 543.3359747714358,
        "slope_deg": 11.155378593978044,
        "swir_alteration_index": 1.671317764669225,
        "ferrous_iron_index": 4.917685422667352,
        "environmental_overlap": false,
        "protected_area_name": null,
        "environmental_warning": null,
        "top_drivers": "SWIR Alteration (B11/B12), Structural Proximity, Slope"
      },
      "geometry": {
        "type": "Polygon",
        "coordinates": [
          [
            [
              75.775,
              13.475
            ],
            [
              75.825,
              13.475
            ],
            [
              75.825,
              13.525
            ],
            [
              75.775,
              13.525
            ],
            [
              75.775,
              13.475
            ]
          ]
        ]
      }
    },
    {
      "type": "Feature",
      "properties": {
        "zone_id": "MN-ZONE-255",
        "belt_name": "Karnataka Belt",
        "state": "Karnataka",
        "latitude": 13.5,
        "longitude": 76.2,
        "prospectivity_score": 0.9,
        "uncertainty_val": 0.165,
        "confidence_tier": "Data-Rich",
        "confidence_percent": 83.5,
        "priority_category": "HIGH PRIORITY",
        "area_sq_km": 28.5,
        "elevation_m": 225.55135501111343,
        "slope_deg": 12.024222461769295,
        "swir_alteration_index": 1.4607306973902858,
        "ferrous_iron_index": 2.261912586643352,
        "environmental_overlap": false,
        "protected_area_name": null,
        "environmental_warning": null,
        "top_drivers": "SWIR Alteration (B11/B12), Structural Proximity, Slope"
      },
      "geometry": {
        "type": "Polygon",
        "coordinates": [
          [
            [
              76.175,
              13.475
            ],
            [
              76.225,
              13.475
            ],
            [
              76.225,
              13.525
            ],
            [
              76.175,
              13.525
            ],
            [
              76.175,
              13.475
            ]
          ]
        ]
      }
    },
    {
      "type": "Feature",
      "properties": {
        "zone_id": "MN-ZONE-256",
        "belt_name": "Karnataka Belt",
        "state": "Karnataka",
        "latitude": 13.5,
        "longitude": 76.4,
        "prospectivity_score": 0.7633,
        "uncertainty_val": 0.2012,
        "confidence_tier": "Data-Rich",
        "confidence_percent": 79.9,
        "priority_category": "HIGH PRIORITY",
        "area_sq_km": 28.5,
        "elevation_m": 323.3386986720463,
        "slope_deg": 5.590603919361554,
        "swir_alteration_index": 1.4667505930347957,
        "ferrous_iron_index": 2.8379164063116487,
        "environmental_overlap": false,
        "protected_area_name": null,
        "environmental_warning": null,
        "top_drivers": "SWIR Alteration (B11/B12), Structural Proximity, Slope"
      },
      "geometry": {
        "type": "Polygon",
        "coordinates": [
          [
            [
              76.375,
              13.475
            ],
            [
              76.425,
              13.475
            ],
            [
              76.425,
              13.525
            ],
            [
              76.375,
              13.525
            ],
            [
              76.375,
              13.475
            ]
          ]
        ]
      }
    },
    {
      "type": "Feature",
      "properties": {
        "zone_id": "MN-ZONE-257",
        "belt_name": "Karnataka Belt",
        "state": "Karnataka",
        "latitude": 13.5,
        "longitude": 76.6,
        "prospectivity_score": 0.9167,
        "uncertainty_val": 0.239,
        "confidence_tier": "Data-Rich",
        "confidence_percent": 76.1,
        "priority_category": "HIGH PRIORITY",
        "area_sq_km": 28.5,
        "elevation_m": 525.0925941927144,
        "slope_deg": 9.85816669002353,
        "swir_alteration_index": 1.535817937483209,
        "ferrous_iron_index": 3.232694269743882,
        "environmental_overlap": false,
        "protected_area_name": null,
        "environmental_warning": null,
        "top_drivers": "SWIR Alteration (B11/B12), Structural Proximity, Slope"
      },
      "geometry": {
        "type": "Polygon",
        "coordinates": [
          [
            [
              76.575,
              13.475
            ],
            [
              76.625,
              13.475
            ],
            [
              76.625,
              13.525
            ],
            [
              76.575,
              13.525
            ],
            [
              76.575,
              13.475
            ]
          ]
        ]
      }
    },
    {
      "type": "Feature",
      "properties": {
        "zone_id": "MN-ZONE-258",
        "belt_name": "Karnataka Belt",
        "state": "Karnataka",
        "latitude": 13.5,
        "longitude": 76.8,
        "prospectivity_score": 0.77,
        "uncertainty_val": 0.2742,
        "confidence_tier": "Data-Rich",
        "confidence_percent": 72.6,
        "priority_category": "HIGH PRIORITY",
        "area_sq_km": 28.5,
        "elevation_m": 336.5200147906521,
        "slope_deg": 2.368170962302334,
        "swir_alteration_index": 1.2338026836759155,
        "ferrous_iron_index": 2.815782195400227,
        "environmental_overlap": false,
        "protected_area_name": null,
        "environmental_warning": null,
        "top_drivers": "SWIR Alteration (B11/B12), Structural Proximity, Slope"
      },
      "geometry": {
        "type": "Polygon",
        "coordinates": [
          [
            [
              76.775,
              13.475
            ],
            [
              76.825,
              13.475
            ],
            [
              76.825,
              13.525
            ],
            [
              76.775,
              13.525
            ],
            [
              76.775,
              13.475
            ]
          ]
        ]
      }
    },
    {
      "type": "Feature",
      "properties": {
        "zone_id": "MN-ZONE-259",
        "belt_name": "Karnataka Belt",
        "state": "Karnataka",
        "latitude": 13.68,
        "longitude": 74.4,
        "prospectivity_score": 0.8833,
        "uncertainty_val": 0.2346,
        "confidence_tier": "Data-Rich",
        "confidence_percent": 76.5,
        "priority_category": "HIGH PRIORITY",
        "area_sq_km": 28.5,
        "elevation_m": 415.3833223062379,
        "slope_deg": 8.943555918525323,
        "swir_alteration_index": 1.385099893790712,
        "ferrous_iron_index": 2.6440293793221934,
        "environmental_overlap": false,
        "protected_area_name": null,
        "environmental_warning": null,
        "top_drivers": "SWIR Alteration (B11/B12), Structural Proximity, Slope"
      },
      "geometry": {
        "type": "Polygon",
        "coordinates": [
          [
            [
              74.375,
              13.655
            ],
            [
              74.425,
              13.655
            ],
            [
              74.425,
              13.705
            ],
            [
              74.375,
              13.705
            ],
            [
              74.375,
              13.655
            ]
          ]
        ]
      }
    },
    {
      "type": "Feature",
      "properties": {
        "zone_id": "MN-ZONE-260",
        "belt_name": "Karnataka Belt",
        "state": "Karnataka",
        "latitude": 13.68,
        "longitude": 74.6,
        "prospectivity_score": 0.92,
        "uncertainty_val": 0.1945,
        "confidence_tier": "Data-Rich",
        "confidence_percent": 80.5,
        "priority_category": "HIGH PRIORITY",
        "area_sq_km": 28.5,
        "elevation_m": 286.91544492091435,
        "slope_deg": 8.659599377694125,
        "swir_alteration_index": 1.4768258653790358,
        "ferrous_iron_index": 5.166326219946389,
        "environmental_overlap": false,
        "protected_area_name": null,
        "environmental_warning": null,
        "top_drivers": "SWIR Alteration (B11/B12), Structural Proximity, Slope"
      },
      "geometry": {
        "type": "Polygon",
        "coordinates": [
          [
            [
              74.575,
              13.655
            ],
            [
              74.625,
              13.655
            ],
            [
              74.625,
              13.705
            ],
            [
              74.575,
              13.705
            ],
            [
              74.575,
              13.655
            ]
          ]
        ]
      }
    },
    {
      "type": "Feature",
      "properties": {
        "zone_id": "MN-ZONE-261",
        "belt_name": "Karnataka Belt",
        "state": "Karnataka",
        "latitude": 13.68,
        "longitude": 75.2,
        "prospectivity_score": 0.8767,
        "uncertainty_val": 0.0818,
        "confidence_tier": "Data-Rich",
        "confidence_percent": 91.8,
        "priority_category": "HIGH PRIORITY",
        "area_sq_km": 28.5,
        "elevation_m": 325.6921943920792,
        "slope_deg": 13.88742246798403,
        "swir_alteration_index": 2.097740217183422,
        "ferrous_iron_index": 3.7302142317525098,
        "environmental_overlap": false,
        "protected_area_name": null,
        "environmental_warning": null,
        "top_drivers": "SWIR Alteration (B11/B12), Structural Proximity, Slope"
      },
      "geometry": {
        "type": "Polygon",
        "coordinates": [
          [
            [
              75.175,
              13.655
            ],
            [
              75.225,
              13.655
            ],
            [
              75.225,
              13.705
            ],
            [
              75.175,
              13.705
            ],
            [
              75.175,
              13.655
            ]
          ]
        ]
      }
    },
    {
      "type": "Feature",
      "properties": {
        "zone_id": "MN-ZONE-262",
        "belt_name": "Karnataka Belt",
        "state": "Karnataka",
        "latitude": 13.68,
        "longitude": 75.6,
        "prospectivity_score": 0.9533,
        "uncertainty_val": 0.053,
        "confidence_tier": "Data-Rich",
        "confidence_percent": 94.7,
        "priority_category": "HIGH PRIORITY",
        "area_sq_km": 28.5,
        "elevation_m": 398.5715841353997,
        "slope_deg": 17.239212473720027,
        "swir_alteration_index": 1.5119806511994103,
        "ferrous_iron_index": 1.7057115695820813,
        "environmental_overlap": false,
        "protected_area_name": null,
        "environmental_warning": null,
        "top_drivers": "SWIR Alteration (B11/B12), Structural Proximity, Slope"
      },
      "geometry": {
        "type": "Polygon",
        "coordinates": [
          [
            [
              75.575,
              13.655
            ],
            [
              75.625,
              13.655
            ],
            [
              75.625,
              13.705
            ],
            [
              75.575,
              13.705
            ],
            [
              75.575,
              13.655
            ]
          ]
        ]
      }
    },
    {
      "type": "Feature",
      "properties": {
        "zone_id": "MN-ZONE-263",
        "belt_name": "Karnataka Belt",
        "state": "Karnataka",
        "latitude": 13.68,
        "longitude": 75.8,
        "prospectivity_score": 0.8633,
        "uncertainty_val": 0.0764,
        "confidence_tier": "Data-Rich",
        "confidence_percent": 92.4,
        "priority_category": "HIGH PRIORITY",
        "area_sq_km": 28.5,
        "elevation_m": 430.0701947545577,
        "slope_deg": 19.26930250781831,
        "swir_alteration_index": 1.541820892959113,
        "ferrous_iron_index": 3.3026365052662405,
        "environmental_overlap": false,
        "protected_area_name": null,
        "environmental_warning": null,
        "top_drivers": "SWIR Alteration (B11/B12), Structural Proximity, Slope"
      },
      "geometry": {
        "type": "Polygon",
        "coordinates": [
          [
            [
              75.775,
              13.655
            ],
            [
              75.825,
              13.655
            ],
            [
              75.825,
              13.705
            ],
            [
              75.775,
              13.705
            ],
            [
              75.775,
              13.655
            ]
          ]
        ]
      }
    },
    {
      "type": "Feature",
      "properties": {
        "zone_id": "MN-ZONE-264",
        "belt_name": "Karnataka Belt",
        "state": "Karnataka",
        "latitude": 13.68,
        "longitude": 76.0,
        "prospectivity_score": 0.8467,
        "uncertainty_val": 0.1106,
        "confidence_tier": "Data-Rich",
        "confidence_percent": 88.9,
        "priority_category": "HIGH PRIORITY",
        "area_sq_km": 28.5,
        "elevation_m": 526.9337323400624,
        "slope_deg": 10.897782968974997,
        "swir_alteration_index": 1.8310643639016395,
        "ferrous_iron_index": 3.3928463027120777,
        "environmental_overlap": false,
        "protected_area_name": null,
        "environmental_warning": null,
        "top_drivers": "SWIR Alteration (B11/B12), Structural Proximity, Slope"
      },
      "geometry": {
        "type": "Polygon",
        "coordinates": [
          [
            [
              75.975,
              13.655
            ],
            [
              76.025,
              13.655
            ],
            [
              76.025,
              13.705
            ],
            [
              75.975,
              13.705
            ],
            [
              75.975,
              13.655
            ]
          ]
        ]
      }
    },
    {
      "type": "Feature",
      "properties": {
        "zone_id": "MN-ZONE-265",
        "belt_name": "Karnataka Belt",
        "state": "Karnataka",
        "latitude": 13.68,
        "longitude": 76.2,
        "prospectivity_score": 0.81,
        "uncertainty_val": 0.1484,
        "confidence_tier": "Data-Rich",
        "confidence_percent": 85.2,
        "priority_category": "HIGH PRIORITY",
        "area_sq_km": 28.5,
        "elevation_m": 360.26455285396645,
        "slope_deg": 8.65991729699218,
        "swir_alteration_index": 1.6494611210092067,
        "ferrous_iron_index": 2.2738865670748893,
        "environmental_overlap": false,
        "protected_area_name": null,
        "environmental_warning": null,
        "top_drivers": "SWIR Alteration (B11/B12), Structural Proximity, Slope"
      },
      "geometry": {
        "type": "Polygon",
        "coordinates": [
          [
            [
              76.175,
              13.655
            ],
            [
              76.225,
              13.655
            ],
            [
              76.225,
              13.705
            ],
            [
              76.175,
              13.705
            ],
            [
              76.175,
              13.655
            ]
          ]
        ]
      }
    },
    {
      "type": "Feature",
      "properties": {
        "zone_id": "MN-ZONE-266",
        "belt_name": "Karnataka Belt",
        "state": "Karnataka",
        "latitude": 13.68,
        "longitude": 76.4,
        "prospectivity_score": 0.8733,
        "uncertainty_val": 0.1877,
        "confidence_tier": "Data-Rich",
        "confidence_percent": 81.2,
        "priority_category": "HIGH PRIORITY",
        "area_sq_km": 28.5,
        "elevation_m": 332.8843613249636,
        "slope_deg": 15.613233813885984,
        "swir_alteration_index": 1.784938665867725,
        "ferrous_iron_index": 3.6495809346200097,
        "environmental_overlap": false,
        "protected_area_name": null,
        "environmental_warning": null,
        "top_drivers": "SWIR Alteration (B11/B12), Structural Proximity, Slope"
      },
      "geometry": {
        "type": "Polygon",
        "coordinates": [
          [
            [
              76.375,
              13.655
            ],
            [
              76.425,
              13.655
            ],
            [
              76.425,
              13.705
            ],
            [
              76.375,
              13.705
            ],
            [
              76.375,
              13.655
            ]
          ]
        ]
      }
    },
    {
      "type": "Feature",
      "properties": {
        "zone_id": "MN-ZONE-267",
        "belt_name": "Karnataka Belt",
        "state": "Karnataka",
        "latitude": 13.68,
        "longitude": 76.6,
        "prospectivity_score": 0.8333,
        "uncertainty_val": 0.223,
        "confidence_tier": "Data-Rich",
        "confidence_percent": 77.7,
        "priority_category": "HIGH PRIORITY",
        "area_sq_km": 28.5,
        "elevation_m": 342.56546702414755,
        "slope_deg": 9.169518510163247,
        "swir_alteration_index": 1.689417196599285,
        "ferrous_iron_index": 3.671594455168828,
        "environmental_overlap": false,
        "protected_area_name": null,
        "environmental_warning": null,
        "top_drivers": "SWIR Alteration (B11/B12), Structural Proximity, Slope"
      },
      "geometry": {
        "type": "Polygon",
        "coordinates": [
          [
            [
              76.575,
              13.655
            ],
            [
              76.625,
              13.655
            ],
            [
              76.625,
              13.705
            ],
            [
              76.575,
              13.705
            ],
            [
              76.575,
              13.655
            ]
          ]
        ]
      }
    },
    {
      "type": "Feature",
      "properties": {
        "zone_id": "MN-ZONE-268",
        "belt_name": "Karnataka Belt",
        "state": "Karnataka",
        "latitude": 13.86,
        "longitude": 74.4,
        "prospectivity_score": 0.78,
        "uncertainty_val": 0.2293,
        "confidence_tier": "Data-Rich",
        "confidence_percent": 77.1,
        "priority_category": "HIGH PRIORITY",
        "area_sq_km": 28.5,
        "elevation_m": 437.6687475875099,
        "slope_deg": 6.699055766061933,
        "swir_alteration_index": 1.6508910668297887,
        "ferrous_iron_index": 3.0772114333958744,
        "environmental_overlap": false,
        "protected_area_name": null,
        "environmental_warning": null,
        "top_drivers": "SWIR Alteration (B11/B12), Structural Proximity, Slope"
      },
      "geometry": {
        "type": "Polygon",
        "coordinates": [
          [
            [
              74.375,
              13.835
            ],
            [
              74.425,
              13.835
            ],
            [
              74.425,
              13.885
            ],
            [
              74.375,
              13.885
            ],
            [
              74.375,
              13.835
            ]
          ]
        ]
      }
    },
    {
      "type": "Feature",
      "properties": {
        "zone_id": "MN-ZONE-269",
        "belt_name": "Karnataka Belt",
        "state": "Karnataka",
        "latitude": 13.86,
        "longitude": 75.0,
        "prospectivity_score": 0.8233,
        "uncertainty_val": 0.1058,
        "confidence_tier": "Data-Rich",
        "confidence_percent": 89.4,
        "priority_category": "HIGH PRIORITY",
        "area_sq_km": 28.5,
        "elevation_m": 383.62778892475626,
        "slope_deg": 6.683367874812863,
        "swir_alteration_index": 1.4674899162745911,
        "ferrous_iron_index": 3.4792473720590498,
        "environmental_overlap": false,
        "protected_area_name": null,
        "environmental_warning": null,
        "top_drivers": "SWIR Alteration (B11/B12), Structural Proximity, Slope"
      },
      "geometry": {
        "type": "Polygon",
        "coordinates": [
          [
            [
              74.975,
              13.835
            ],
            [
              75.025,
              13.835
            ],
            [
              75.025,
              13.885
            ],
            [
              74.975,
              13.885
            ],
            [
              74.975,
              13.835
            ]
          ]
        ]
      }
    },
    {
      "type": "Feature",
      "properties": {
        "zone_id": "MN-ZONE-270",
        "belt_name": "Karnataka Belt",
        "state": "Karnataka",
        "latitude": 13.86,
        "longitude": 75.2,
        "prospectivity_score": 0.8467,
        "uncertainty_val": 0.0652,
        "confidence_tier": "Data-Rich",
        "confidence_percent": 93.5,
        "priority_category": "HIGH PRIORITY",
        "area_sq_km": 28.5,
        "elevation_m": 560.5161380972418,
        "slope_deg": 4.555845113239396,
        "swir_alteration_index": 1.194197409197483,
        "ferrous_iron_index": 5.15787422614741,
        "environmental_overlap": false,
        "protected_area_name": null,
        "environmental_warning": null,
        "top_drivers": "SWIR Alteration (B11/B12), Structural Proximity, Slope"
      },
      "geometry": {
        "type": "Polygon",
        "coordinates": [
          [
            [
              75.175,
              13.835
            ],
            [
              75.225,
              13.835
            ],
            [
              75.225,
              13.885
            ],
            [
              75.175,
              13.885
            ],
            [
              75.175,
              13.835
            ]
          ]
        ]
      }
    },
    {
      "type": "Feature",
      "properties": {
        "zone_id": "MN-ZONE-271",
        "belt_name": "Karnataka Belt",
        "state": "Karnataka",
        "latitude": 13.86,
        "longitude": 75.4,
        "prospectivity_score": 0.77,
        "uncertainty_val": 0.0264,
        "confidence_tier": "Data-Rich",
        "confidence_percent": 97.4,
        "priority_category": "HIGH PRIORITY",
        "area_sq_km": 28.5,
        "elevation_m": 368.29944496452606,
        "slope_deg": 6.2457789561941555,
        "swir_alteration_index": 2.269012127841559,
        "ferrous_iron_index": 4.453771621796098,
        "environmental_overlap": false,
        "protected_area_name": null,
        "environmental_warning": null,
        "top_drivers": "SWIR Alteration (B11/B12), Structural Proximity, Slope"
      },
      "geometry": {
        "type": "Polygon",
        "coordinates": [
          [
            [
              75.375,
              13.835
            ],
            [
              75.425,
              13.835
            ],
            [
              75.425,
              13.885
            ],
            [
              75.375,
              13.885
            ],
            [
              75.375,
              13.835
            ]
          ]
        ]
      }
    },
    {
      "type": "Feature",
      "properties": {
        "zone_id": "MN-ZONE-272",
        "belt_name": "Karnataka Belt",
        "state": "Karnataka",
        "latitude": 13.86,
        "longitude": 76.0,
        "prospectivity_score": 0.8367,
        "uncertainty_val": 0.0988,
        "confidence_tier": "Data-Rich",
        "confidence_percent": 90.1,
        "priority_category": "HIGH PRIORITY",
        "area_sq_km": 28.5,
        "elevation_m": 345.8119945034931,
        "slope_deg": 9.57851953799825,
        "swir_alteration_index": 1.323251550494673,
        "ferrous_iron_index": 3.7844043480606753,
        "environmental_overlap": false,
        "protected_area_name": null,
        "environmental_warning": null,
        "top_drivers": "SWIR Alteration (B11/B12), Structural Proximity, Slope"
      },
      "geometry": {
        "type": "Polygon",
        "coordinates": [
          [
            [
              75.975,
              13.835
            ],
            [
              76.025,
              13.835
            ],
            [
              76.025,
              13.885
            ],
            [
              75.975,
              13.885
            ],
            [
              75.975,
              13.835
            ]
          ]
        ]
      }
    },
    {
      "type": "Feature",
      "properties": {
        "zone_id": "MN-ZONE-273",
        "belt_name": "Karnataka Belt",
        "state": "Karnataka",
        "latitude": 13.86,
        "longitude": 76.4,
        "prospectivity_score": 0.81,
        "uncertainty_val": 0.1745,
        "confidence_tier": "Data-Rich",
        "confidence_percent": 82.6,
        "priority_category": "HIGH PRIORITY",
        "area_sq_km": 28.5,
        "elevation_m": 322.85949398355035,
        "slope_deg": 7.912234137320163,
        "swir_alteration_index": 1.4786755173601371,
        "ferrous_iron_index": 2.5751402512998167,
        "environmental_overlap": false,
        "protected_area_name": null,
        "environmental_warning": null,
        "top_drivers": "SWIR Alteration (B11/B12), Structural Proximity, Slope"
      },
      "geometry": {
        "type": "Polygon",
        "coordinates": [
          [
            [
              76.375,
              13.835
            ],
            [
              76.425,
              13.835
            ],
            [
              76.425,
              13.885
            ],
            [
              76.375,
              13.885
            ],
            [
              76.375,
              13.835
            ]
          ]
        ]
      }
    },
    {
      "type": "Feature",
      "properties": {
        "zone_id": "MN-ZONE-274",
        "belt_name": "Karnataka Belt",
        "state": "Karnataka",
        "latitude": 13.86,
        "longitude": 76.6,
        "prospectivity_score": 0.9967,
        "uncertainty_val": 0.1891,
        "confidence_tier": "Data-Rich",
        "confidence_percent": 81.1,
        "priority_category": "HIGH PRIORITY",
        "area_sq_km": 28.5,
        "elevation_m": 258.4522970909708,
        "slope_deg": 10.569066485773105,
        "swir_alteration_index": 1.7785032851406202,
        "ferrous_iron_index": 3.0426747039810205,
        "environmental_overlap": false,
        "protected_area_name": null,
        "environmental_warning": null,
        "top_drivers": "SWIR Alteration (B11/B12), Structural Proximity, Slope"
      },
      "geometry": {
        "type": "Polygon",
        "coordinates": [
          [
            [
              76.575,
              13.835
            ],
            [
              76.625,
              13.835
            ],
            [
              76.625,
              13.885
            ],
            [
              76.575,
              13.885
            ],
            [
              76.575,
              13.835
            ]
          ]
        ]
      }
    },
    {
      "type": "Feature",
      "properties": {
        "zone_id": "MN-ZONE-275",
        "belt_name": "Karnataka Belt",
        "state": "Karnataka",
        "latitude": 13.86,
        "longitude": 77.0,
        "prospectivity_score": 0.9933,
        "uncertainty_val": 0.2378,
        "confidence_tier": "Data-Rich",
        "confidence_percent": 76.2,
        "priority_category": "HIGH PRIORITY",
        "area_sq_km": 28.5,
        "elevation_m": 407.2445306155102,
        "slope_deg": 11.786710014470799,
        "swir_alteration_index": 1.520318108672472,
        "ferrous_iron_index": 3.4258226863361525,
        "environmental_overlap": false,
        "protected_area_name": null,
        "environmental_warning": null,
        "top_drivers": "SWIR Alteration (B11/B12), Structural Proximity, Slope"
      },
      "geometry": {
        "type": "Polygon",
        "coordinates": [
          [
            [
              76.975,
              13.835
            ],
            [
              77.025,
              13.835
            ],
            [
              77.025,
              13.885
            ],
            [
              76.975,
              13.885
            ],
            [
              76.975,
              13.835
            ]
          ]
        ]
      }
    },
    {
      "type": "Feature",
      "properties": {
        "zone_id": "MN-ZONE-276",
        "belt_name": "Karnataka Belt",
        "state": "Karnataka",
        "latitude": 13.86,
        "longitude": 77.2,
        "prospectivity_score": 0.9,
        "uncertainty_val": 0.2684,
        "confidence_tier": "Data-Rich",
        "confidence_percent": 73.2,
        "priority_category": "HIGH PRIORITY",
        "area_sq_km": 28.5,
        "elevation_m": 288.03635760835357,
        "slope_deg": 6.034084019547653,
        "swir_alteration_index": 1.8361797274297593,
        "ferrous_iron_index": 4.067757115920321,
        "environmental_overlap": false,
        "protected_area_name": null,
        "environmental_warning": null,
        "top_drivers": "SWIR Alteration (B11/B12), Structural Proximity, Slope"
      },
      "geometry": {
        "type": "Polygon",
        "coordinates": [
          [
            [
              77.175,
              13.835
            ],
            [
              77.225,
              13.835
            ],
            [
              77.225,
              13.885
            ],
            [
              77.175,
              13.885
            ],
            [
              77.175,
              13.835
            ]
          ]
        ]
      }
    },
    {
      "type": "Feature",
      "properties": {
        "zone_id": "MN-ZONE-277",
        "belt_name": "Karnataka Belt",
        "state": "Karnataka",
        "latitude": 14.04,
        "longitude": 74.2,
        "prospectivity_score": 0.9033,
        "uncertainty_val": 0.1983,
        "confidence_tier": "Data-Rich",
        "confidence_percent": 80.2,
        "priority_category": "HIGH PRIORITY",
        "area_sq_km": 28.5,
        "elevation_m": 312.4499959924429,
        "slope_deg": 13.147589111030658,
        "swir_alteration_index": 1.7191838443658052,
        "ferrous_iron_index": 3.001207406807103,
        "environmental_overlap": false,
        "protected_area_name": null,
        "environmental_warning": null,
        "top_drivers": "SWIR Alteration (B11/B12), Structural Proximity, Slope"
      },
      "geometry": {
        "type": "Polygon",
        "coordinates": [
          [
            [
              74.175,
              14.015
            ],
            [
              74.225,
              14.015
            ],
            [
              74.225,
              14.065
            ],
            [
              74.175,
              14.065
            ],
            [
              74.175,
              14.015
            ]
          ]
        ]
      }
    },
    {
      "type": "Feature",
      "properties": {
        "zone_id": "MN-ZONE-278",
        "belt_name": "Karnataka Belt",
        "state": "Karnataka",
        "latitude": 14.04,
        "longitude": 74.8,
        "prospectivity_score": 0.77,
        "uncertainty_val": 0.1477,
        "confidence_tier": "Data-Rich",
        "confidence_percent": 85.2,
        "priority_category": "HIGH PRIORITY",
        "area_sq_km": 28.5,
        "elevation_m": 327.0530208680288,
        "slope_deg": 15.25764084826735,
        "swir_alteration_index": 1.9506122008138782,
        "ferrous_iron_index": 2.305793195181953,
        "environmental_overlap": false,
        "protected_area_name": null,
        "environmental_warning": null,
        "top_drivers": "SWIR Alteration (B11/B12), Structural Proximity, Slope"
      },
      "geometry": {
        "type": "Polygon",
        "coordinates": [
          [
            [
              74.775,
              14.015
            ],
            [
              74.825,
              14.015
            ],
            [
              74.825,
              14.065
            ],
            [
              74.775,
              14.065
            ],
            [
              74.775,
              14.015
            ]
          ]
        ]
      }
    },
    {
      "type": "Feature",
      "properties": {
        "zone_id": "MN-ZONE-279",
        "belt_name": "Karnataka Belt",
        "state": "Karnataka",
        "latitude": 14.04,
        "longitude": 75.2,
        "prospectivity_score": 0.8533,
        "uncertainty_val": 0.067,
        "confidence_tier": "Data-Rich",
        "confidence_percent": 93.3,
        "priority_category": "HIGH PRIORITY",
        "area_sq_km": 28.5,
        "elevation_m": 478.8880002051845,
        "slope_deg": 5.002356885894805,
        "swir_alteration_index": 1.6250613968277832,
        "ferrous_iron_index": 2.9365021520520522,
        "environmental_overlap": false,
        "protected_area_name": null,
        "environmental_warning": null,
        "top_drivers": "SWIR Alteration (B11/B12), Structural Proximity, Slope"
      },
      "geometry": {
        "type": "Polygon",
        "coordinates": [
          [
            [
              75.175,
              14.015
            ],
            [
              75.225,
              14.015
            ],
            [
              75.225,
              14.065
            ],
            [
              75.175,
              14.065
            ],
            [
              75.175,
              14.015
            ]
          ]
        ]
      }
    },
    {
      "type": "Feature",
      "properties": {
        "zone_id": "MN-ZONE-280",
        "belt_name": "Karnataka Belt",
        "state": "Karnataka",
        "latitude": 14.04,
        "longitude": 75.4,
        "prospectivity_score": 0.8433,
        "uncertainty_val": 0.0306,
        "confidence_tier": "Data-Rich",
        "confidence_percent": 96.9,
        "priority_category": "HIGH PRIORITY",
        "area_sq_km": 28.5,
        "elevation_m": 294.12041811150425,
        "slope_deg": 8.595676305762701,
        "swir_alteration_index": 1.5359125910188929,
        "ferrous_iron_index": 3.3294454649958314,
        "environmental_overlap": false,
        "protected_area_name": null,
        "environmental_warning": null,
        "top_drivers": "SWIR Alteration (B11/B12), Structural Proximity, Slope"
      },
      "geometry": {
        "type": "Polygon",
        "coordinates": [
          [
            [
              75.375,
              14.015
            ],
            [
              75.425,
              14.015
            ],
            [
              75.425,
              14.065
            ],
            [
              75.375,
              14.065
            ],
            [
              75.375,
              14.015
            ]
          ]
        ]
      }
    },
    {
      "type": "Feature",
      "properties": {
        "zone_id": "MN-ZONE-281",
        "belt_name": "Karnataka Belt",
        "state": "Karnataka",
        "latitude": 14.04,
        "longitude": 75.6,
        "prospectivity_score": 0.78,
        "uncertainty_val": 0.0258,
        "confidence_tier": "Data-Rich",
        "confidence_percent": 97.4,
        "priority_category": "HIGH PRIORITY",
        "area_sq_km": 28.5,
        "elevation_m": 405.75038210338374,
        "slope_deg": 9.602200374426669,
        "swir_alteration_index": 1.4218325363909672,
        "ferrous_iron_index": 3.321256265575793,
        "environmental_overlap": false,
        "protected_area_name": null,
        "environmental_warning": null,
        "top_drivers": "SWIR Alteration (B11/B12), Structural Proximity, Slope"
      },
      "geometry": {
        "type": "Polygon",
        "coordinates": [
          [
            [
              75.575,
              14.015
            ],
            [
              75.625,
              14.015
            ],
            [
              75.625,
              14.065
            ],
            [
              75.575,
              14.065
            ],
            [
              75.575,
              14.015
            ]
          ]
        ]
      }
    },
    {
      "type": "Feature",
      "properties": {
        "zone_id": "MN-ZONE-282",
        "belt_name": "Karnataka Belt",
        "state": "Karnataka",
        "latitude": 14.04,
        "longitude": 75.8,
        "prospectivity_score": 0.9,
        "uncertainty_val": 0.0603,
        "confidence_tier": "Data-Rich",
        "confidence_percent": 94.0,
        "priority_category": "HIGH PRIORITY",
        "area_sq_km": 28.5,
        "elevation_m": 371.7207937528401,
        "slope_deg": 7.908547492397226,
        "swir_alteration_index": 1.4617334591136477,
        "ferrous_iron_index": 3.411552789428384,
        "environmental_overlap": false,
        "protected_area_name": null,
        "environmental_warning": null,
        "top_drivers": "SWIR Alteration (B11/B12), Structural Proximity, Slope"
      },
      "geometry": {
        "type": "Polygon",
        "coordinates": [
          [
            [
              75.775,
              14.015
            ],
            [
              75.825,
              14.015
            ],
            [
              75.825,
              14.065
            ],
            [
              75.775,
              14.065
            ],
            [
              75.775,
              14.015
            ]
          ]
        ]
      }
    },
    {
      "type": "Feature",
      "properties": {
        "zone_id": "MN-ZONE-283",
        "belt_name": "Karnataka Belt",
        "state": "Karnataka",
        "latitude": 14.04,
        "longitude": 76.0,
        "prospectivity_score": 0.7533,
        "uncertainty_val": 0.1001,
        "confidence_tier": "Data-Rich",
        "confidence_percent": 90.0,
        "priority_category": "HIGH PRIORITY",
        "area_sq_km": 28.5,
        "elevation_m": 331.39923057079034,
        "slope_deg": 12.650608764665725,
        "swir_alteration_index": 1.145902853994808,
        "ferrous_iron_index": 2.6180795342788747,
        "environmental_overlap": false,
        "protected_area_name": null,
        "environmental_warning": null,
        "top_drivers": "SWIR Alteration (B11/B12), Structural Proximity, Slope"
      },
      "geometry": {
        "type": "Polygon",
        "coordinates": [
          [
            [
              75.975,
              14.015
            ],
            [
              76.025,
              14.015
            ],
            [
              76.025,
              14.065
            ],
            [
              75.975,
              14.065
            ],
            [
              75.975,
              14.015
            ]
          ]
        ]
      }
    },
    {
      "type": "Feature",
      "properties": {
        "zone_id": "MN-ZONE-284",
        "belt_name": "Karnataka Belt",
        "state": "Karnataka",
        "latitude": 14.04,
        "longitude": 76.2,
        "prospectivity_score": 0.9133,
        "uncertainty_val": 0.1316,
        "confidence_tier": "Data-Rich",
        "confidence_percent": 86.8,
        "priority_category": "HIGH PRIORITY",
        "area_sq_km": 28.5,
        "elevation_m": 410.9880047190419,
        "slope_deg": 9.820330914819863,
        "swir_alteration_index": 1.701577571534813,
        "ferrous_iron_index": 3.158994321595444,
        "environmental_overlap": false,
        "protected_area_name": null,
        "environmental_warning": null,
        "top_drivers": "SWIR Alteration (B11/B12), Structural Proximity, Slope"
      },
      "geometry": {
        "type": "Polygon",
        "coordinates": [
          [
            [
              76.175,
              14.015
            ],
            [
              76.225,
              14.015
            ],
            [
              76.225,
              14.065
            ],
            [
              76.175,
              14.065
            ],
            [
              76.175,
              14.015
            ]
          ]
        ]
      }
    },
    {
      "type": "Feature",
      "properties": {
        "zone_id": "MN-ZONE-285",
        "belt_name": "Karnataka Belt",
        "state": "Karnataka",
        "latitude": 14.04,
        "longitude": 77.0,
        "prospectivity_score": 0.8567,
        "uncertainty_val": 0.2129,
        "confidence_tier": "Data-Rich",
        "confidence_percent": 78.7,
        "priority_category": "HIGH PRIORITY",
        "area_sq_km": 28.5,
        "elevation_m": 389.6366956467351,
        "slope_deg": 10.763864955867978,
        "swir_alteration_index": 1.5494911838991454,
        "ferrous_iron_index": 2.7860256968670774,
        "environmental_overlap": false,
        "protected_area_name": null,
        "environmental_warning": null,
        "top_drivers": "SWIR Alteration (B11/B12), Structural Proximity, Slope"
      },
      "geometry": {
        "type": "Polygon",
        "coordinates": [
          [
            [
              76.975,
              14.015
            ],
            [
              77.025,
              14.015
            ],
            [
              77.025,
              14.065
            ],
            [
              76.975,
              14.065
            ],
            [
              76.975,
              14.015
            ]
          ]
        ]
      }
    },
    {
      "type": "Feature",
      "properties": {
        "zone_id": "MN-ZONE-286",
        "belt_name": "Karnataka Belt",
        "state": "Karnataka",
        "latitude": 14.04,
        "longitude": 77.2,
        "prospectivity_score": 0.77,
        "uncertainty_val": 0.2466,
        "confidence_tier": "Data-Rich",
        "confidence_percent": 75.3,
        "priority_category": "HIGH PRIORITY",
        "area_sq_km": 28.5,
        "elevation_m": 285.93677698640374,
        "slope_deg": 11.428382230767062,
        "swir_alteration_index": 1.6943510050235928,
        "ferrous_iron_index": 3.7557608119958408,
        "environmental_overlap": false,
        "protected_area_name": null,
        "environmental_warning": null,
        "top_drivers": "SWIR Alteration (B11/B12), Structural Proximity, Slope"
      },
      "geometry": {
        "type": "Polygon",
        "coordinates": [
          [
            [
              77.175,
              14.015
            ],
            [
              77.225,
              14.015
            ],
            [
              77.225,
              14.065
            ],
            [
              77.175,
              14.065
            ],
            [
              77.175,
              14.015
            ]
          ]
        ]
      }
    },
    {
      "type": "Feature",
      "properties": {
        "zone_id": "MN-ZONE-287",
        "belt_name": "Karnataka Belt",
        "state": "Karnataka",
        "latitude": 14.22,
        "longitude": 74.2,
        "prospectivity_score": 0.95,
        "uncertainty_val": 0.1612,
        "confidence_tier": "Data-Rich",
        "confidence_percent": 83.9,
        "priority_category": "HIGH PRIORITY",
        "area_sq_km": 28.5,
        "elevation_m": 366.27966180999124,
        "slope_deg": 16.727636393811267,
        "swir_alteration_index": 1.213335113065425,
        "ferrous_iron_index": 2.297991148427961,
        "environmental_overlap": false,
        "protected_area_name": null,
        "environmental_warning": null,
        "top_drivers": "SWIR Alteration (B11/B12), Structural Proximity, Slope"
      },
      "geometry": {
        "type": "Polygon",
        "coordinates": [
          [
            [
              74.175,
              14.195
            ],
            [
              74.225,
              14.195
            ],
            [
              74.225,
              14.245
            ],
            [
              74.175,
              14.245
            ],
            [
              74.175,
              14.195
            ]
          ]
        ]
      }
    },
    {
      "type": "Feature",
      "properties": {
        "zone_id": "MN-ZONE-288",
        "belt_name": "Karnataka Belt",
        "state": "Karnataka",
        "latitude": 14.22,
        "longitude": 74.4,
        "prospectivity_score": 0.87,
        "uncertainty_val": 0.1637,
        "confidence_tier": "Data-Rich",
        "confidence_percent": 83.6,
        "priority_category": "HIGH PRIORITY",
        "area_sq_km": 28.5,
        "elevation_m": 263.9492748899784,
        "slope_deg": 6.004649316352571,
        "swir_alteration_index": 1.6749829136560563,
        "ferrous_iron_index": 1.9450102335630157,
        "environmental_overlap": false,
        "protected_area_name": null,
        "environmental_warning": null,
        "top_drivers": "SWIR Alteration (B11/B12), Structural Proximity, Slope"
      },
      "geometry": {
        "type": "Polygon",
        "coordinates": [
          [
            [
              74.375,
              14.195
            ],
            [
              74.425,
              14.195
            ],
            [
              74.425,
              14.245
            ],
            [
              74.375,
              14.245
            ],
            [
              74.375,
              14.195
            ]
          ]
        ]
      }
    },
    {
      "type": "Feature",
      "properties": {
        "zone_id": "MN-ZONE-289",
        "belt_name": "Karnataka Belt",
        "state": "Karnataka",
        "latitude": 14.22,
        "longitude": 74.6,
        "prospectivity_score": 0.85,
        "uncertainty_val": 0.1695,
        "confidence_tier": "Data-Rich",
        "confidence_percent": 83.1,
        "priority_category": "HIGH PRIORITY",
        "area_sq_km": 28.5,
        "elevation_m": 143.16242845689678,
        "slope_deg": 10.40227875519226,
        "swir_alteration_index": 1.2961384438563834,
        "ferrous_iron_index": 2.4740641925472313,
        "environmental_overlap": false,
        "protected_area_name": null,
        "environmental_warning": null,
        "top_drivers": "SWIR Alteration (B11/B12), Structural Proximity, Slope"
      },
      "geometry": {
        "type": "Polygon",
        "coordinates": [
          [
            [
              74.575,
              14.195
            ],
            [
              74.625,
              14.195
            ],
            [
              74.625,
              14.245
            ],
            [
              74.575,
              14.245
            ],
            [
              74.575,
              14.195
            ]
          ]
        ]
      }
    },
    {
      "type": "Feature",
      "properties": {
        "zone_id": "MN-ZONE-290",
        "belt_name": "Karnataka Belt",
        "state": "Karnataka",
        "latitude": 14.22,
        "longitude": 74.8,
        "prospectivity_score": 0.75,
        "uncertainty_val": 0.1575,
        "confidence_tier": "Data-Rich",
        "confidence_percent": 84.3,
        "priority_category": "HIGH PRIORITY",
        "area_sq_km": 28.5,
        "elevation_m": 197.72854902094946,
        "slope_deg": 11.32476741611293,
        "swir_alteration_index": 1.842701489451089,
        "ferrous_iron_index": 1.9153290187751448,
        "environmental_overlap": false,
        "protected_area_name": null,
        "environmental_warning": null,
        "top_drivers": "SWIR Alteration (B11/B12), Structural Proximity, Slope"
      },
      "geometry": {
        "type": "Polygon",
        "coordinates": [
          [
            [
              74.775,
              14.195
            ],
            [
              74.825,
              14.195
            ],
            [
              74.825,
              14.245
            ],
            [
              74.775,
              14.245
            ],
            [
              74.775,
              14.195
            ]
          ]
        ]
      }
    },
    {
      "type": "Feature",
      "properties": {
        "zone_id": "MN-ZONE-291",
        "belt_name": "Karnataka Belt",
        "state": "Karnataka",
        "latitude": 14.22,
        "longitude": 75.6,
        "prospectivity_score": 0.83,
        "uncertainty_val": 0.0595,
        "confidence_tier": "Data-Rich",
        "confidence_percent": 94.0,
        "priority_category": "HIGH PRIORITY",
        "area_sq_km": 28.5,
        "elevation_m": 425.33844599846924,
        "slope_deg": 10.602050782892974,
        "swir_alteration_index": 1.4693603340908832,
        "ferrous_iron_index": 4.574618806254248,
        "environmental_overlap": false,
        "protected_area_name": null,
        "environmental_warning": null,
        "top_drivers": "SWIR Alteration (B11/B12), Structural Proximity, Slope"
      },
      "geometry": {
        "type": "Polygon",
        "coordinates": [
          [
            [
              75.575,
              14.195
            ],
            [
              75.625,
              14.195
            ],
            [
              75.625,
              14.245
            ],
            [
              75.575,
              14.245
            ],
            [
              75.575,
              14.195
            ]
          ]
        ]
      }
    },
    {
      "type": "Feature",
      "properties": {
        "zone_id": "MN-ZONE-292",
        "belt_name": "Karnataka Belt",
        "state": "Karnataka",
        "latitude": 14.22,
        "longitude": 75.8,
        "prospectivity_score": 0.8267,
        "uncertainty_val": 0.0811,
        "confidence_tier": "Data-Rich",
        "confidence_percent": 91.9,
        "priority_category": "HIGH PRIORITY",
        "area_sq_km": 28.5,
        "elevation_m": 513.7211644702853,
        "slope_deg": 3.558903188255078,
        "swir_alteration_index": 1.143913384532684,
        "ferrous_iron_index": 4.2593257599244385,
        "environmental_overlap": false,
        "protected_area_name": null,
        "environmental_warning": null,
        "top_drivers": "SWIR Alteration (B11/B12), Structural Proximity, Slope"
      },
      "geometry": {
        "type": "Polygon",
        "coordinates": [
          [
            [
              75.775,
              14.195
            ],
            [
              75.825,
              14.195
            ],
            [
              75.825,
              14.245
            ],
            [
              75.775,
              14.245
            ],
            [
              75.775,
              14.195
            ]
          ]
        ]
      }
    },
    {
      "type": "Feature",
      "properties": {
        "zone_id": "MN-ZONE-293",
        "belt_name": "Karnataka Belt",
        "state": "Karnataka",
        "latitude": 14.22,
        "longitude": 76.2,
        "prospectivity_score": 0.7633,
        "uncertainty_val": 0.0944,
        "confidence_tier": "Data-Rich",
        "confidence_percent": 90.6,
        "priority_category": "HIGH PRIORITY",
        "area_sq_km": 28.5,
        "elevation_m": 352.18888211648346,
        "slope_deg": 11.42628403142852,
        "swir_alteration_index": 1.5485769826123068,
        "ferrous_iron_index": 3.911806668996819,
        "environmental_overlap": false,
        "protected_area_name": null,
        "environmental_warning": null,
        "top_drivers": "SWIR Alteration (B11/B12), Structural Proximity, Slope"
      },
      "geometry": {
        "type": "Polygon",
        "coordinates": [
          [
            [
              76.175,
              14.195
            ],
            [
              76.225,
              14.195
            ],
            [
              76.225,
              14.245
            ],
            [
              76.175,
              14.245
            ],
            [
              76.175,
              14.195
            ]
          ]
        ]
      }
    },
    {
      "type": "Feature",
      "properties": {
        "zone_id": "MN-ZONE-294",
        "belt_name": "Karnataka Belt",
        "state": "Karnataka",
        "latitude": 14.22,
        "longitude": 76.4,
        "prospectivity_score": 0.8233,
        "uncertainty_val": 0.1041,
        "confidence_tier": "Data-Rich",
        "confidence_percent": 89.6,
        "priority_category": "HIGH PRIORITY",
        "area_sq_km": 28.5,
        "elevation_m": 347.166015463354,
        "slope_deg": 3.603408907795635,
        "swir_alteration_index": 1.5139759097565761,
        "ferrous_iron_index": 2.400925125127813,
        "environmental_overlap": false,
        "protected_area_name": null,
        "environmental_warning": null,
        "top_drivers": "SWIR Alteration (B11/B12), Structural Proximity, Slope"
      },
      "geometry": {
        "type": "Polygon",
        "coordinates": [
          [
            [
              76.375,
              14.195
            ],
            [
              76.425,
              14.195
            ],
            [
              76.425,
              14.245
            ],
            [
              76.375,
              14.245
            ],
            [
              76.375,
              14.195
            ]
          ]
        ]
      }
    },
    {
      "type": "Feature",
      "properties": {
        "zone_id": "MN-ZONE-295",
        "belt_name": "Karnataka Belt",
        "state": "Karnataka",
        "latitude": 14.22,
        "longitude": 76.6,
        "prospectivity_score": 0.8833,
        "uncertainty_val": 0.127,
        "confidence_tier": "Data-Rich",
        "confidence_percent": 87.3,
        "priority_category": "HIGH PRIORITY",
        "area_sq_km": 28.5,
        "elevation_m": 431.5754486652069,
        "slope_deg": 12.711130463270635,
        "swir_alteration_index": 2.126405779282861,
        "ferrous_iron_index": 2.6984673767587477,
        "environmental_overlap": false,
        "protected_area_name": null,
        "environmental_warning": null,
        "top_drivers": "SWIR Alteration (B11/B12), Structural Proximity, Slope"
      },
      "geometry": {
        "type": "Polygon",
        "coordinates": [
          [
            [
              76.575,
              14.195
            ],
            [
              76.625,
              14.195
            ],
            [
              76.625,
              14.245
            ],
            [
              76.575,
              14.245
            ],
            [
              76.575,
              14.195
            ]
          ]
        ]
      }
    },
    {
      "type": "Feature",
      "properties": {
        "zone_id": "MN-ZONE-296",
        "belt_name": "Karnataka Belt",
        "state": "Karnataka",
        "latitude": 14.22,
        "longitude": 76.8,
        "prospectivity_score": 0.8067,
        "uncertainty_val": 0.1574,
        "confidence_tier": "Data-Rich",
        "confidence_percent": 84.3,
        "priority_category": "HIGH PRIORITY",
        "area_sq_km": 28.5,
        "elevation_m": 267.6477383143023,
        "slope_deg": 9.836305193532231,
        "swir_alteration_index": 1.245309275549922,
        "ferrous_iron_index": 3.37115291749041,
        "environmental_overlap": false,
        "protected_area_name": null,
        "environmental_warning": null,
        "top_drivers": "SWIR Alteration (B11/B12), Structural Proximity, Slope"
      },
      "geometry": {
        "type": "Polygon",
        "coordinates": [
          [
            [
              76.775,
              14.195
            ],
            [
              76.825,
              14.195
            ],
            [
              76.825,
              14.245
            ],
            [
              76.775,
              14.245
            ],
            [
              76.775,
              14.195
            ]
          ]
        ]
      }
    },
    {
      "type": "Feature",
      "properties": {
        "zone_id": "MN-ZONE-297",
        "belt_name": "Karnataka Belt",
        "state": "Karnataka",
        "latitude": 14.4,
        "longitude": 75.0,
        "prospectivity_score": 0.8033,
        "uncertainty_val": 0.1418,
        "confidence_tier": "Data-Rich",
        "confidence_percent": 85.8,
        "priority_category": "HIGH PRIORITY",
        "area_sq_km": 28.5,
        "elevation_m": 478.55822343616796,
        "slope_deg": 9.743224188559799,
        "swir_alteration_index": 1.7233442740219966,
        "ferrous_iron_index": 5.337410412619694,
        "environmental_overlap": false,
        "protected_area_name": null,
        "environmental_warning": null,
        "top_drivers": "SWIR Alteration (B11/B12), Structural Proximity, Slope"
      },
      "geometry": {
        "type": "Polygon",
        "coordinates": [
          [
            [
              74.975,
              14.375
            ],
            [
              75.025,
              14.375
            ],
            [
              75.025,
              14.425
            ],
            [
              74.975,
              14.425
            ],
            [
              74.975,
              14.375
            ]
          ]
        ]
      }
    },
    {
      "type": "Feature",
      "properties": {
        "zone_id": "MN-ZONE-298",
        "belt_name": "Karnataka Belt",
        "state": "Karnataka",
        "latitude": 14.4,
        "longitude": 75.4,
        "prospectivity_score": 0.9,
        "uncertainty_val": 0.0973,
        "confidence_tier": "Data-Rich",
        "confidence_percent": 90.3,
        "priority_category": "HIGH PRIORITY",
        "area_sq_km": 28.5,
        "elevation_m": 383.50543519121715,
        "slope_deg": 12.541550976584416,
        "swir_alteration_index": 1.459425849524458,
        "ferrous_iron_index": 1.8054803034899465,
        "environmental_overlap": false,
        "protected_area_name": null,
        "environmental_warning": null,
        "top_drivers": "SWIR Alteration (B11/B12), Structural Proximity, Slope"
      },
      "geometry": {
        "type": "Polygon",
        "coordinates": [
          [
            [
              75.375,
              14.375
            ],
            [
              75.425,
              14.375
            ],
            [
              75.425,
              14.425
            ],
            [
              75.375,
              14.425
            ],
            [
              75.375,
              14.375
            ]
          ]
        ]
      }
    },
    {
      "type": "Feature",
      "properties": {
        "zone_id": "MN-ZONE-299",
        "belt_name": "Karnataka Belt",
        "state": "Karnataka",
        "latitude": 14.4,
        "longitude": 75.8,
        "prospectivity_score": 0.7867,
        "uncertainty_val": 0.0972,
        "confidence_tier": "Data-Rich",
        "confidence_percent": 90.3,
        "priority_category": "HIGH PRIORITY",
        "area_sq_km": 28.5,
        "elevation_m": 332.5352054318372,
        "slope_deg": 16.12075658872606,
        "swir_alteration_index": 1.5748962698013371,
        "ferrous_iron_index": 1.5420707081965739,
        "environmental_overlap": false,
        "protected_area_name": null,
        "environmental_warning": null,
        "top_drivers": "SWIR Alteration (B11/B12), Structural Proximity, Slope"
      },
      "geometry": {
        "type": "Polygon",
        "coordinates": [
          [
            [
              75.775,
              14.375
            ],
            [
              75.825,
              14.375
            ],
            [
              75.825,
              14.425
            ],
            [
              75.775,
              14.425
            ],
            [
              75.775,
              14.375
            ]
          ]
        ]
      }
    },
    {
      "type": "Feature",
      "properties": {
        "zone_id": "MN-ZONE-300",
        "belt_name": "Karnataka Belt",
        "state": "Karnataka",
        "latitude": 14.4,
        "longitude": 76.4,
        "prospectivity_score": 0.8733,
        "uncertainty_val": 0.072,
        "confidence_tier": "Data-Rich",
        "confidence_percent": 92.8,
        "priority_category": "HIGH PRIORITY",
        "area_sq_km": 28.5,
        "elevation_m": 483.87779704210624,
        "slope_deg": 2.0788187473899598,
        "swir_alteration_index": 1.4725778460558283,
        "ferrous_iron_index": 2.5991651757855765,
        "environmental_overlap": false,
        "protected_area_name": null,
        "environmental_warning": null,
        "top_drivers": "SWIR Alteration (B11/B12), Structural Proximity, Slope"
      },
      "geometry": {
        "type": "Polygon",
        "coordinates": [
          [
            [
              76.375,
              14.375
            ],
            [
              76.425,
              14.375
            ],
            [
              76.425,
              14.425
            ],
            [
              76.375,
              14.425
            ],
            [
              76.375,
              14.375
            ]
          ]
        ]
      }
    },
    {
      "type": "Feature",
      "properties": {
        "zone_id": "MN-ZONE-301",
        "belt_name": "Karnataka Belt",
        "state": "Karnataka",
        "latitude": 14.4,
        "longitude": 76.6,
        "prospectivity_score": 0.8433,
        "uncertainty_val": 0.1021,
        "confidence_tier": "Data-Rich",
        "confidence_percent": 89.8,
        "priority_category": "HIGH PRIORITY",
        "area_sq_km": 28.5,
        "elevation_m": 342.7142311158945,
        "slope_deg": 18.501754579767983,
        "swir_alteration_index": 1.7140282941402505,
        "ferrous_iron_index": 2.844361644442937,
        "environmental_overlap": false,
        "protected_area_name": null,
        "environmental_warning": null,
        "top_drivers": "SWIR Alteration (B11/B12), Structural Proximity, Slope"
      },
      "geometry": {
        "type": "Polygon",
        "coordinates": [
          [
            [
              76.575,
              14.375
            ],
            [
              76.625,
              14.375
            ],
            [
              76.625,
              14.425
            ],
            [
              76.575,
              14.425
            ],
            [
              76.575,
              14.375
            ]
          ]
        ]
      }
    },
    {
      "type": "Feature",
      "properties": {
        "zone_id": "MN-ZONE-302",
        "belt_name": "Karnataka Belt",
        "state": "Karnataka",
        "latitude": 14.4,
        "longitude": 76.8,
        "prospectivity_score": 0.8233,
        "uncertainty_val": 0.1381,
        "confidence_tier": "Data-Rich",
        "confidence_percent": 86.2,
        "priority_category": "HIGH PRIORITY",
        "area_sq_km": 28.5,
        "elevation_m": 411.0511002359014,
        "slope_deg": 4.067118369431248,
        "swir_alteration_index": 1.66165930593919,
        "ferrous_iron_index": 2.6293774796152287,
        "environmental_overlap": false,
        "protected_area_name": null,
        "environmental_warning": null,
        "top_drivers": "SWIR Alteration (B11/B12), Structural Proximity, Slope"
      },
      "geometry": {
        "type": "Polygon",
        "coordinates": [
          [
            [
              76.775,
              14.375
            ],
            [
              76.825,
              14.375
            ],
            [
              76.825,
              14.425
            ],
            [
              76.775,
              14.425
            ],
            [
              76.775,
              14.375
            ]
          ]
        ]
      }
    },
    {
      "type": "Feature",
      "properties": {
        "zone_id": "MN-ZONE-303",
        "belt_name": "Karnataka Belt",
        "state": "Karnataka",
        "latitude": 14.4,
        "longitude": 77.0,
        "prospectivity_score": 0.78,
        "uncertainty_val": 0.1664,
        "confidence_tier": "Data-Rich",
        "confidence_percent": 83.4,
        "priority_category": "HIGH PRIORITY",
        "area_sq_km": 28.5,
        "elevation_m": 318.7163526948478,
        "slope_deg": 14.63913702265108,
        "swir_alteration_index": 1.6860203543151466,
        "ferrous_iron_index": 2.0422499700485095,
        "environmental_overlap": false,
        "protected_area_name": null,
        "environmental_warning": null,
        "top_drivers": "SWIR Alteration (B11/B12), Structural Proximity, Slope"
      },
      "geometry": {
        "type": "Polygon",
        "coordinates": [
          [
            [
              76.975,
              14.375
            ],
            [
              77.025,
              14.375
            ],
            [
              77.025,
              14.425
            ],
            [
              76.975,
              14.425
            ],
            [
              76.975,
              14.375
            ]
          ]
        ]
      }
    },
    {
      "type": "Feature",
      "properties": {
        "zone_id": "MN-ZONE-304",
        "belt_name": "Karnataka Belt",
        "state": "Karnataka",
        "latitude": 14.4,
        "longitude": 77.2,
        "prospectivity_score": 0.7833,
        "uncertainty_val": 0.1923,
        "confidence_tier": "Data-Rich",
        "confidence_percent": 80.8,
        "priority_category": "HIGH PRIORITY",
        "area_sq_km": 28.5,
        "elevation_m": 425.52429989905727,
        "slope_deg": 9.113834248411443,
        "swir_alteration_index": 1.5788128985363128,
        "ferrous_iron_index": 4.082293743768667,
        "environmental_overlap": false,
        "protected_area_name": null,
        "environmental_warning": null,
        "top_drivers": "SWIR Alteration (B11/B12), Structural Proximity, Slope"
      },
      "geometry": {
        "type": "Polygon",
        "coordinates": [
          [
            [
              77.175,
              14.375
            ],
            [
              77.225,
              14.375
            ],
            [
              77.225,
              14.425
            ],
            [
              77.175,
              14.425
            ],
            [
              77.175,
              14.375
            ]
          ]
        ]
      }
    },
    {
      "type": "Feature",
      "properties": {
        "zone_id": "MN-ZONE-305",
        "belt_name": "Karnataka Belt",
        "state": "Karnataka",
        "latitude": 14.58,
        "longitude": 74.2,
        "prospectivity_score": 0.94,
        "uncertainty_val": 0.087,
        "confidence_tier": "Data-Rich",
        "confidence_percent": 91.3,
        "priority_category": "HIGH PRIORITY",
        "area_sq_km": 28.5,
        "elevation_m": 491.13568617456247,
        "slope_deg": 13.534055213546274,
        "swir_alteration_index": 1.7631363597161027,
        "ferrous_iron_index": 2.0076392935772818,
        "environmental_overlap": false,
        "protected_area_name": null,
        "environmental_warning": null,
        "top_drivers": "SWIR Alteration (B11/B12), Structural Proximity, Slope"
      },
      "geometry": {
        "type": "Polygon",
        "coordinates": [
          [
            [
              74.175,
              14.555
            ],
            [
              74.225,
              14.555
            ],
            [
              74.225,
              14.605
            ],
            [
              74.175,
              14.605
            ],
            [
              74.175,
              14.555
            ]
          ]
        ]
      }
    },
    {
      "type": "Feature",
      "properties": {
        "zone_id": "MN-ZONE-306",
        "belt_name": "Karnataka Belt",
        "state": "Karnataka",
        "latitude": 14.58,
        "longitude": 74.6,
        "prospectivity_score": 0.9433,
        "uncertainty_val": 0.0951,
        "confidence_tier": "Data-Rich",
        "confidence_percent": 90.5,
        "priority_category": "HIGH PRIORITY",
        "area_sq_km": 28.5,
        "elevation_m": 357.9047802150279,
        "slope_deg": 8.703297862699971,
        "swir_alteration_index": 2.1362596086157106,
        "ferrous_iron_index": 2.385787488554346,
        "environmental_overlap": false,
        "protected_area_name": null,
        "environmental_warning": null,
        "top_drivers": "SWIR Alteration (B11/B12), Structural Proximity, Slope"
      },
      "geometry": {
        "type": "Polygon",
        "coordinates": [
          [
            [
              74.575,
              14.555
            ],
            [
              74.625,
              14.555
            ],
            [
              74.625,
              14.605
            ],
            [
              74.575,
              14.605
            ],
            [
              74.575,
              14.555
            ]
          ]
        ]
      }
    },
    {
      "type": "Feature",
      "properties": {
        "zone_id": "MN-ZONE-307",
        "belt_name": "Karnataka Belt",
        "state": "Karnataka",
        "latitude": 14.58,
        "longitude": 74.8,
        "prospectivity_score": 0.8867,
        "uncertainty_val": 0.1047,
        "confidence_tier": "Data-Rich",
        "confidence_percent": 89.5,
        "priority_category": "HIGH PRIORITY",
        "area_sq_km": 28.5,
        "elevation_m": 531.0302610004162,
        "slope_deg": 11.796712334263791,
        "swir_alteration_index": 1.2920683669187691,
        "ferrous_iron_index": 2.2230835665899615,
        "environmental_overlap": false,
        "protected_area_name": null,
        "environmental_warning": null,
        "top_drivers": "SWIR Alteration (B11/B12), Structural Proximity, Slope"
      },
      "geometry": {
        "type": "Polygon",
        "coordinates": [
          [
            [
              74.775,
              14.555
            ],
            [
              74.825,
              14.555
            ],
            [
              74.825,
              14.605
            ],
            [
              74.775,
              14.605
            ],
            [
              74.775,
              14.555
            ]
          ]
        ]
      }
    },
    {
      "type": "Feature",
      "properties": {
        "zone_id": "MN-ZONE-308",
        "belt_name": "Karnataka Belt",
        "state": "Karnataka",
        "latitude": 14.58,
        "longitude": 75.0,
        "prospectivity_score": 0.7767,
        "uncertainty_val": 0.1275,
        "confidence_tier": "Data-Rich",
        "confidence_percent": 87.3,
        "priority_category": "HIGH PRIORITY",
        "area_sq_km": 28.5,
        "elevation_m": 204.12416074693064,
        "slope_deg": 11.058108847147848,
        "swir_alteration_index": 2.021715196359706,
        "ferrous_iron_index": 2.418517521293778,
        "environmental_overlap": false,
        "protected_area_name": null,
        "environmental_warning": null,
        "top_drivers": "SWIR Alteration (B11/B12), Structural Proximity, Slope"
      },
      "geometry": {
        "type": "Polygon",
        "coordinates": [
          [
            [
              74.975,
              14.555
            ],
            [
              75.025,
              14.555
            ],
            [
              75.025,
              14.605
            ],
            [
              74.975,
              14.605
            ],
            [
              74.975,
              14.555
            ]
          ]
        ]
      }
    },
    {
      "type": "Feature",
      "properties": {
        "zone_id": "MN-ZONE-309",
        "belt_name": "Karnataka Belt",
        "state": "Karnataka",
        "latitude": 14.58,
        "longitude": 75.6,
        "prospectivity_score": 0.7533,
        "uncertainty_val": 0.1208,
        "confidence_tier": "Data-Rich",
        "confidence_percent": 87.9,
        "priority_category": "HIGH PRIORITY",
        "area_sq_km": 28.5,
        "elevation_m": 331.7603012617443,
        "slope_deg": 19.11191023223131,
        "swir_alteration_index": 1.1309438350356127,
        "ferrous_iron_index": 2.9887123269919704,
        "environmental_overlap": false,
        "protected_area_name": null,
        "environmental_warning": null,
        "top_drivers": "SWIR Alteration (B11/B12), Structural Proximity, Slope"
      },
      "geometry": {
        "type": "Polygon",
        "coordinates": [
          [
            [
              75.575,
              14.555
            ],
            [
              75.625,
              14.555
            ],
            [
              75.625,
              14.605
            ],
            [
              75.575,
              14.605
            ],
            [
              75.575,
              14.555
            ]
          ]
        ]
      }
    },
    {
      "type": "Feature",
      "properties": {
        "zone_id": "MN-ZONE-310",
        "belt_name": "Karnataka Belt",
        "state": "Karnataka",
        "latitude": 14.58,
        "longitude": 75.8,
        "prospectivity_score": 0.7833,
        "uncertainty_val": 0.0805,
        "confidence_tier": "Data-Rich",
        "confidence_percent": 91.9,
        "priority_category": "HIGH PRIORITY",
        "area_sq_km": 28.5,
        "elevation_m": 378.11920179102754,
        "slope_deg": 18.246525581602057,
        "swir_alteration_index": 2.1625877240126017,
        "ferrous_iron_index": 2.423619086843618,
        "environmental_overlap": false,
        "protected_area_name": null,
        "environmental_warning": null,
        "top_drivers": "SWIR Alteration (B11/B12), Structural Proximity, Slope"
      },
      "geometry": {
        "type": "Polygon",
        "coordinates": [
          [
            [
              75.775,
              14.555
            ],
            [
              75.825,
              14.555
            ],
            [
              75.825,
              14.605
            ],
            [
              75.775,
              14.605
            ],
            [
              75.775,
              14.555
            ]
          ]
        ]
      }
    },
    {
      "type": "Feature",
      "properties": {
        "zone_id": "MN-ZONE-311",
        "belt_name": "Karnataka Belt",
        "state": "Karnataka",
        "latitude": 14.58,
        "longitude": 76.2,
        "prospectivity_score": 0.81,
        "uncertainty_val": 0.0202,
        "confidence_tier": "Data-Rich",
        "confidence_percent": 98.0,
        "priority_category": "HIGH PRIORITY",
        "area_sq_km": 28.5,
        "elevation_m": 173.18689672932817,
        "slope_deg": 23.467647565272884,
        "swir_alteration_index": 1.1455076335369092,
        "ferrous_iron_index": 4.711196390927426,
        "environmental_overlap": false,
        "protected_area_name": null,
        "environmental_warning": null,
        "top_drivers": "SWIR Alteration (B11/B12), Structural Proximity, Slope"
      },
      "geometry": {
        "type": "Polygon",
        "coordinates": [
          [
            [
              76.175,
              14.555
            ],
            [
              76.225,
              14.555
            ],
            [
              76.225,
              14.605
            ],
            [
              76.175,
              14.605
            ],
            [
              76.175,
              14.555
            ]
          ]
        ]
      }
    },
    {
      "type": "Feature",
      "properties": {
        "zone_id": "MN-ZONE-312",
        "belt_name": "Karnataka Belt",
        "state": "Karnataka",
        "latitude": 14.58,
        "longitude": 76.8,
        "prospectivity_score": 0.8567,
        "uncertainty_val": 0.1134,
        "confidence_tier": "Data-Rich",
        "confidence_percent": 88.7,
        "priority_category": "HIGH PRIORITY",
        "area_sq_km": 28.5,
        "elevation_m": 220.32673025799605,
        "slope_deg": 9.854412608481876,
        "swir_alteration_index": 1.5804270536561114,
        "ferrous_iron_index": 2.880258370154877,
        "environmental_overlap": false,
        "protected_area_name": null,
        "environmental_warning": null,
        "top_drivers": "SWIR Alteration (B11/B12), Structural Proximity, Slope"
      },
      "geometry": {
        "type": "Polygon",
        "coordinates": [
          [
            [
              76.775,
              14.555
            ],
            [
              76.825,
              14.555
            ],
            [
              76.825,
              14.605
            ],
            [
              76.775,
              14.605
            ],
            [
              76.775,
              14.555
            ]
          ]
        ]
      }
    },
    {
      "type": "Feature",
      "properties": {
        "zone_id": "MN-ZONE-313",
        "belt_name": "Karnataka Belt",
        "state": "Karnataka",
        "latitude": 14.58,
        "longitude": 77.2,
        "prospectivity_score": 0.8267,
        "uncertainty_val": 0.1673,
        "confidence_tier": "Data-Rich",
        "confidence_percent": 83.3,
        "priority_category": "HIGH PRIORITY",
        "area_sq_km": 28.5,
        "elevation_m": 372.9094756212364,
        "slope_deg": 6.967235522064666,
        "swir_alteration_index": 2.2155555323092067,
        "ferrous_iron_index": 2.4399402816127163,
        "environmental_overlap": false,
        "protected_area_name": null,
        "environmental_warning": null,
        "top_drivers": "SWIR Alteration (B11/B12), Structural Proximity, Slope"
      },
      "geometry": {
        "type": "Polygon",
        "coordinates": [
          [
            [
              77.175,
              14.555
            ],
            [
              77.225,
              14.555
            ],
            [
              77.225,
              14.605
            ],
            [
              77.175,
              14.605
            ],
            [
              77.175,
              14.555
            ]
          ]
        ]
      }
    },
    {
      "type": "Feature",
      "properties": {
        "zone_id": "MN-ZONE-314",
        "belt_name": "Karnataka Belt",
        "state": "Karnataka",
        "latitude": 14.76,
        "longitude": 74.6,
        "prospectivity_score": 0.93,
        "uncertainty_val": 0.0579,
        "confidence_tier": "Data-Rich",
        "confidence_percent": 94.2,
        "priority_category": "HIGH PRIORITY",
        "area_sq_km": 28.5,
        "elevation_m": 274.92796655071874,
        "slope_deg": 13.56719957980149,
        "swir_alteration_index": 1.0980953702397227,
        "ferrous_iron_index": 3.0941426991387555,
        "environmental_overlap": false,
        "protected_area_name": null,
        "environmental_warning": null,
        "top_drivers": "SWIR Alteration (B11/B12), Structural Proximity, Slope"
      },
      "geometry": {
        "type": "Polygon",
        "coordinates": [
          [
            [
              74.575,
              14.735
            ],
            [
              74.625,
              14.735
            ],
            [
              74.625,
              14.785
            ],
            [
              74.575,
              14.785
            ],
            [
              74.575,
              14.735
            ]
          ]
        ]
      }
    },
    {
      "type": "Feature",
      "properties": {
        "zone_id": "MN-ZONE-315",
        "belt_name": "Karnataka Belt",
        "state": "Karnataka",
        "latitude": 14.76,
        "longitude": 74.8,
        "prospectivity_score": 0.78,
        "uncertainty_val": 0.0725,
        "confidence_tier": "Data-Rich",
        "confidence_percent": 92.7,
        "priority_category": "HIGH PRIORITY",
        "area_sq_km": 28.5,
        "elevation_m": 452.70458521777607,
        "slope_deg": 7.161305527416513,
        "swir_alteration_index": 1.4280445613345907,
        "ferrous_iron_index": 3.8167576292641585,
        "environmental_overlap": false,
        "protected_area_name": null,
        "environmental_warning": null,
        "top_drivers": "SWIR Alteration (B11/B12), Structural Proximity, Slope"
      },
      "geometry": {
        "type": "Polygon",
        "coordinates": [
          [
            [
              74.775,
              14.735
            ],
            [
              74.825,
              14.735
            ],
            [
              74.825,
              14.785
            ],
            [
              74.775,
              14.785
            ],
            [
              74.775,
              14.735
            ]
          ]
        ]
      }
    },
    {
      "type": "Feature",
      "properties": {
        "zone_id": "MN-ZONE-316",
        "belt_name": "Karnataka Belt",
        "state": "Karnataka",
        "latitude": 14.76,
        "longitude": 75.0,
        "prospectivity_score": 0.9733,
        "uncertainty_val": 0.1025,
        "confidence_tier": "Data-Rich",
        "confidence_percent": 89.7,
        "priority_category": "HIGH PRIORITY",
        "area_sq_km": 28.5,
        "elevation_m": 438.239708978998,
        "slope_deg": 14.623657045087112,
        "swir_alteration_index": 1.5179863456473868,
        "ferrous_iron_index": 3.3149067545378963,
        "environmental_overlap": false,
        "protected_area_name": null,
        "environmental_warning": null,
        "top_drivers": "SWIR Alteration (B11/B12), Structural Proximity, Slope"
      },
      "geometry": {
        "type": "Polygon",
        "coordinates": [
          [
            [
              74.975,
              14.735
            ],
            [
              75.025,
              14.735
            ],
            [
              75.025,
              14.785
            ],
            [
              74.975,
              14.785
            ],
            [
              74.975,
              14.735
            ]
          ]
        ]
      }
    },
    {
      "type": "Feature",
      "properties": {
        "zone_id": "MN-ZONE-317",
        "belt_name": "Karnataka Belt",
        "state": "Karnataka",
        "latitude": 14.76,
        "longitude": 75.2,
        "prospectivity_score": 0.82,
        "uncertainty_val": 0.1384,
        "confidence_tier": "Data-Rich",
        "confidence_percent": 86.2,
        "priority_category": "HIGH PRIORITY",
        "area_sq_km": 28.5,
        "elevation_m": 362.8451067246293,
        "slope_deg": 7.339129125044744,
        "swir_alteration_index": 1.32317968317548,
        "ferrous_iron_index": 2.7946236049413984,
        "environmental_overlap": false,
        "protected_area_name": null,
        "environmental_warning": null,
        "top_drivers": "SWIR Alteration (B11/B12), Structural Proximity, Slope"
      },
      "geometry": {
        "type": "Polygon",
        "coordinates": [
          [
            [
              75.175,
              14.735
            ],
            [
              75.225,
              14.735
            ],
            [
              75.225,
              14.785
            ],
            [
              75.175,
              14.785
            ],
            [
              75.175,
              14.735
            ]
          ]
        ]
      }
    },
    {
      "type": "Feature",
      "properties": {
        "zone_id": "MN-ZONE-318",
        "belt_name": "Karnataka Belt",
        "state": "Karnataka",
        "latitude": 14.76,
        "longitude": 75.4,
        "prospectivity_score": 0.79,
        "uncertainty_val": 0.1609,
        "confidence_tier": "Data-Rich",
        "confidence_percent": 83.9,
        "priority_category": "HIGH PRIORITY",
        "area_sq_km": 28.5,
        "elevation_m": 267.47080391691355,
        "slope_deg": 7.781867762728364,
        "swir_alteration_index": 1.523679497891687,
        "ferrous_iron_index": 2.7129769890247273,
        "environmental_overlap": false,
        "protected_area_name": null,
        "environmental_warning": null,
        "top_drivers": "SWIR Alteration (B11/B12), Structural Proximity, Slope"
      },
      "geometry": {
        "type": "Polygon",
        "coordinates": [
          [
            [
              75.375,
              14.735
            ],
            [
              75.425,
              14.735
            ],
            [
              75.425,
              14.785
            ],
            [
              75.375,
              14.785
            ],
            [
              75.375,
              14.735
            ]
          ]
        ]
      }
    },
    {
      "type": "Feature",
      "properties": {
        "zone_id": "MN-ZONE-319",
        "belt_name": "Karnataka Belt",
        "state": "Karnataka",
        "latitude": 14.76,
        "longitude": 76.0,
        "prospectivity_score": 0.9367,
        "uncertainty_val": 0.039,
        "confidence_tier": "Data-Rich",
        "confidence_percent": 96.1,
        "priority_category": "HIGH PRIORITY",
        "area_sq_km": 28.5,
        "elevation_m": 393.71130079207325,
        "slope_deg": 18.248277366791896,
        "swir_alteration_index": 1.0105085703950745,
        "ferrous_iron_index": 4.033307541131607,
        "environmental_overlap": false,
        "protected_area_name": null,
        "environmental_warning": null,
        "top_drivers": "SWIR Alteration (B11/B12), Structural Proximity, Slope"
      },
      "geometry": {
        "type": "Polygon",
        "coordinates": [
          [
            [
              75.975,
              14.735
            ],
            [
              76.025,
              14.735
            ],
            [
              76.025,
              14.785
            ],
            [
              75.975,
              14.785
            ],
            [
              75.975,
              14.735
            ]
          ]
        ]
      }
    },
    {
      "type": "Feature",
      "properties": {
        "zone_id": "MN-ZONE-320",
        "belt_name": "Karnataka Belt",
        "state": "Karnataka",
        "latitude": 14.76,
        "longitude": 76.4,
        "prospectivity_score": 0.85,
        "uncertainty_val": 0.0447,
        "confidence_tier": "Data-Rich",
        "confidence_percent": 95.5,
        "priority_category": "HIGH PRIORITY",
        "area_sq_km": 28.5,
        "elevation_m": 204.22086119851505,
        "slope_deg": 10.566826366953876,
        "swir_alteration_index": 1.3203441429817935,
        "ferrous_iron_index": 3.9747691507129543,
        "environmental_overlap": false,
        "protected_area_name": null,
        "environmental_warning": null,
        "top_drivers": "SWIR Alteration (B11/B12), Structural Proximity, Slope"
      },
      "geometry": {
        "type": "Polygon",
        "coordinates": [
          [
            [
              76.375,
              14.735
            ],
            [
              76.425,
              14.735
            ],
            [
              76.425,
              14.785
            ],
            [
              76.375,
              14.785
            ],
            [
              76.375,
              14.735
            ]
          ]
        ]
      }
    },
    {
      "type": "Feature",
      "properties": {
        "zone_id": "MN-ZONE-321",
        "belt_name": "Karnataka Belt",
        "state": "Karnataka",
        "latitude": 14.76,
        "longitude": 76.6,
        "prospectivity_score": 0.8933,
        "uncertainty_val": 0.0648,
        "confidence_tier": "Data-Rich",
        "confidence_percent": 93.5,
        "priority_category": "HIGH PRIORITY",
        "area_sq_km": 28.5,
        "elevation_m": 417.63570476749084,
        "slope_deg": 9.83040795665993,
        "swir_alteration_index": 1.2248899946516583,
        "ferrous_iron_index": 3.1528305039027535,
        "environmental_overlap": false,
        "protected_area_name": null,
        "environmental_warning": null,
        "top_drivers": "SWIR Alteration (B11/B12), Structural Proximity, Slope"
      },
      "geometry": {
        "type": "Polygon",
        "coordinates": [
          [
            [
              76.575,
              14.735
            ],
            [
              76.625,
              14.735
            ],
            [
              76.625,
              14.785
            ],
            [
              76.575,
              14.785
            ],
            [
              76.575,
              14.735
            ]
          ]
        ]
      }
    },
    {
      "type": "Feature",
      "properties": {
        "zone_id": "MN-ZONE-322",
        "belt_name": "Karnataka Belt",
        "state": "Karnataka",
        "latitude": 14.76,
        "longitude": 77.2,
        "prospectivity_score": 0.8367,
        "uncertainty_val": 0.1475,
        "confidence_tier": "Data-Rich",
        "confidence_percent": 85.2,
        "priority_category": "HIGH PRIORITY",
        "area_sq_km": 28.5,
        "elevation_m": 526.1670232136878,
        "slope_deg": 9.229225039911158,
        "swir_alteration_index": 1.3496506656266523,
        "ferrous_iron_index": 3.2461592544781337,
        "environmental_overlap": false,
        "protected_area_name": null,
        "environmental_warning": null,
        "top_drivers": "SWIR Alteration (B11/B12), Structural Proximity, Slope"
      },
      "geometry": {
        "type": "Polygon",
        "coordinates": [
          [
            [
              77.175,
              14.735
            ],
            [
              77.225,
              14.735
            ],
            [
              77.225,
              14.785
            ],
            [
              77.175,
              14.785
            ],
            [
              77.175,
              14.735
            ]
          ]
        ]
      }
    },
    {
      "type": "Feature",
      "properties": {
        "zone_id": "MN-ZONE-323",
        "belt_name": "Karnataka Belt",
        "state": "Karnataka",
        "latitude": 14.94,
        "longitude": 74.2,
        "prospectivity_score": 0.9167,
        "uncertainty_val": 0.0154,
        "confidence_tier": "Data-Rich",
        "confidence_percent": 98.5,
        "priority_category": "HIGH PRIORITY",
        "area_sq_km": 28.5,
        "elevation_m": 261.428620020031,
        "slope_deg": 7.188244217044829,
        "swir_alteration_index": 1.7189736693578708,
        "ferrous_iron_index": 2.570760545097075,
        "environmental_overlap": false,
        "protected_area_name": null,
        "environmental_warning": null,
        "top_drivers": "SWIR Alteration (B11/B12), Structural Proximity, Slope"
      },
      "geometry": {
        "type": "Polygon",
        "coordinates": [
          [
            [
              74.175,
              14.915
            ],
            [
              74.225,
              14.915
            ],
            [
              74.225,
              14.965
            ],
            [
              74.175,
              14.965
            ],
            [
              74.175,
              14.915
            ]
          ]
        ]
      }
    },
    {
      "type": "Feature",
      "properties": {
        "zone_id": "MN-ZONE-324",
        "belt_name": "Karnataka Belt",
        "state": "Karnataka",
        "latitude": 14.94,
        "longitude": 74.4,
        "prospectivity_score": 0.9133,
        "uncertainty_val": 0.0318,
        "confidence_tier": "Data-Rich",
        "confidence_percent": 96.8,
        "priority_category": "HIGH PRIORITY",
        "area_sq_km": 28.5,
        "elevation_m": 393.6152981508036,
        "slope_deg": 12.695678108804522,
        "swir_alteration_index": 1.7099688058463332,
        "ferrous_iron_index": 2.743274853973721,
        "environmental_overlap": false,
        "protected_area_name": null,
        "environmental_warning": null,
        "top_drivers": "SWIR Alteration (B11/B12), Structural Proximity, Slope"
      },
      "geometry": {
        "type": "Polygon",
        "coordinates": [
          [
            [
              74.375,
              14.915
            ],
            [
              74.425,
              14.915
            ],
            [
              74.425,
              14.965
            ],
            [
              74.375,
              14.965
            ],
            [
              74.375,
              14.915
            ]
          ]
        ]
      }
    },
    {
      "type": "Feature",
      "properties": {
        "zone_id": "MN-ZONE-325",
        "belt_name": "Karnataka Belt",
        "state": "Karnataka",
        "latitude": 14.94,
        "longitude": 74.6,
        "prospectivity_score": 0.87,
        "uncertainty_val": 0.0208,
        "confidence_tier": "Data-Rich",
        "confidence_percent": 97.9,
        "priority_category": "HIGH PRIORITY",
        "area_sq_km": 28.5,
        "elevation_m": 317.82472960097914,
        "slope_deg": 9.853835338710574,
        "swir_alteration_index": 1.3422694469228102,
        "ferrous_iron_index": 2.9539970339985473,
        "environmental_overlap": false,
        "protected_area_name": null,
        "environmental_warning": null,
        "top_drivers": "SWIR Alteration (B11/B12), Structural Proximity, Slope"
      },
      "geometry": {
        "type": "Polygon",
        "coordinates": [
          [
            [
              74.575,
              14.915
            ],
            [
              74.625,
              14.915
            ],
            [
              74.625,
              14.965
            ],
            [
              74.575,
              14.965
            ],
            [
              74.575,
              14.915
            ]
          ]
        ]
      }
    },
    {
      "type": "Feature",
      "properties": {
        "zone_id": "MN-ZONE-326",
        "belt_name": "Karnataka Belt",
        "state": "Karnataka",
        "latitude": 14.94,
        "longitude": 75.0,
        "prospectivity_score": 0.91,
        "uncertainty_val": 0.0866,
        "confidence_tier": "Data-Rich",
        "confidence_percent": 91.3,
        "priority_category": "HIGH PRIORITY",
        "area_sq_km": 28.5,
        "elevation_m": 289.9661340993513,
        "slope_deg": 12.670927445319359,
        "swir_alteration_index": 1.1057169438046952,
        "ferrous_iron_index": 2.2063895906241533,
        "environmental_overlap": false,
        "protected_area_name": null,
        "environmental_warning": null,
        "top_drivers": "SWIR Alteration (B11/B12), Structural Proximity, Slope"
      },
      "geometry": {
        "type": "Polygon",
        "coordinates": [
          [
            [
              74.975,
              14.915
            ],
            [
              75.025,
              14.915
            ],
            [
              75.025,
              14.965
            ],
            [
              74.975,
              14.965
            ],
            [
              74.975,
              14.915
            ]
          ]
        ]
      }
    },
    {
      "type": "Feature",
      "properties": {
        "zone_id": "MN-ZONE-327",
        "belt_name": "Karnataka Belt",
        "state": "Karnataka",
        "latitude": 14.94,
        "longitude": 76.0,
        "prospectivity_score": 0.7767,
        "uncertainty_val": 0.0627,
        "confidence_tier": "Data-Rich",
        "confidence_percent": 93.7,
        "priority_category": "HIGH PRIORITY",
        "area_sq_km": 28.5,
        "elevation_m": 274.54686459854577,
        "slope_deg": 8.609528042332808,
        "swir_alteration_index": 1.2171892676140579,
        "ferrous_iron_index": 1.8544307878376762,
        "environmental_overlap": false,
        "protected_area_name": null,
        "environmental_warning": null,
        "top_drivers": "SWIR Alteration (B11/B12), Structural Proximity, Slope"
      },
      "geometry": {
        "type": "Polygon",
        "coordinates": [
          [
            [
              75.975,
              14.915
            ],
            [
              76.025,
              14.915
            ],
            [
              76.025,
              14.965
            ],
            [
              75.975,
              14.965
            ],
            [
              75.975,
              14.915
            ]
          ]
        ]
      }
    },
    {
      "type": "Feature",
      "properties": {
        "zone_id": "MN-ZONE-328",
        "belt_name": "Karnataka Belt",
        "state": "Karnataka",
        "latitude": 15.12,
        "longitude": 74.2,
        "prospectivity_score": 0.78,
        "uncertainty_val": 0.0045,
        "confidence_tier": "Data-Rich",
        "confidence_percent": 99.5,
        "priority_category": "HIGH PRIORITY",
        "area_sq_km": 28.5,
        "elevation_m": 317.5142073501454,
        "slope_deg": 13.868338540846807,
        "swir_alteration_index": 1.5382570886667217,
        "ferrous_iron_index": 1.8176238743912223,
        "environmental_overlap": false,
        "protected_area_name": null,
        "environmental_warning": null,
        "top_drivers": "SWIR Alteration (B11/B12), Structural Proximity, Slope"
      },
      "geometry": {
        "type": "Polygon",
        "coordinates": [
          [
            [
              74.175,
              15.095
            ],
            [
              74.225,
              15.095
            ],
            [
              74.225,
              15.145
            ],
            [
              74.175,
              15.145
            ],
            [
              74.175,
              15.095
            ]
          ]
        ]
      }
    },
    {
      "type": "Feature",
      "properties": {
        "zone_id": "MN-ZONE-329",
        "belt_name": "Karnataka Belt",
        "state": "Karnataka",
        "latitude": 15.12,
        "longitude": 74.4,
        "prospectivity_score": 0.75,
        "uncertainty_val": 0.0258,
        "confidence_tier": "Data-Rich",
        "confidence_percent": 97.4,
        "priority_category": "HIGH PRIORITY",
        "area_sq_km": 28.5,
        "elevation_m": 376.40290013959947,
        "slope_deg": 5.284855817297964,
        "swir_alteration_index": 1.4783701990122404,
        "ferrous_iron_index": 3.310807979000138,
        "environmental_overlap": false,
        "protected_area_name": null,
        "environmental_warning": null,
        "top_drivers": "SWIR Alteration (B11/B12), Structural Proximity, Slope"
      },
      "geometry": {
        "type": "Polygon",
        "coordinates": [
          [
            [
              74.375,
              15.095
            ],
            [
              74.425,
              15.095
            ],
            [
              74.425,
              15.145
            ],
            [
              74.375,
              15.145
            ],
            [
              74.375,
              15.095
            ]
          ]
        ]
      }
    },
    {
      "type": "Feature",
      "properties": {
        "zone_id": "MN-ZONE-330",
        "belt_name": "Karnataka Belt",
        "state": "Karnataka",
        "latitude": 15.12,
        "longitude": 74.8,
        "prospectivity_score": 0.9133,
        "uncertainty_val": 0.0446,
        "confidence_tier": "Data-Rich",
        "confidence_percent": 95.5,
        "priority_category": "HIGH PRIORITY",
        "area_sq_km": 28.5,
        "elevation_m": 363.9893423470318,
        "slope_deg": 12.58289515374255,
        "swir_alteration_index": 1.4038232383270188,
        "ferrous_iron_index": 2.9390350483945804,
        "environmental_overlap": false,
        "protected_area_name": null,
        "environmental_warning": null,
        "top_drivers": "SWIR Alteration (B11/B12), Structural Proximity, Slope"
      },
      "geometry": {
        "type": "Polygon",
        "coordinates": [
          [
            [
              74.775,
              15.095
            ],
            [
              74.825,
              15.095
            ],
            [
              74.825,
              15.145
            ],
            [
              74.775,
              15.145
            ],
            [
              74.775,
              15.095
            ]
          ]
        ]
      }
    },
    {
      "type": "Feature",
      "properties": {
        "zone_id": "MN-ZONE-331",
        "belt_name": "Karnataka Belt",
        "state": "Karnataka",
        "latitude": 15.12,
        "longitude": 75.0,
        "prospectivity_score": 0.7733,
        "uncertainty_val": 0.0849,
        "confidence_tier": "Data-Rich",
        "confidence_percent": 91.5,
        "priority_category": "HIGH PRIORITY",
        "area_sq_km": 28.5,
        "elevation_m": 460.77210959824487,
        "slope_deg": 12.549709667767264,
        "swir_alteration_index": 1.3086317649567825,
        "ferrous_iron_index": 3.9784996486113453,
        "environmental_overlap": false,
        "protected_area_name": null,
        "environmental_warning": null,
        "top_drivers": "SWIR Alteration (B11/B12), Structural Proximity, Slope"
      },
      "geometry": {
        "type": "Polygon",
        "coordinates": [
          [
            [
              74.975,
              15.095
            ],
            [
              75.025,
              15.095
            ],
            [
              75.025,
              15.145
            ],
            [
              74.975,
              15.145
            ],
            [
              74.975,
              15.095
            ]
          ]
        ]
      }
    },
    {
      "type": "Feature",
      "properties": {
        "zone_id": "MN-ZONE-332",
        "belt_name": "Karnataka Belt",
        "state": "Karnataka",
        "latitude": 15.12,
        "longitude": 75.4,
        "prospectivity_score": 0.82,
        "uncertainty_val": 0.167,
        "confidence_tier": "Data-Rich",
        "confidence_percent": 83.3,
        "priority_category": "HIGH PRIORITY",
        "area_sq_km": 28.5,
        "elevation_m": 497.81212260994846,
        "slope_deg": 3.32921445851904,
        "swir_alteration_index": 2.112584102287652,
        "ferrous_iron_index": 2.1049731569933385,
        "environmental_overlap": false,
        "protected_area_name": null,
        "environmental_warning": null,
        "top_drivers": "SWIR Alteration (B11/B12), Structural Proximity, Slope"
      },
      "geometry": {
        "type": "Polygon",
        "coordinates": [
          [
            [
              75.375,
              15.095
            ],
            [
              75.425,
              15.095
            ],
            [
              75.425,
              15.145
            ],
            [
              75.375,
              15.145
            ],
            [
              75.375,
              15.095
            ]
          ]
        ]
      }
    },
    {
      "type": "Feature",
      "properties": {
        "zone_id": "MN-ZONE-333",
        "belt_name": "Karnataka Belt",
        "state": "Karnataka",
        "latitude": 15.12,
        "longitude": 76.4,
        "prospectivity_score": 0.8467,
        "uncertainty_val": 0.03,
        "confidence_tier": "Data-Rich",
        "confidence_percent": 97.0,
        "priority_category": "HIGH PRIORITY",
        "area_sq_km": 28.5,
        "elevation_m": 275.08789240389757,
        "slope_deg": 15.164049034651143,
        "swir_alteration_index": 1.07610347481604,
        "ferrous_iron_index": 3.951485676116202,
        "environmental_overlap": true,
        "protected_area_name": "Sandur Reserved Forest & Wildlife Sanctuary",
        "environmental_warning": "This zone overlaps Sandur Reserved Forest & Wildlife Sanctuary \u2014 exploration feasibility would require additional environmental clearance.",
        "top_drivers": "SWIR Alteration (B11/B12), Structural Proximity, Slope"
      },
      "geometry": {
        "type": "Polygon",
        "coordinates": [
          [
            [
              76.375,
              15.095
            ],
            [
              76.425,
              15.095
            ],
            [
              76.425,
              15.145
            ],
            [
              76.375,
              15.145
            ],
            [
              76.375,
              15.095
            ]
          ]
        ]
      }
    },
    {
      "type": "Feature",
      "properties": {
        "zone_id": "MN-ZONE-334",
        "belt_name": "Karnataka Belt",
        "state": "Karnataka",
        "latitude": 15.12,
        "longitude": 76.8,
        "prospectivity_score": 0.95,
        "uncertainty_val": 0.0501,
        "confidence_tier": "Data-Rich",
        "confidence_percent": 95.0,
        "priority_category": "HIGH PRIORITY",
        "area_sq_km": 28.5,
        "elevation_m": 423.2867582455699,
        "slope_deg": 7.69001865995123,
        "swir_alteration_index": 2.0071828740351214,
        "ferrous_iron_index": 1.7653505051394234,
        "environmental_overlap": true,
        "protected_area_name": "Sandur Reserved Forest & Wildlife Sanctuary",
        "environmental_warning": "This zone overlaps Sandur Reserved Forest & Wildlife Sanctuary \u2014 exploration feasibility would require additional environmental clearance.",
        "top_drivers": "SWIR Alteration (B11/B12), Structural Proximity, Slope"
      },
      "geometry": {
        "type": "Polygon",
        "coordinates": [
          [
            [
              76.775,
              15.095
            ],
            [
              76.825,
              15.095
            ],
            [
              76.825,
              15.145
            ],
            [
              76.775,
              15.145
            ],
            [
              76.775,
              15.095
            ]
          ]
        ]
      }
    },
    {
      "type": "Feature",
      "properties": {
        "zone_id": "MN-ZONE-335",
        "belt_name": "Karnataka Belt",
        "state": "Karnataka",
        "latitude": 15.3,
        "longitude": 74.6,
        "prospectivity_score": 0.79,
        "uncertainty_val": 0.0256,
        "confidence_tier": "Data-Rich",
        "confidence_percent": 97.4,
        "priority_category": "HIGH PRIORITY",
        "area_sq_km": 28.5,
        "elevation_m": 307.6166461793517,
        "slope_deg": 6.554749793364155,
        "swir_alteration_index": 1.9616282335255937,
        "ferrous_iron_index": 1.4379383391177836,
        "environmental_overlap": false,
        "protected_area_name": null,
        "environmental_warning": null,
        "top_drivers": "SWIR Alteration (B11/B12), Structural Proximity, Slope"
      },
      "geometry": {
        "type": "Polygon",
        "coordinates": [
          [
            [
              74.575,
              15.275
            ],
            [
              74.625,
              15.275
            ],
            [
              74.625,
              15.325
            ],
            [
              74.575,
              15.325
            ],
            [
              74.575,
              15.275
            ]
          ]
        ]
      }
    },
    {
      "type": "Feature",
      "properties": {
        "zone_id": "MN-ZONE-336",
        "belt_name": "Karnataka Belt",
        "state": "Karnataka",
        "latitude": 15.3,
        "longitude": 75.0,
        "prospectivity_score": 0.83,
        "uncertainty_val": 0.098,
        "confidence_tier": "Data-Rich",
        "confidence_percent": 90.2,
        "priority_category": "HIGH PRIORITY",
        "area_sq_km": 28.5,
        "elevation_m": 352.23505549663656,
        "slope_deg": 5.560034375241504,
        "swir_alteration_index": 2.2107414418812668,
        "ferrous_iron_index": 5.66624020125746,
        "environmental_overlap": false,
        "protected_area_name": null,
        "environmental_warning": null,
        "top_drivers": "SWIR Alteration (B11/B12), Structural Proximity, Slope"
      },
      "geometry": {
        "type": "Polygon",
        "coordinates": [
          [
            [
              74.975,
              15.275
            ],
            [
              75.025,
              15.275
            ],
            [
              75.025,
              15.325
            ],
            [
              74.975,
              15.325
            ],
            [
              74.975,
              15.275
            ]
          ]
        ]
      }
    },
    {
      "type": "Feature",
      "properties": {
        "zone_id": "MN-ZONE-337",
        "belt_name": "Karnataka Belt",
        "state": "Karnataka",
        "latitude": 15.3,
        "longitude": 75.4,
        "prospectivity_score": 0.8267,
        "uncertainty_val": 0.1741,
        "confidence_tier": "Data-Rich",
        "confidence_percent": 82.6,
        "priority_category": "HIGH PRIORITY",
        "area_sq_km": 28.5,
        "elevation_m": 375.6783257324723,
        "slope_deg": 8.971873552857067,
        "swir_alteration_index": 2.3529978614461204,
        "ferrous_iron_index": 2.597056435888299,
        "environmental_overlap": false,
        "protected_area_name": null,
        "environmental_warning": null,
        "top_drivers": "SWIR Alteration (B11/B12), Structural Proximity, Slope"
      },
      "geometry": {
        "type": "Polygon",
        "coordinates": [
          [
            [
              75.375,
              15.275
            ],
            [
              75.425,
              15.275
            ],
            [
              75.425,
              15.325
            ],
            [
              75.375,
              15.325
            ],
            [
              75.375,
              15.275
            ]
          ]
        ]
      }
    },
    {
      "type": "Feature",
      "properties": {
        "zone_id": "MN-ZONE-338",
        "belt_name": "Karnataka Belt",
        "state": "Karnataka",
        "latitude": 15.3,
        "longitude": 76.4,
        "prospectivity_score": 0.7733,
        "uncertainty_val": 0.0529,
        "confidence_tier": "Data-Rich",
        "confidence_percent": 94.7,
        "priority_category": "HIGH PRIORITY",
        "area_sq_km": 28.5,
        "elevation_m": 367.209287613183,
        "slope_deg": 10.205752580584504,
        "swir_alteration_index": 1.7503836415665486,
        "ferrous_iron_index": 3.2444791301388314,
        "environmental_overlap": true,
        "protected_area_name": "Sandur Reserved Forest & Wildlife Sanctuary",
        "environmental_warning": "This zone overlaps Sandur Reserved Forest & Wildlife Sanctuary \u2014 exploration feasibility would require additional environmental clearance.",
        "top_drivers": "SWIR Alteration (B11/B12), Structural Proximity, Slope"
      },
      "geometry": {
        "type": "Polygon",
        "coordinates": [
          [
            [
              76.375,
              15.275
            ],
            [
              76.425,
              15.275
            ],
            [
              76.425,
              15.325
            ],
            [
              76.375,
              15.325
            ],
            [
              76.375,
              15.275
            ]
          ]
        ]
      }
    },
    {
      "type": "Feature",
      "properties": {
        "zone_id": "MN-ZONE-339",
        "belt_name": "Karnataka Belt",
        "state": "Karnataka",
        "latitude": 15.3,
        "longitude": 76.6,
        "prospectivity_score": 0.9133,
        "uncertainty_val": 0.0445,
        "confidence_tier": "Data-Rich",
        "confidence_percent": 95.6,
        "priority_category": "HIGH PRIORITY",
        "area_sq_km": 28.5,
        "elevation_m": 330.6659050320377,
        "slope_deg": 14.035587994149559,
        "swir_alteration_index": 1.197502004040153,
        "ferrous_iron_index": 2.542003435676064,
        "environmental_overlap": true,
        "protected_area_name": "Sandur Reserved Forest & Wildlife Sanctuary",
        "environmental_warning": "This zone overlaps Sandur Reserved Forest & Wildlife Sanctuary \u2014 exploration feasibility would require additional environmental clearance.",
        "top_drivers": "SWIR Alteration (B11/B12), Structural Proximity, Slope"
      },
      "geometry": {
        "type": "Polygon",
        "coordinates": [
          [
            [
              76.575,
              15.275
            ],
            [
              76.625,
              15.275
            ],
            [
              76.625,
              15.325
            ],
            [
              76.575,
              15.325
            ],
            [
              76.575,
              15.275
            ]
          ]
        ]
      }
    },
    {
      "type": "Feature",
      "properties": {
        "zone_id": "MN-ZONE-340",
        "belt_name": "Karnataka Belt",
        "state": "Karnataka",
        "latitude": 15.3,
        "longitude": 76.8,
        "prospectivity_score": 0.86,
        "uncertainty_val": 0.0666,
        "confidence_tier": "Data-Rich",
        "confidence_percent": 93.3,
        "priority_category": "HIGH PRIORITY",
        "area_sq_km": 28.5,
        "elevation_m": 371.1958027001563,
        "slope_deg": 6.858008554502893,
        "swir_alteration_index": 2.115303569813162,
        "ferrous_iron_index": 3.406800208684234,
        "environmental_overlap": true,
        "protected_area_name": "Sandur Reserved Forest & Wildlife Sanctuary",
        "environmental_warning": "This zone overlaps Sandur Reserved Forest & Wildlife Sanctuary \u2014 exploration feasibility would require additional environmental clearance.",
        "top_drivers": "SWIR Alteration (B11/B12), Structural Proximity, Slope"
      },
      "geometry": {
        "type": "Polygon",
        "coordinates": [
          [
            [
              76.775,
              15.275
            ],
            [
              76.825,
              15.275
            ],
            [
              76.825,
              15.325
            ],
            [
              76.775,
              15.325
            ],
            [
              76.775,
              15.275
            ]
          ]
        ]
      }
    },
    {
      "type": "Feature",
      "properties": {
        "zone_id": "MN-ZONE-341",
        "belt_name": "Karnataka Belt",
        "state": "Karnataka",
        "latitude": 15.3,
        "longitude": 77.0,
        "prospectivity_score": 0.8667,
        "uncertainty_val": 0.1013,
        "confidence_tier": "Data-Rich",
        "confidence_percent": 89.9,
        "priority_category": "HIGH PRIORITY",
        "area_sq_km": 28.5,
        "elevation_m": 499.16738588018075,
        "slope_deg": 13.261732180686243,
        "swir_alteration_index": 2.0166296831906667,
        "ferrous_iron_index": 5.511185122806912,
        "environmental_overlap": false,
        "protected_area_name": null,
        "environmental_warning": null,
        "top_drivers": "SWIR Alteration (B11/B12), Structural Proximity, Slope"
      },
      "geometry": {
        "type": "Polygon",
        "coordinates": [
          [
            [
              76.975,
              15.275
            ],
            [
              77.025,
              15.275
            ],
            [
              77.025,
              15.325
            ],
            [
              76.975,
              15.325
            ],
            [
              76.975,
              15.275
            ]
          ]
        ]
      }
    },
    {
      "type": "Feature",
      "properties": {
        "zone_id": "MN-ZONE-342",
        "belt_name": "Karnataka Belt",
        "state": "Karnataka",
        "latitude": 15.48,
        "longitude": 74.8,
        "prospectivity_score": 0.77,
        "uncertainty_val": 0.0812,
        "confidence_tier": "Data-Rich",
        "confidence_percent": 91.9,
        "priority_category": "HIGH PRIORITY",
        "area_sq_km": 28.5,
        "elevation_m": 322.4501848325281,
        "slope_deg": 15.029113295105311,
        "swir_alteration_index": 2.249199504046563,
        "ferrous_iron_index": 2.3254549515414444,
        "environmental_overlap": false,
        "protected_area_name": null,
        "environmental_warning": null,
        "top_drivers": "SWIR Alteration (B11/B12), Structural Proximity, Slope"
      },
      "geometry": {
        "type": "Polygon",
        "coordinates": [
          [
            [
              74.775,
              15.455
            ],
            [
              74.825,
              15.455
            ],
            [
              74.825,
              15.505
            ],
            [
              74.775,
              15.505
            ],
            [
              74.775,
              15.455
            ]
          ]
        ]
      }
    },
    {
      "type": "Feature",
      "properties": {
        "zone_id": "MN-ZONE-343",
        "belt_name": "Karnataka Belt",
        "state": "Karnataka",
        "latitude": 15.48,
        "longitude": 75.4,
        "prospectivity_score": 0.9167,
        "uncertainty_val": 0.1883,
        "confidence_tier": "Data-Rich",
        "confidence_percent": 81.2,
        "priority_category": "HIGH PRIORITY",
        "area_sq_km": 28.5,
        "elevation_m": 475.7613112576651,
        "slope_deg": 7.599463994008448,
        "swir_alteration_index": 1.5675001205674088,
        "ferrous_iron_index": 3.141556428846685,
        "environmental_overlap": false,
        "protected_area_name": null,
        "environmental_warning": null,
        "top_drivers": "SWIR Alteration (B11/B12), Structural Proximity, Slope"
      },
      "geometry": {
        "type": "Polygon",
        "coordinates": [
          [
            [
              75.375,
              15.455
            ],
            [
              75.425,
              15.455
            ],
            [
              75.425,
              15.505
            ],
            [
              75.375,
              15.505
            ],
            [
              75.375,
              15.455
            ]
          ]
        ]
      }
    },
    {
      "type": "Feature",
      "properties": {
        "zone_id": "MN-ZONE-344",
        "belt_name": "Karnataka Belt",
        "state": "Karnataka",
        "latitude": 15.48,
        "longitude": 76.0,
        "prospectivity_score": 0.7833,
        "uncertainty_val": 0.1385,
        "confidence_tier": "Data-Rich",
        "confidence_percent": 86.2,
        "priority_category": "HIGH PRIORITY",
        "area_sq_km": 28.5,
        "elevation_m": 427.22299334832917,
        "slope_deg": 8.048961852564029,
        "swir_alteration_index": 2.0570162401320697,
        "ferrous_iron_index": 3.8225625370564718,
        "environmental_overlap": false,
        "protected_area_name": null,
        "environmental_warning": null,
        "top_drivers": "SWIR Alteration (B11/B12), Structural Proximity, Slope"
      },
      "geometry": {
        "type": "Polygon",
        "coordinates": [
          [
            [
              75.975,
              15.455
            ],
            [
              76.025,
              15.455
            ],
            [
              76.025,
              15.505
            ],
            [
              75.975,
              15.505
            ],
            [
              75.975,
              15.455
            ]
          ]
        ]
      }
    },
    {
      "type": "Feature",
      "properties": {
        "zone_id": "MN-ZONE-345",
        "belt_name": "Karnataka Belt",
        "state": "Karnataka",
        "latitude": 15.48,
        "longitude": 76.4,
        "prospectivity_score": 0.8133,
        "uncertainty_val": 0.0862,
        "confidence_tier": "Data-Rich",
        "confidence_percent": 91.4,
        "priority_category": "HIGH PRIORITY",
        "area_sq_km": 28.5,
        "elevation_m": 336.2549443044023,
        "slope_deg": 11.108268158376243,
        "swir_alteration_index": 1.3011896483886387,
        "ferrous_iron_index": 2.368980609633429,
        "environmental_overlap": false,
        "protected_area_name": null,
        "environmental_warning": null,
        "top_drivers": "SWIR Alteration (B11/B12), Structural Proximity, Slope"
      },
      "geometry": {
        "type": "Polygon",
        "coordinates": [
          [
            [
              76.375,
              15.455
            ],
            [
              76.425,
              15.455
            ],
            [
              76.425,
              15.505
            ],
            [
              76.375,
              15.505
            ],
            [
              76.375,
              15.455
            ]
          ]
        ]
      }
    },
    {
      "type": "Feature",
      "properties": {
        "zone_id": "MN-ZONE-346",
        "belt_name": "Karnataka Belt",
        "state": "Karnataka",
        "latitude": 15.48,
        "longitude": 76.6,
        "prospectivity_score": 0.9633,
        "uncertainty_val": 0.0812,
        "confidence_tier": "Data-Rich",
        "confidence_percent": 91.9,
        "priority_category": "HIGH PRIORITY",
        "area_sq_km": 28.5,
        "elevation_m": 482.9794365205076,
        "slope_deg": 2.459887976691575,
        "swir_alteration_index": 1.4287220504587397,
        "ferrous_iron_index": 2.9700801965522357,
        "environmental_overlap": false,
        "protected_area_name": null,
        "environmental_warning": null,
        "top_drivers": "SWIR Alteration (B11/B12), Structural Proximity, Slope"
      },
      "geometry": {
        "type": "Polygon",
        "coordinates": [
          [
            [
              76.575,
              15.455
            ],
            [
              76.625,
              15.455
            ],
            [
              76.625,
              15.505
            ],
            [
              76.575,
              15.505
            ],
            [
              76.575,
              15.455
            ]
          ]
        ]
      }
    },
    {
      "type": "Feature",
      "properties": {
        "zone_id": "MN-ZONE-347",
        "belt_name": "Karnataka Belt",
        "state": "Karnataka",
        "latitude": 15.48,
        "longitude": 76.8,
        "prospectivity_score": 0.9133,
        "uncertainty_val": 0.0953,
        "confidence_tier": "Data-Rich",
        "confidence_percent": 90.5,
        "priority_category": "HIGH PRIORITY",
        "area_sq_km": 28.5,
        "elevation_m": 525.8692836954863,
        "slope_deg": 18.223488735012076,
        "swir_alteration_index": 1.785206264685971,
        "ferrous_iron_index": 1.9255778708530173,
        "environmental_overlap": false,
        "protected_area_name": null,
        "environmental_warning": null,
        "top_drivers": "SWIR Alteration (B11/B12), Structural Proximity, Slope"
      },
      "geometry": {
        "type": "Polygon",
        "coordinates": [
          [
            [
              76.775,
              15.455
            ],
            [
              76.825,
              15.455
            ],
            [
              76.825,
              15.505
            ],
            [
              76.775,
              15.505
            ],
            [
              76.775,
              15.455
            ]
          ]
        ]
      }
    },
    {
      "type": "Feature",
      "properties": {
        "zone_id": "MN-ZONE-348",
        "belt_name": "Karnataka Belt",
        "state": "Karnataka",
        "latitude": 15.66,
        "longitude": 74.6,
        "prospectivity_score": 0.9833,
        "uncertainty_val": 0.0931,
        "confidence_tier": "Data-Rich",
        "confidence_percent": 90.7,
        "priority_category": "HIGH PRIORITY",
        "area_sq_km": 28.5,
        "elevation_m": 372.5269722015047,
        "slope_deg": 12.730429675928832,
        "swir_alteration_index": 1.8978101806140442,
        "ferrous_iron_index": 3.460477868816179,
        "environmental_overlap": false,
        "protected_area_name": null,
        "environmental_warning": null,
        "top_drivers": "SWIR Alteration (B11/B12), Structural Proximity, Slope"
      },
      "geometry": {
        "type": "Polygon",
        "coordinates": [
          [
            [
              74.575,
              15.635
            ],
            [
              74.625,
              15.635
            ],
            [
              74.625,
              15.685
            ],
            [
              74.575,
              15.685
            ],
            [
              74.575,
              15.635
            ]
          ]
        ]
      }
    },
    {
      "type": "Feature",
      "properties": {
        "zone_id": "MN-ZONE-349",
        "belt_name": "Karnataka Belt",
        "state": "Karnataka",
        "latitude": 15.66,
        "longitude": 75.6,
        "prospectivity_score": 0.8867,
        "uncertainty_val": 0.228,
        "confidence_tier": "Data-Rich",
        "confidence_percent": 77.2,
        "priority_category": "HIGH PRIORITY",
        "area_sq_km": 28.5,
        "elevation_m": 383.78259159319884,
        "slope_deg": 11.61067464993197,
        "swir_alteration_index": 1.4633271023497754,
        "ferrous_iron_index": 4.73153568538509,
        "environmental_overlap": false,
        "protected_area_name": null,
        "environmental_warning": null,
        "top_drivers": "SWIR Alteration (B11/B12), Structural Proximity, Slope"
      },
      "geometry": {
        "type": "Polygon",
        "coordinates": [
          [
            [
              75.575,
              15.635
            ],
            [
              75.625,
              15.635
            ],
            [
              75.625,
              15.685
            ],
            [
              75.575,
              15.685
            ],
            [
              75.575,
              15.635
            ]
          ]
        ]
      }
    },
    {
      "type": "Feature",
      "properties": {
        "zone_id": "MN-ZONE-350",
        "belt_name": "Karnataka Belt",
        "state": "Karnataka",
        "latitude": 15.66,
        "longitude": 75.8,
        "prospectivity_score": 0.84,
        "uncertainty_val": 0.1939,
        "confidence_tier": "Data-Rich",
        "confidence_percent": 80.6,
        "priority_category": "HIGH PRIORITY",
        "area_sq_km": 28.5,
        "elevation_m": 311.0596438474623,
        "slope_deg": 16.101124027441756,
        "swir_alteration_index": 1.662926411932086,
        "ferrous_iron_index": 1.5885974852658906,
        "environmental_overlap": false,
        "protected_area_name": null,
        "environmental_warning": null,
        "top_drivers": "SWIR Alteration (B11/B12), Structural Proximity, Slope"
      },
      "geometry": {
        "type": "Polygon",
        "coordinates": [
          [
            [
              75.775,
              15.635
            ],
            [
              75.825,
              15.635
            ],
            [
              75.825,
              15.685
            ],
            [
              75.775,
              15.685
            ],
            [
              75.775,
              15.635
            ]
          ]
        ]
      }
    },
    {
      "type": "Feature",
      "properties": {
        "zone_id": "MN-ZONE-351",
        "belt_name": "Karnataka Belt",
        "state": "Karnataka",
        "latitude": 15.66,
        "longitude": 76.8,
        "prospectivity_score": 0.8233,
        "uncertainty_val": 0.1284,
        "confidence_tier": "Data-Rich",
        "confidence_percent": 87.2,
        "priority_category": "HIGH PRIORITY",
        "area_sq_km": 28.5,
        "elevation_m": 344.64146246811396,
        "slope_deg": 11.889949353493622,
        "swir_alteration_index": 1.2525029414788644,
        "ferrous_iron_index": 1.4245296482262506,
        "environmental_overlap": false,
        "protected_area_name": null,
        "environmental_warning": null,
        "top_drivers": "SWIR Alteration (B11/B12), Structural Proximity, Slope"
      },
      "geometry": {
        "type": "Polygon",
        "coordinates": [
          [
            [
              76.775,
              15.635
            ],
            [
              76.825,
              15.635
            ],
            [
              76.825,
              15.685
            ],
            [
              76.775,
              15.685
            ],
            [
              76.775,
              15.635
            ]
          ]
        ]
      }
    },
    {
      "type": "Feature",
      "properties": {
        "zone_id": "MN-ZONE-352",
        "belt_name": "Karnataka Belt",
        "state": "Karnataka",
        "latitude": 15.84,
        "longitude": 74.6,
        "prospectivity_score": 0.8667,
        "uncertainty_val": 0.1297,
        "confidence_tier": "Data-Rich",
        "confidence_percent": 87.0,
        "priority_category": "HIGH PRIORITY",
        "area_sq_km": 28.5,
        "elevation_m": 432.014359412306,
        "slope_deg": 7.895175922636381,
        "swir_alteration_index": 1.5937856918325612,
        "ferrous_iron_index": 4.130219011487327,
        "environmental_overlap": false,
        "protected_area_name": null,
        "environmental_warning": null,
        "top_drivers": "SWIR Alteration (B11/B12), Structural Proximity, Slope"
      },
      "geometry": {
        "type": "Polygon",
        "coordinates": [
          [
            [
              74.575,
              15.815
            ],
            [
              74.625,
              15.815
            ],
            [
              74.625,
              15.865
            ],
            [
              74.575,
              15.865
            ],
            [
              74.575,
              15.815
            ]
          ]
        ]
      }
    },
    {
      "type": "Feature",
      "properties": {
        "zone_id": "MN-ZONE-353",
        "belt_name": "Karnataka Belt",
        "state": "Karnataka",
        "latitude": 15.84,
        "longitude": 75.2,
        "prospectivity_score": 0.8533,
        "uncertainty_val": 0.1924,
        "confidence_tier": "Data-Rich",
        "confidence_percent": 80.8,
        "priority_category": "HIGH PRIORITY",
        "area_sq_km": 28.5,
        "elevation_m": 236.50095322388802,
        "slope_deg": 9.822784159471832,
        "swir_alteration_index": 1.2806242488844302,
        "ferrous_iron_index": 1.5433774020359419,
        "environmental_overlap": false,
        "protected_area_name": null,
        "environmental_warning": null,
        "top_drivers": "SWIR Alteration (B11/B12), Structural Proximity, Slope"
      },
      "geometry": {
        "type": "Polygon",
        "coordinates": [
          [
            [
              75.175,
              15.815
            ],
            [
              75.225,
              15.815
            ],
            [
              75.225,
              15.865
            ],
            [
              75.175,
              15.865
            ],
            [
              75.175,
              15.815
            ]
          ]
        ]
      }
    },
    {
      "type": "Feature",
      "properties": {
        "zone_id": "MN-ZONE-354",
        "belt_name": "Karnataka Belt",
        "state": "Karnataka",
        "latitude": 15.84,
        "longitude": 75.6,
        "prospectivity_score": 0.9433,
        "uncertainty_val": 0.2494,
        "confidence_tier": "Data-Rich",
        "confidence_percent": 75.1,
        "priority_category": "HIGH PRIORITY",
        "area_sq_km": 28.5,
        "elevation_m": 277.4572256816605,
        "slope_deg": 9.338560074257586,
        "swir_alteration_index": 1.7488217685775904,
        "ferrous_iron_index": 1.7383555228826102,
        "environmental_overlap": false,
        "protected_area_name": null,
        "environmental_warning": null,
        "top_drivers": "SWIR Alteration (B11/B12), Structural Proximity, Slope"
      },
      "geometry": {
        "type": "Polygon",
        "coordinates": [
          [
            [
              75.575,
              15.815
            ],
            [
              75.625,
              15.815
            ],
            [
              75.625,
              15.865
            ],
            [
              75.575,
              15.865
            ],
            [
              75.575,
              15.815
            ]
          ]
        ]
      }
    },
    {
      "type": "Feature",
      "properties": {
        "zone_id": "MN-ZONE-355",
        "belt_name": "Karnataka Belt",
        "state": "Karnataka",
        "latitude": 15.84,
        "longitude": 75.8,
        "prospectivity_score": 0.7733,
        "uncertainty_val": 0.2186,
        "confidence_tier": "Data-Rich",
        "confidence_percent": 78.1,
        "priority_category": "HIGH PRIORITY",
        "area_sq_km": 28.5,
        "elevation_m": 451.53923286752234,
        "slope_deg": 4.726759147873636,
        "swir_alteration_index": 2.1645811938245045,
        "ferrous_iron_index": 1.6308947962116556,
        "environmental_overlap": false,
        "protected_area_name": null,
        "environmental_warning": null,
        "top_drivers": "SWIR Alteration (B11/B12), Structural Proximity, Slope"
      },
      "geometry": {
        "type": "Polygon",
        "coordinates": [
          [
            [
              75.775,
              15.815
            ],
            [
              75.825,
              15.815
            ],
            [
              75.825,
              15.865
            ],
            [
              75.775,
              15.865
            ],
            [
              75.775,
              15.815
            ]
          ]
        ]
      }
    },
    {
      "type": "Feature",
      "properties": {
        "zone_id": "MN-ZONE-356",
        "belt_name": "Karnataka Belt",
        "state": "Karnataka",
        "latitude": 15.84,
        "longitude": 76.0,
        "prospectivity_score": 0.9,
        "uncertainty_val": 0.1918,
        "confidence_tier": "Data-Rich",
        "confidence_percent": 80.8,
        "priority_category": "HIGH PRIORITY",
        "area_sq_km": 28.5,
        "elevation_m": 304.98450801572716,
        "slope_deg": 0.5,
        "swir_alteration_index": 1.7436262436222236,
        "ferrous_iron_index": 3.3560305787054014,
        "environmental_overlap": false,
        "protected_area_name": null,
        "environmental_warning": null,
        "top_drivers": "SWIR Alteration (B11/B12), Structural Proximity, Slope"
      },
      "geometry": {
        "type": "Polygon",
        "coordinates": [
          [
            [
              75.975,
              15.815
            ],
            [
              76.025,
              15.815
            ],
            [
              76.025,
              15.865
            ],
            [
              75.975,
              15.865
            ],
            [
              75.975,
              15.815
            ]
          ]
        ]
      }
    },
    {
      "type": "Feature",
      "properties": {
        "zone_id": "MN-ZONE-357",
        "belt_name": "Karnataka Belt",
        "state": "Karnataka",
        "latitude": 15.84,
        "longitude": 76.6,
        "prospectivity_score": 0.81,
        "uncertainty_val": 0.1553,
        "confidence_tier": "Data-Rich",
        "confidence_percent": 84.5,
        "priority_category": "HIGH PRIORITY",
        "area_sq_km": 28.5,
        "elevation_m": 315.50168380429324,
        "slope_deg": 11.021629871750253,
        "swir_alteration_index": 1.9897461760854578,
        "ferrous_iron_index": 3.1256881169383828,
        "environmental_overlap": false,
        "protected_area_name": null,
        "environmental_warning": null,
        "top_drivers": "SWIR Alteration (B11/B12), Structural Proximity, Slope"
      },
      "geometry": {
        "type": "Polygon",
        "coordinates": [
          [
            [
              76.575,
              15.815
            ],
            [
              76.625,
              15.815
            ],
            [
              76.625,
              15.865
            ],
            [
              76.575,
              15.865
            ],
            [
              76.575,
              15.815
            ]
          ]
        ]
      }
    },
    {
      "type": "Feature",
      "properties": {
        "zone_id": "MN-ZONE-358",
        "belt_name": "Karnataka Belt",
        "state": "Karnataka",
        "latitude": 15.84,
        "longitude": 77.2,
        "prospectivity_score": 0.7533,
        "uncertainty_val": 0.2045,
        "confidence_tier": "Data-Rich",
        "confidence_percent": 79.6,
        "priority_category": "HIGH PRIORITY",
        "area_sq_km": 28.5,
        "elevation_m": 463.1457796345356,
        "slope_deg": 4.855621044924825,
        "swir_alteration_index": 1.7696744616562994,
        "ferrous_iron_index": 2.1160224527912357,
        "environmental_overlap": false,
        "protected_area_name": null,
        "environmental_warning": null,
        "top_drivers": "SWIR Alteration (B11/B12), Structural Proximity, Slope"
      },
      "geometry": {
        "type": "Polygon",
        "coordinates": [
          [
            [
              77.175,
              15.815
            ],
            [
              77.225,
              15.815
            ],
            [
              77.225,
              15.865
            ],
            [
              77.175,
              15.865
            ],
            [
              77.175,
              15.815
            ]
          ]
        ]
      }
    },
    {
      "type": "Feature",
      "properties": {
        "zone_id": "MN-ZONE-359",
        "belt_name": "Karnataka Belt",
        "state": "Karnataka",
        "latitude": 16.02,
        "longitude": 74.2,
        "prospectivity_score": 0.9033,
        "uncertainty_val": 0.1202,
        "confidence_tier": "Data-Rich",
        "confidence_percent": 88.0,
        "priority_category": "HIGH PRIORITY",
        "area_sq_km": 28.5,
        "elevation_m": 360.3078221530848,
        "slope_deg": 10.107910085570168,
        "swir_alteration_index": 2.2217312669785314,
        "ferrous_iron_index": 2.976366379482767,
        "environmental_overlap": false,
        "protected_area_name": null,
        "environmental_warning": null,
        "top_drivers": "SWIR Alteration (B11/B12), Structural Proximity, Slope"
      },
      "geometry": {
        "type": "Polygon",
        "coordinates": [
          [
            [
              74.175,
              15.995
            ],
            [
              74.225,
              15.995
            ],
            [
              74.225,
              16.045
            ],
            [
              74.175,
              16.045
            ],
            [
              74.175,
              15.995
            ]
          ]
        ]
      }
    },
    {
      "type": "Feature",
      "properties": {
        "zone_id": "MN-ZONE-360",
        "belt_name": "Karnataka Belt",
        "state": "Karnataka",
        "latitude": 16.02,
        "longitude": 74.4,
        "prospectivity_score": 0.99,
        "uncertainty_val": 0.1445,
        "confidence_tier": "Data-Rich",
        "confidence_percent": 85.5,
        "priority_category": "HIGH PRIORITY",
        "area_sq_km": 28.5,
        "elevation_m": 309.792374056015,
        "slope_deg": 11.64081859273923,
        "swir_alteration_index": 1.6279518306122778,
        "ferrous_iron_index": 3.240738704221131,
        "environmental_overlap": false,
        "protected_area_name": null,
        "environmental_warning": null,
        "top_drivers": "SWIR Alteration (B11/B12), Structural Proximity, Slope"
      },
      "geometry": {
        "type": "Polygon",
        "coordinates": [
          [
            [
              74.375,
              15.995
            ],
            [
              74.425,
              15.995
            ],
            [
              74.425,
              16.045
            ],
            [
              74.375,
              16.045
            ],
            [
              74.375,
              15.995
            ]
          ]
        ]
      }
    },
    {
      "type": "Feature",
      "properties": {
        "zone_id": "MN-ZONE-361",
        "belt_name": "Karnataka Belt",
        "state": "Karnataka",
        "latitude": 16.02,
        "longitude": 74.6,
        "prospectivity_score": 0.8,
        "uncertainty_val": 0.1665,
        "confidence_tier": "Data-Rich",
        "confidence_percent": 83.3,
        "priority_category": "HIGH PRIORITY",
        "area_sq_km": 28.5,
        "elevation_m": 301.53714353999186,
        "slope_deg": 10.645379338066643,
        "swir_alteration_index": 1.8809174162348876,
        "ferrous_iron_index": 1.5499540219412369,
        "environmental_overlap": false,
        "protected_area_name": null,
        "environmental_warning": null,
        "top_drivers": "SWIR Alteration (B11/B12), Structural Proximity, Slope"
      },
      "geometry": {
        "type": "Polygon",
        "coordinates": [
          [
            [
              74.575,
              15.995
            ],
            [
              74.625,
              15.995
            ],
            [
              74.625,
              16.045
            ],
            [
              74.575,
              16.045
            ],
            [
              74.575,
              15.995
            ]
          ]
        ]
      }
    },
    {
      "type": "Feature",
      "properties": {
        "zone_id": "MN-ZONE-362",
        "belt_name": "Karnataka Belt",
        "state": "Karnataka",
        "latitude": 16.02,
        "longitude": 74.8,
        "prospectivity_score": 0.88,
        "uncertainty_val": 0.1764,
        "confidence_tier": "Data-Rich",
        "confidence_percent": 82.4,
        "priority_category": "HIGH PRIORITY",
        "area_sq_km": 28.5,
        "elevation_m": 320.40282067877394,
        "slope_deg": 12.854277699320072,
        "swir_alteration_index": 1.6167294336193223,
        "ferrous_iron_index": 3.6804169731181613,
        "environmental_overlap": false,
        "protected_area_name": null,
        "environmental_warning": null,
        "top_drivers": "SWIR Alteration (B11/B12), Structural Proximity, Slope"
      },
      "geometry": {
        "type": "Polygon",
        "coordinates": [
          [
            [
              74.775,
              15.995
            ],
            [
              74.825,
              15.995
            ],
            [
              74.825,
              16.045
            ],
            [
              74.775,
              16.045
            ],
            [
              74.775,
              15.995
            ]
          ]
        ]
      }
    },
    {
      "type": "Feature",
      "properties": {
        "zone_id": "MN-ZONE-363",
        "belt_name": "Karnataka Belt",
        "state": "Karnataka",
        "latitude": 16.02,
        "longitude": 75.2,
        "prospectivity_score": 0.8367,
        "uncertainty_val": 0.2191,
        "confidence_tier": "Data-Rich",
        "confidence_percent": 78.1,
        "priority_category": "HIGH PRIORITY",
        "area_sq_km": 28.5,
        "elevation_m": 323.16287060410315,
        "slope_deg": 11.60483327245721,
        "swir_alteration_index": 0.9320805221241831,
        "ferrous_iron_index": 2.2912516116609503,
        "environmental_overlap": false,
        "protected_area_name": null,
        "environmental_warning": null,
        "top_drivers": "SWIR Alteration (B11/B12), Structural Proximity, Slope"
      },
      "geometry": {
        "type": "Polygon",
        "coordinates": [
          [
            [
              75.175,
              15.995
            ],
            [
              75.225,
              15.995
            ],
            [
              75.225,
              16.045
            ],
            [
              75.175,
              16.045
            ],
            [
              75.175,
              15.995
            ]
          ]
        ]
      }
    },
    {
      "type": "Feature",
      "properties": {
        "zone_id": "MN-ZONE-364",
        "belt_name": "Karnataka Belt",
        "state": "Karnataka",
        "latitude": 16.02,
        "longitude": 76.0,
        "prospectivity_score": 0.8067,
        "uncertainty_val": 0.223,
        "confidence_tier": "Data-Rich",
        "confidence_percent": 77.7,
        "priority_category": "HIGH PRIORITY",
        "area_sq_km": 28.5,
        "elevation_m": 309.9875415281257,
        "slope_deg": 12.268685626194165,
        "swir_alteration_index": 1.5486753884247744,
        "ferrous_iron_index": 2.7070317019098624,
        "environmental_overlap": false,
        "protected_area_name": null,
        "environmental_warning": null,
        "top_drivers": "SWIR Alteration (B11/B12), Structural Proximity, Slope"
      },
      "geometry": {
        "type": "Polygon",
        "coordinates": [
          [
            [
              75.975,
              15.995
            ],
            [
              76.025,
              15.995
            ],
            [
              76.025,
              16.045
            ],
            [
              75.975,
              16.045
            ],
            [
              75.975,
              15.995
            ]
          ]
        ]
      }
    },
    {
      "type": "Feature",
      "properties": {
        "zone_id": "MN-ZONE-365",
        "belt_name": "Karnataka Belt",
        "state": "Karnataka",
        "latitude": 16.02,
        "longitude": 76.2,
        "prospectivity_score": 0.7567,
        "uncertainty_val": 0.2052,
        "confidence_tier": "Data-Rich",
        "confidence_percent": 79.5,
        "priority_category": "HIGH PRIORITY",
        "area_sq_km": 28.5,
        "elevation_m": 405.5742178042892,
        "slope_deg": 19.24341598646189,
        "swir_alteration_index": 0.823553427946048,
        "ferrous_iron_index": 1.8162357515117094,
        "environmental_overlap": false,
        "protected_area_name": null,
        "environmental_warning": null,
        "top_drivers": "SWIR Alteration (B11/B12), Structural Proximity, Slope"
      },
      "geometry": {
        "type": "Polygon",
        "coordinates": [
          [
            [
              76.175,
              15.995
            ],
            [
              76.225,
              15.995
            ],
            [
              76.225,
              16.045
            ],
            [
              76.175,
              16.045
            ],
            [
              76.175,
              15.995
            ]
          ]
        ]
      }
    },
    {
      "type": "Feature",
      "properties": {
        "zone_id": "MN-ZONE-366",
        "belt_name": "Karnataka Belt",
        "state": "Karnataka",
        "latitude": 16.02,
        "longitude": 76.6,
        "prospectivity_score": 0.9267,
        "uncertainty_val": 0.1924,
        "confidence_tier": "Data-Rich",
        "confidence_percent": 80.8,
        "priority_category": "HIGH PRIORITY",
        "area_sq_km": 28.5,
        "elevation_m": 404.44598695274624,
        "slope_deg": 5.074775376242966,
        "swir_alteration_index": 1.911064151156786,
        "ferrous_iron_index": 2.965961975405737,
        "environmental_overlap": false,
        "protected_area_name": null,
        "environmental_warning": null,
        "top_drivers": "SWIR Alteration (B11/B12), Structural Proximity, Slope"
      },
      "geometry": {
        "type": "Polygon",
        "coordinates": [
          [
            [
              76.575,
              15.995
            ],
            [
              76.625,
              15.995
            ],
            [
              76.625,
              16.045
            ],
            [
              76.575,
              16.045
            ],
            [
              76.575,
              15.995
            ]
          ]
        ]
      }
    },
    {
      "type": "Feature",
      "properties": {
        "zone_id": "MN-ZONE-367",
        "belt_name": "Karnataka Belt",
        "state": "Karnataka",
        "latitude": 16.02,
        "longitude": 77.0,
        "prospectivity_score": 0.8867,
        "uncertainty_val": 0.2132,
        "confidence_tier": "Data-Rich",
        "confidence_percent": 78.7,
        "priority_category": "HIGH PRIORITY",
        "area_sq_km": 28.5,
        "elevation_m": 278.21467856459645,
        "slope_deg": 13.581387155535518,
        "swir_alteration_index": 1.7051798389994088,
        "ferrous_iron_index": 2.630031942179157,
        "environmental_overlap": false,
        "protected_area_name": null,
        "environmental_warning": null,
        "top_drivers": "SWIR Alteration (B11/B12), Structural Proximity, Slope"
      },
      "geometry": {
        "type": "Polygon",
        "coordinates": [
          [
            [
              76.975,
              15.995
            ],
            [
              77.025,
              15.995
            ],
            [
              77.025,
              16.045
            ],
            [
              76.975,
              16.045
            ],
            [
              76.975,
              15.995
            ]
          ]
        ]
      }
    },
    {
      "type": "Feature",
      "properties": {
        "zone_id": "MN-ZONE-368",
        "belt_name": "Karnataka Belt",
        "state": "Karnataka",
        "latitude": 16.2,
        "longitude": 74.2,
        "prospectivity_score": 0.9233,
        "uncertainty_val": 0.1539,
        "confidence_tier": "Data-Rich",
        "confidence_percent": 84.6,
        "priority_category": "HIGH PRIORITY",
        "area_sq_km": 28.5,
        "elevation_m": 381.20621317267387,
        "slope_deg": 13.862216935818424,
        "swir_alteration_index": 1.6397782154138982,
        "ferrous_iron_index": 2.73678273209592,
        "environmental_overlap": false,
        "protected_area_name": null,
        "environmental_warning": null,
        "top_drivers": "SWIR Alteration (B11/B12), Structural Proximity, Slope"
      },
      "geometry": {
        "type": "Polygon",
        "coordinates": [
          [
            [
              74.175,
              16.175
            ],
            [
              74.225,
              16.175
            ],
            [
              74.225,
              16.225
            ],
            [
              74.175,
              16.225
            ],
            [
              74.175,
              16.175
            ]
          ]
        ]
      }
    },
    {
      "type": "Feature",
      "properties": {
        "zone_id": "MN-ZONE-369",
        "belt_name": "Karnataka Belt",
        "state": "Karnataka",
        "latitude": 16.2,
        "longitude": 74.8,
        "prospectivity_score": 0.9633,
        "uncertainty_val": 0.2116,
        "confidence_tier": "Data-Rich",
        "confidence_percent": 78.8,
        "priority_category": "HIGH PRIORITY",
        "area_sq_km": 28.5,
        "elevation_m": 461.25641020748327,
        "slope_deg": 13.382307824708608,
        "swir_alteration_index": 1.7739140093434889,
        "ferrous_iron_index": 4.10575355746405,
        "environmental_overlap": false,
        "protected_area_name": null,
        "environmental_warning": null,
        "top_drivers": "SWIR Alteration (B11/B12), Structural Proximity, Slope"
      },
      "geometry": {
        "type": "Polygon",
        "coordinates": [
          [
            [
              74.775,
              16.175
            ],
            [
              74.825,
              16.175
            ],
            [
              74.825,
              16.225
            ],
            [
              74.775,
              16.225
            ],
            [
              74.775,
              16.175
            ]
          ]
        ]
      }
    },
    {
      "type": "Feature",
      "properties": {
        "zone_id": "MN-ZONE-370",
        "belt_name": "Karnataka Belt",
        "state": "Karnataka",
        "latitude": 16.2,
        "longitude": 76.4,
        "prospectivity_score": 0.7667,
        "uncertainty_val": 0.2314,
        "confidence_tier": "Data-Rich",
        "confidence_percent": 76.9,
        "priority_category": "HIGH PRIORITY",
        "area_sq_km": 28.5,
        "elevation_m": 486.07863554791413,
        "slope_deg": 6.038577212464143,
        "swir_alteration_index": 2.0941937752064006,
        "ferrous_iron_index": 2.4152238335162535,
        "environmental_overlap": false,
        "protected_area_name": null,
        "environmental_warning": null,
        "top_drivers": "SWIR Alteration (B11/B12), Structural Proximity, Slope"
      },
      "geometry": {
        "type": "Polygon",
        "coordinates": [
          [
            [
              76.375,
              16.175
            ],
            [
              76.425,
              16.175
            ],
            [
              76.425,
              16.225
            ],
            [
              76.375,
              16.225
            ],
            [
              76.375,
              16.175
            ]
          ]
        ]
      }
    },
    {
      "type": "Feature",
      "properties": {
        "zone_id": "MN-ZONE-371",
        "belt_name": "AP Belt",
        "state": "Andhra Pradesh",
        "latitude": 18.0,
        "longitude": 83.12,
        "prospectivity_score": 0.84,
        "uncertainty_val": 0.0998,
        "confidence_tier": "Data-Rich",
        "confidence_percent": 90.0,
        "priority_category": "HIGH PRIORITY",
        "area_sq_km": 28.5,
        "elevation_m": 283.9268494111028,
        "slope_deg": 15.18799620307933,
        "swir_alteration_index": 1.3433561765956954,
        "ferrous_iron_index": 4.433193963360425,
        "environmental_overlap": false,
        "protected_area_name": null,
        "environmental_warning": null,
        "top_drivers": "SWIR Alteration (B11/B12), Structural Proximity, Slope"
      },
      "geometry": {
        "type": "Polygon",
        "coordinates": [
          [
            [
              83.095,
              17.975
            ],
            [
              83.145,
              17.975
            ],
            [
              83.145,
              18.025
            ],
            [
              83.095,
              18.025
            ],
            [
              83.095,
              17.975
            ]
          ]
        ]
      }
    },
    {
      "type": "Feature",
      "properties": {
        "zone_id": "MN-ZONE-372",
        "belt_name": "AP Belt",
        "state": "Andhra Pradesh",
        "latitude": 18.0,
        "longitude": 83.36,
        "prospectivity_score": 0.83,
        "uncertainty_val": 0.0669,
        "confidence_tier": "Data-Rich",
        "confidence_percent": 93.3,
        "priority_category": "HIGH PRIORITY",
        "area_sq_km": 28.5,
        "elevation_m": 348.4529155232955,
        "slope_deg": 5.587016894964845,
        "swir_alteration_index": 2.033028319372239,
        "ferrous_iron_index": 2.0928659327373698,
        "environmental_overlap": false,
        "protected_area_name": null,
        "environmental_warning": null,
        "top_drivers": "SWIR Alteration (B11/B12), Structural Proximity, Slope"
      },
      "geometry": {
        "type": "Polygon",
        "coordinates": [
          [
            [
              83.335,
              17.975
            ],
            [
              83.385,
              17.975
            ],
            [
              83.385,
              18.025
            ],
            [
              83.335,
              18.025
            ],
            [
              83.335,
              17.975
            ]
          ]
        ]
      }
    },
    {
      "type": "Feature",
      "properties": {
        "zone_id": "MN-ZONE-373",
        "belt_name": "AP Belt",
        "state": "Andhra Pradesh",
        "latitude": 18.0,
        "longitude": 84.08,
        "prospectivity_score": 0.7567,
        "uncertainty_val": 0.1212,
        "confidence_tier": "Data-Rich",
        "confidence_percent": 87.9,
        "priority_category": "HIGH PRIORITY",
        "area_sq_km": 28.5,
        "elevation_m": 365.94910244184337,
        "slope_deg": 11.637871030252443,
        "swir_alteration_index": 1.1818479162053177,
        "ferrous_iron_index": 4.392654516163336,
        "environmental_overlap": false,
        "protected_area_name": null,
        "environmental_warning": null,
        "top_drivers": "SWIR Alteration (B11/B12), Structural Proximity, Slope"
      },
      "geometry": {
        "type": "Polygon",
        "coordinates": [
          [
            [
              84.055,
              17.975
            ],
            [
              84.105,
              17.975
            ],
            [
              84.105,
              18.025
            ],
            [
              84.055,
              18.025
            ],
            [
              84.055,
              17.975
            ]
          ]
        ]
      }
    },
    {
      "type": "Feature",
      "properties": {
        "zone_id": "MN-ZONE-374",
        "belt_name": "AP Belt",
        "state": "Andhra Pradesh",
        "latitude": 18.0,
        "longitude": 84.68,
        "prospectivity_score": 0.9,
        "uncertainty_val": 0.2382,
        "confidence_tier": "Data-Rich",
        "confidence_percent": 76.2,
        "priority_category": "HIGH PRIORITY",
        "area_sq_km": 28.5,
        "elevation_m": 401.61630229264694,
        "slope_deg": 14.794411256189111,
        "swir_alteration_index": 1.725651166710061,
        "ferrous_iron_index": 2.206735562243943,
        "environmental_overlap": false,
        "protected_area_name": null,
        "environmental_warning": null,
        "top_drivers": "SWIR Alteration (B11/B12), Structural Proximity, Slope"
      },
      "geometry": {
        "type": "Polygon",
        "coordinates": [
          [
            [
              84.655,
              17.975
            ],
            [
              84.705,
              17.975
            ],
            [
              84.705,
              18.025
            ],
            [
              84.655,
              18.025
            ],
            [
              84.655,
              17.975
            ]
          ]
        ]
      }
    },
    {
      "type": "Feature",
      "properties": {
        "zone_id": "MN-ZONE-375",
        "belt_name": "AP Belt",
        "state": "Andhra Pradesh",
        "latitude": 18.0,
        "longitude": 84.8,
        "prospectivity_score": 0.8533,
        "uncertainty_val": 0.2624,
        "confidence_tier": "Data-Rich",
        "confidence_percent": 73.8,
        "priority_category": "HIGH PRIORITY",
        "area_sq_km": 28.5,
        "elevation_m": 244.98964305333322,
        "slope_deg": 7.940264733825318,
        "swir_alteration_index": 1.6690476373399676,
        "ferrous_iron_index": 5.870316033173322,
        "environmental_overlap": false,
        "protected_area_name": null,
        "environmental_warning": null,
        "top_drivers": "SWIR Alteration (B11/B12), Structural Proximity, Slope"
      },
      "geometry": {
        "type": "Polygon",
        "coordinates": [
          [
            [
              84.775,
              17.975
            ],
            [
              84.825,
              17.975
            ],
            [
              84.825,
              18.025
            ],
            [
              84.775,
              18.025
            ],
            [
              84.775,
              17.975
            ]
          ]
        ]
      }
    },
    {
      "type": "Feature",
      "properties": {
        "zone_id": "MN-ZONE-376",
        "belt_name": "AP Belt",
        "state": "Andhra Pradesh",
        "latitude": 18.08667,
        "longitude": 83.12,
        "prospectivity_score": 0.9,
        "uncertainty_val": 0.0873,
        "confidence_tier": "Data-Rich",
        "confidence_percent": 91.3,
        "priority_category": "HIGH PRIORITY",
        "area_sq_km": 28.5,
        "elevation_m": 525.8069360728824,
        "slope_deg": 12.52306297040523,
        "swir_alteration_index": 1.9616083569929486,
        "ferrous_iron_index": 2.3911901277772203,
        "environmental_overlap": false,
        "protected_area_name": null,
        "environmental_warning": null,
        "top_drivers": "SWIR Alteration (B11/B12), Structural Proximity, Slope"
      },
      "geometry": {
        "type": "Polygon",
        "coordinates": [
          [
            [
              83.095,
              18.06167
            ],
            [
              83.145,
              18.06167
            ],
            [
              83.145,
              18.11167
            ],
            [
              83.095,
              18.11167
            ],
            [
              83.095,
              18.06167
            ]
          ]
        ]
      }
    },
    {
      "type": "Feature",
      "properties": {
        "zone_id": "MN-ZONE-377",
        "belt_name": "AP Belt",
        "state": "Andhra Pradesh",
        "latitude": 18.08667,
        "longitude": 83.24,
        "prospectivity_score": 0.88,
        "uncertainty_val": 0.0702,
        "confidence_tier": "Data-Rich",
        "confidence_percent": 93.0,
        "priority_category": "HIGH PRIORITY",
        "area_sq_km": 28.5,
        "elevation_m": 332.8189536197326,
        "slope_deg": 9.34015701680379,
        "swir_alteration_index": 1.4209157480318098,
        "ferrous_iron_index": 4.992148483232758,
        "environmental_overlap": false,
        "protected_area_name": null,
        "environmental_warning": null,
        "top_drivers": "SWIR Alteration (B11/B12), Structural Proximity, Slope"
      },
      "geometry": {
        "type": "Polygon",
        "coordinates": [
          [
            [
              83.215,
              18.06167
            ],
            [
              83.265,
              18.06167
            ],
            [
              83.265,
              18.11167
            ],
            [
              83.215,
              18.11167
            ],
            [
              83.215,
              18.06167
            ]
          ]
        ]
      }
    },
    {
      "type": "Feature",
      "properties": {
        "zone_id": "MN-ZONE-378",
        "belt_name": "AP Belt",
        "state": "Andhra Pradesh",
        "latitude": 18.08667,
        "longitude": 83.36,
        "prospectivity_score": 0.9267,
        "uncertainty_val": 0.0532,
        "confidence_tier": "Data-Rich",
        "confidence_percent": 94.7,
        "priority_category": "HIGH PRIORITY",
        "area_sq_km": 28.5,
        "elevation_m": 149.78574467594493,
        "slope_deg": 4.741086565268599,
        "swir_alteration_index": 1.5928228421377826,
        "ferrous_iron_index": 3.3110742040796706,
        "environmental_overlap": false,
        "protected_area_name": null,
        "environmental_warning": null,
        "top_drivers": "SWIR Alteration (B11/B12), Structural Proximity, Slope"
      },
      "geometry": {
        "type": "Polygon",
        "coordinates": [
          [
            [
              83.335,
              18.06167
            ],
            [
              83.385,
              18.06167
            ],
            [
              83.385,
              18.11167
            ],
            [
              83.335,
              18.11167
            ],
            [
              83.335,
              18.06167
            ]
          ]
        ]
      }
    },
    {
      "type": "Feature",
      "properties": {
        "zone_id": "MN-ZONE-379",
        "belt_name": "AP Belt",
        "state": "Andhra Pradesh",
        "latitude": 18.08667,
        "longitude": 83.48,
        "prospectivity_score": 0.84,
        "uncertainty_val": 0.0394,
        "confidence_tier": "Data-Rich",
        "confidence_percent": 96.1,
        "priority_category": "HIGH PRIORITY",
        "area_sq_km": 28.5,
        "elevation_m": 307.8417688559707,
        "slope_deg": 14.702752653540426,
        "swir_alteration_index": 1.2019634442570843,
        "ferrous_iron_index": 2.9256670844794948,
        "environmental_overlap": false,
        "protected_area_name": null,
        "environmental_warning": null,
        "top_drivers": "SWIR Alteration (B11/B12), Structural Proximity, Slope"
      },
      "geometry": {
        "type": "Polygon",
        "coordinates": [
          [
            [
              83.455,
              18.06167
            ],
            [
              83.505,
              18.06167
            ],
            [
              83.505,
              18.11167
            ],
            [
              83.455,
              18.11167
            ],
            [
              83.455,
              18.06167
            ]
          ]
        ]
      }
    },
    {
      "type": "Feature",
      "properties": {
        "zone_id": "MN-ZONE-380",
        "belt_name": "AP Belt",
        "state": "Andhra Pradesh",
        "latitude": 18.08667,
        "longitude": 83.6,
        "prospectivity_score": 0.9767,
        "uncertainty_val": 0.0381,
        "confidence_tier": "Data-Rich",
        "confidence_percent": 96.2,
        "priority_category": "HIGH PRIORITY",
        "area_sq_km": 28.5,
        "elevation_m": 371.8092806461666,
        "slope_deg": 13.191117154801015,
        "swir_alteration_index": 1.737664004102486,
        "ferrous_iron_index": 3.5400895231144744,
        "environmental_overlap": false,
        "protected_area_name": null,
        "environmental_warning": null,
        "top_drivers": "SWIR Alteration (B11/B12), Structural Proximity, Slope"
      },
      "geometry": {
        "type": "Polygon",
        "coordinates": [
          [
            [
              83.575,
              18.06167
            ],
            [
              83.625,
              18.06167
            ],
            [
              83.625,
              18.11167
            ],
            [
              83.575,
              18.11167
            ],
            [
              83.575,
              18.06167
            ]
          ]
        ]
      }
    },
    {
      "type": "Feature",
      "properties": {
        "zone_id": "MN-ZONE-381",
        "belt_name": "AP Belt",
        "state": "Andhra Pradesh",
        "latitude": 18.08667,
        "longitude": 83.72,
        "prospectivity_score": 0.89,
        "uncertainty_val": 0.0502,
        "confidence_tier": "Data-Rich",
        "confidence_percent": 95.0,
        "priority_category": "HIGH PRIORITY",
        "area_sq_km": 28.5,
        "elevation_m": 375.10035431501467,
        "slope_deg": 10.807363769719785,
        "swir_alteration_index": 1.0737352439663304,
        "ferrous_iron_index": 3.7537381070758613,
        "environmental_overlap": false,
        "protected_area_name": null,
        "environmental_warning": null,
        "top_drivers": "SWIR Alteration (B11/B12), Structural Proximity, Slope"
      },
      "geometry": {
        "type": "Polygon",
        "coordinates": [
          [
            [
              83.695,
              18.06167
            ],
            [
              83.745,
              18.06167
            ],
            [
              83.745,
              18.11167
            ],
            [
              83.695,
              18.11167
            ],
            [
              83.695,
              18.06167
            ]
          ]
        ]
      }
    },
    {
      "type": "Feature",
      "properties": {
        "zone_id": "MN-ZONE-382",
        "belt_name": "AP Belt",
        "state": "Andhra Pradesh",
        "latitude": 18.08667,
        "longitude": 83.84,
        "prospectivity_score": 0.89,
        "uncertainty_val": 0.0693,
        "confidence_tier": "Data-Rich",
        "confidence_percent": 93.1,
        "priority_category": "HIGH PRIORITY",
        "area_sq_km": 28.5,
        "elevation_m": 455.4892412551747,
        "slope_deg": 14.24818966667088,
        "swir_alteration_index": 1.2639593443964823,
        "ferrous_iron_index": 5.590523468094808,
        "environmental_overlap": false,
        "protected_area_name": null,
        "environmental_warning": null,
        "top_drivers": "SWIR Alteration (B11/B12), Structural Proximity, Slope"
      },
      "geometry": {
        "type": "Polygon",
        "coordinates": [
          [
            [
              83.815,
              18.06167
            ],
            [
              83.865,
              18.06167
            ],
            [
              83.865,
              18.11167
            ],
            [
              83.815,
              18.11167
            ],
            [
              83.815,
              18.06167
            ]
          ]
        ]
      }
    },
    {
      "type": "Feature",
      "properties": {
        "zone_id": "MN-ZONE-383",
        "belt_name": "AP Belt",
        "state": "Andhra Pradesh",
        "latitude": 18.08667,
        "longitude": 84.2,
        "prospectivity_score": 0.8,
        "uncertainty_val": 0.1377,
        "confidence_tier": "Data-Rich",
        "confidence_percent": 86.2,
        "priority_category": "HIGH PRIORITY",
        "area_sq_km": 28.5,
        "elevation_m": 241.21069878907417,
        "slope_deg": 6.920910187681404,
        "swir_alteration_index": 2.1323294149132654,
        "ferrous_iron_index": 3.1987463187473404,
        "environmental_overlap": false,
        "protected_area_name": null,
        "environmental_warning": null,
        "top_drivers": "SWIR Alteration (B11/B12), Structural Proximity, Slope"
      },
      "geometry": {
        "type": "Polygon",
        "coordinates": [
          [
            [
              84.175,
              18.06167
            ],
            [
              84.225,
              18.06167
            ],
            [
              84.225,
              18.11167
            ],
            [
              84.175,
              18.11167
            ],
            [
              84.175,
              18.06167
            ]
          ]
        ]
      }
    },
    {
      "type": "Feature",
      "properties": {
        "zone_id": "MN-ZONE-384",
        "belt_name": "AP Belt",
        "state": "Andhra Pradesh",
        "latitude": 18.08667,
        "longitude": 84.32,
        "prospectivity_score": 0.8567,
        "uncertainty_val": 0.1617,
        "confidence_tier": "Data-Rich",
        "confidence_percent": 83.8,
        "priority_category": "HIGH PRIORITY",
        "area_sq_km": 28.5,
        "elevation_m": 156.16089387377846,
        "slope_deg": 10.571360860359043,
        "swir_alteration_index": 1.456970184288386,
        "ferrous_iron_index": 2.175417742786474,
        "environmental_overlap": false,
        "protected_area_name": null,
        "environmental_warning": null,
        "top_drivers": "SWIR Alteration (B11/B12), Structural Proximity, Slope"
      },
      "geometry": {
        "type": "Polygon",
        "coordinates": [
          [
            [
              84.295,
              18.06167
            ],
            [
              84.345,
              18.06167
            ],
            [
              84.345,
              18.11167
            ],
            [
              84.295,
              18.11167
            ],
            [
              84.295,
              18.06167
            ]
          ]
        ]
      }
    },
    {
      "type": "Feature",
      "properties": {
        "zone_id": "MN-ZONE-385",
        "belt_name": "AP Belt",
        "state": "Andhra Pradesh",
        "latitude": 18.08667,
        "longitude": 84.68,
        "prospectivity_score": 0.8633,
        "uncertainty_val": 0.2346,
        "confidence_tier": "Data-Rich",
        "confidence_percent": 76.5,
        "priority_category": "HIGH PRIORITY",
        "area_sq_km": 28.5,
        "elevation_m": 311.2508685094566,
        "slope_deg": 13.206269989414723,
        "swir_alteration_index": 1.6391752918909654,
        "ferrous_iron_index": 3.4648973938698955,
        "environmental_overlap": false,
        "protected_area_name": null,
        "environmental_warning": null,
        "top_drivers": "SWIR Alteration (B11/B12), Structural Proximity, Slope"
      },
      "geometry": {
        "type": "Polygon",
        "coordinates": [
          [
            [
              84.655,
              18.06167
            ],
            [
              84.705,
              18.06167
            ],
            [
              84.705,
              18.11167
            ],
            [
              84.655,
              18.11167
            ],
            [
              84.655,
              18.06167
            ]
          ]
        ]
      }
    },
    {
      "type": "Feature",
      "properties": {
        "zone_id": "MN-ZONE-386",
        "belt_name": "AP Belt",
        "state": "Andhra Pradesh",
        "latitude": 18.17333,
        "longitude": 83.0,
        "prospectivity_score": 0.9533,
        "uncertainty_val": 0.0991,
        "confidence_tier": "Data-Rich",
        "confidence_percent": 90.1,
        "priority_category": "HIGH PRIORITY",
        "area_sq_km": 28.5,
        "elevation_m": 331.3563584178446,
        "slope_deg": 7.842907258047621,
        "swir_alteration_index": 1.944865296522144,
        "ferrous_iron_index": 2.8892435187140384,
        "environmental_overlap": false,
        "protected_area_name": null,
        "environmental_warning": null,
        "top_drivers": "SWIR Alteration (B11/B12), Structural Proximity, Slope"
      },
      "geometry": {
        "type": "Polygon",
        "coordinates": [
          [
            [
              82.975,
              18.14833
            ],
            [
              83.025,
              18.14833
            ],
            [
              83.025,
              18.19833
            ],
            [
              82.975,
              18.19833
            ],
            [
              82.975,
              18.14833
            ]
          ]
        ]
      }
    },
    {
      "type": "Feature",
      "properties": {
        "zone_id": "MN-ZONE-387",
        "belt_name": "AP Belt",
        "state": "Andhra Pradesh",
        "latitude": 18.17333,
        "longitude": 83.12,
        "prospectivity_score": 0.8533,
        "uncertainty_val": 0.0769,
        "confidence_tier": "Data-Rich",
        "confidence_percent": 92.3,
        "priority_category": "HIGH PRIORITY",
        "area_sq_km": 28.5,
        "elevation_m": 269.3229547997481,
        "slope_deg": 9.651327515506512,
        "swir_alteration_index": 2.214149572930606,
        "ferrous_iron_index": 2.3654126390820442,
        "environmental_overlap": false,
        "protected_area_name": null,
        "environmental_warning": null,
        "top_drivers": "SWIR Alteration (B11/B12), Structural Proximity, Slope"
      },
      "geometry": {
        "type": "Polygon",
        "coordinates": [
          [
            [
              83.095,
              18.14833
            ],
            [
              83.145,
              18.14833
            ],
            [
              83.145,
              18.19833
            ],
            [
              83.095,
              18.19833
            ],
            [
              83.095,
              18.14833
            ]
          ]
        ]
      }
    },
    {
      "type": "Feature",
      "properties": {
        "zone_id": "MN-ZONE-388",
        "belt_name": "AP Belt",
        "state": "Andhra Pradesh",
        "latitude": 18.17333,
        "longitude": 83.48,
        "prospectivity_score": 0.8867,
        "uncertainty_val": 0.0234,
        "confidence_tier": "Data-Rich",
        "confidence_percent": 97.7,
        "priority_category": "HIGH PRIORITY",
        "area_sq_km": 28.5,
        "elevation_m": 479.9871243530605,
        "slope_deg": 6.786812153001453,
        "swir_alteration_index": 2.3198682625077724,
        "ferrous_iron_index": 5.804115979355313,
        "environmental_overlap": false,
        "protected_area_name": null,
        "environmental_warning": null,
        "top_drivers": "SWIR Alteration (B11/B12), Structural Proximity, Slope"
      },
      "geometry": {
        "type": "Polygon",
        "coordinates": [
          [
            [
              83.455,
              18.14833
            ],
            [
              83.505,
              18.14833
            ],
            [
              83.505,
              18.19833
            ],
            [
              83.455,
              18.19833
            ],
            [
              83.455,
              18.14833
            ]
          ]
        ]
      }
    },
    {
      "type": "Feature",
      "properties": {
        "zone_id": "MN-ZONE-389",
        "belt_name": "AP Belt",
        "state": "Andhra Pradesh",
        "latitude": 18.17333,
        "longitude": 83.72,
        "prospectivity_score": 0.9033,
        "uncertainty_val": 0.0387,
        "confidence_tier": "Data-Rich",
        "confidence_percent": 96.1,
        "priority_category": "HIGH PRIORITY",
        "area_sq_km": 28.5,
        "elevation_m": 264.9434610496566,
        "slope_deg": 16.54542307399491,
        "swir_alteration_index": 1.2809124513401247,
        "ferrous_iron_index": 4.10641698475345,
        "environmental_overlap": false,
        "protected_area_name": null,
        "environmental_warning": null,
        "top_drivers": "SWIR Alteration (B11/B12), Structural Proximity, Slope"
      },
      "geometry": {
        "type": "Polygon",
        "coordinates": [
          [
            [
              83.695,
              18.14833
            ],
            [
              83.745,
              18.14833
            ],
            [
              83.745,
              18.19833
            ],
            [
              83.695,
              18.19833
            ],
            [
              83.695,
              18.14833
            ]
          ]
        ]
      }
    },
    {
      "type": "Feature",
      "properties": {
        "zone_id": "MN-ZONE-390",
        "belt_name": "AP Belt",
        "state": "Andhra Pradesh",
        "latitude": 18.17333,
        "longitude": 83.84,
        "prospectivity_score": 0.9133,
        "uncertainty_val": 0.0613,
        "confidence_tier": "Data-Rich",
        "confidence_percent": 93.9,
        "priority_category": "HIGH PRIORITY",
        "area_sq_km": 28.5,
        "elevation_m": 335.8809417909663,
        "slope_deg": 21.66262624589303,
        "swir_alteration_index": 1.908309899964632,
        "ferrous_iron_index": 5.341308831776016,
        "environmental_overlap": false,
        "protected_area_name": null,
        "environmental_warning": null,
        "top_drivers": "SWIR Alteration (B11/B12), Structural Proximity, Slope"
      },
      "geometry": {
        "type": "Polygon",
        "coordinates": [
          [
            [
              83.815,
              18.14833
            ],
            [
              83.865,
              18.14833
            ],
            [
              83.865,
              18.19833
            ],
            [
              83.815,
              18.19833
            ],
            [
              83.815,
              18.14833
            ]
          ]
        ]
      }
    },
    {
      "type": "Feature",
      "properties": {
        "zone_id": "MN-ZONE-391",
        "belt_name": "AP Belt",
        "state": "Andhra Pradesh",
        "latitude": 18.17333,
        "longitude": 83.96,
        "prospectivity_score": 0.8267,
        "uncertainty_val": 0.0851,
        "confidence_tier": "Data-Rich",
        "confidence_percent": 91.5,
        "priority_category": "HIGH PRIORITY",
        "area_sq_km": 28.5,
        "elevation_m": 460.2692046074378,
        "slope_deg": 10.800234098674455,
        "swir_alteration_index": 0.9191501782681278,
        "ferrous_iron_index": 3.0547782966715498,
        "environmental_overlap": false,
        "protected_area_name": null,
        "environmental_warning": null,
        "top_drivers": "SWIR Alteration (B11/B12), Structural Proximity, Slope"
      },
      "geometry": {
        "type": "Polygon",
        "coordinates": [
          [
            [
              83.935,
              18.14833
            ],
            [
              83.985,
              18.14833
            ],
            [
              83.985,
              18.19833
            ],
            [
              83.935,
              18.19833
            ],
            [
              83.935,
              18.14833
            ]
          ]
        ]
      }
    },
    {
      "type": "Feature",
      "properties": {
        "zone_id": "MN-ZONE-392",
        "belt_name": "AP Belt",
        "state": "Andhra Pradesh",
        "latitude": 18.17333,
        "longitude": 84.08,
        "prospectivity_score": 0.9067,
        "uncertainty_val": 0.1094,
        "confidence_tier": "Data-Rich",
        "confidence_percent": 89.1,
        "priority_category": "HIGH PRIORITY",
        "area_sq_km": 28.5,
        "elevation_m": 319.93559602640346,
        "slope_deg": 1.450175868248758,
        "swir_alteration_index": 1.4326270874514508,
        "ferrous_iron_index": 2.5824415333191557,
        "environmental_overlap": false,
        "protected_area_name": null,
        "environmental_warning": null,
        "top_drivers": "SWIR Alteration (B11/B12), Structural Proximity, Slope"
      },
      "geometry": {
        "type": "Polygon",
        "coordinates": [
          [
            [
              84.055,
              18.14833
            ],
            [
              84.105,
              18.14833
            ],
            [
              84.105,
              18.19833
            ],
            [
              84.055,
              18.19833
            ],
            [
              84.055,
              18.14833
            ]
          ]
        ]
      }
    },
    {
      "type": "Feature",
      "properties": {
        "zone_id": "MN-ZONE-393",
        "belt_name": "AP Belt",
        "state": "Andhra Pradesh",
        "latitude": 18.17333,
        "longitude": 84.56,
        "prospectivity_score": 0.86,
        "uncertainty_val": 0.2076,
        "confidence_tier": "Data-Rich",
        "confidence_percent": 79.2,
        "priority_category": "HIGH PRIORITY",
        "area_sq_km": 28.5,
        "elevation_m": 503.4809806103858,
        "slope_deg": 0.7278538197992503,
        "swir_alteration_index": 1.9298081384785728,
        "ferrous_iron_index": 1.9821428489011985,
        "environmental_overlap": false,
        "protected_area_name": null,
        "environmental_warning": null,
        "top_drivers": "SWIR Alteration (B11/B12), Structural Proximity, Slope"
      },
      "geometry": {
        "type": "Polygon",
        "coordinates": [
          [
            [
              84.535,
              18.14833
            ],
            [
              84.585,
              18.14833
            ],
            [
              84.585,
              18.19833
            ],
            [
              84.535,
              18.19833
            ],
            [
              84.535,
              18.14833
            ]
          ]
        ]
      }
    },
    {
      "type": "Feature",
      "properties": {
        "zone_id": "MN-ZONE-394",
        "belt_name": "AP Belt",
        "state": "Andhra Pradesh",
        "latitude": 18.17333,
        "longitude": 84.68,
        "prospectivity_score": 0.9433,
        "uncertainty_val": 0.2323,
        "confidence_tier": "Data-Rich",
        "confidence_percent": 76.8,
        "priority_category": "HIGH PRIORITY",
        "area_sq_km": 28.5,
        "elevation_m": 125.15034655003444,
        "slope_deg": 4.93706652839637,
        "swir_alteration_index": 1.6589094295371247,
        "ferrous_iron_index": 4.333153149507315,
        "environmental_overlap": false,
        "protected_area_name": null,
        "environmental_warning": null,
        "top_drivers": "SWIR Alteration (B11/B12), Structural Proximity, Slope"
      },
      "geometry": {
        "type": "Polygon",
        "coordinates": [
          [
            [
              84.655,
              18.14833
            ],
            [
              84.705,
              18.14833
            ],
            [
              84.705,
              18.19833
            ],
            [
              84.655,
              18.19833
            ],
            [
              84.655,
              18.14833
            ]
          ]
        ]
      }
    },
    {
      "type": "Feature",
      "properties": {
        "zone_id": "MN-ZONE-395",
        "belt_name": "AP Belt",
        "state": "Andhra Pradesh",
        "latitude": 18.17333,
        "longitude": 84.8,
        "prospectivity_score": 0.8233,
        "uncertainty_val": 0.257,
        "confidence_tier": "Data-Rich",
        "confidence_percent": 74.3,
        "priority_category": "HIGH PRIORITY",
        "area_sq_km": 28.5,
        "elevation_m": 499.521449786857,
        "slope_deg": 13.464194064210039,
        "swir_alteration_index": 1.382334346829744,
        "ferrous_iron_index": 2.1781340672556513,
        "environmental_overlap": false,
        "protected_area_name": null,
        "environmental_warning": null,
        "top_drivers": "SWIR Alteration (B11/B12), Structural Proximity, Slope"
      },
      "geometry": {
        "type": "Polygon",
        "coordinates": [
          [
            [
              84.775,
              18.14833
            ],
            [
              84.825,
              18.14833
            ],
            [
              84.825,
              18.19833
            ],
            [
              84.775,
              18.19833
            ],
            [
              84.775,
              18.14833
            ]
          ]
        ]
      }
    },
    {
      "type": "Feature",
      "properties": {
        "zone_id": "MN-ZONE-396",
        "belt_name": "AP Belt",
        "state": "Andhra Pradesh",
        "latitude": 18.26,
        "longitude": 83.0,
        "prospectivity_score": 0.9867,
        "uncertainty_val": 0.0935,
        "confidence_tier": "Data-Rich",
        "confidence_percent": 90.7,
        "priority_category": "HIGH PRIORITY",
        "area_sq_km": 28.5,
        "elevation_m": 508.03397708229693,
        "slope_deg": 14.124554261999656,
        "swir_alteration_index": 1.9951716076969932,
        "ferrous_iron_index": 2.3377638350377556,
        "environmental_overlap": false,
        "protected_area_name": null,
        "environmental_warning": null,
        "top_drivers": "SWIR Alteration (B11/B12), Structural Proximity, Slope"
      },
      "geometry": {
        "type": "Polygon",
        "coordinates": [
          [
            [
              82.975,
              18.235
            ],
            [
              83.025,
              18.235
            ],
            [
              83.025,
              18.285
            ],
            [
              82.975,
              18.285
            ],
            [
              82.975,
              18.235
            ]
          ]
        ]
      }
    },
    {
      "type": "Feature",
      "properties": {
        "zone_id": "MN-ZONE-397",
        "belt_name": "AP Belt",
        "state": "Andhra Pradesh",
        "latitude": 18.26,
        "longitude": 83.12,
        "prospectivity_score": 0.8267,
        "uncertainty_val": 0.0696,
        "confidence_tier": "Data-Rich",
        "confidence_percent": 93.0,
        "priority_category": "HIGH PRIORITY",
        "area_sq_km": 28.5,
        "elevation_m": 338.16199249458697,
        "slope_deg": 14.418627234710012,
        "swir_alteration_index": 1.6263271368997407,
        "ferrous_iron_index": 3.714885988515862,
        "environmental_overlap": false,
        "protected_area_name": null,
        "environmental_warning": null,
        "top_drivers": "SWIR Alteration (B11/B12), Structural Proximity, Slope"
      },
      "geometry": {
        "type": "Polygon",
        "coordinates": [
          [
            [
              83.095,
              18.235
            ],
            [
              83.145,
              18.235
            ],
            [
              83.145,
              18.285
            ],
            [
              83.095,
              18.285
            ],
            [
              83.095,
              18.235
            ]
          ]
        ]
      }
    },
    {
      "type": "Feature",
      "properties": {
        "zone_id": "MN-ZONE-398",
        "belt_name": "AP Belt",
        "state": "Andhra Pradesh",
        "latitude": 18.26,
        "longitude": 83.24,
        "prospectivity_score": 0.8733,
        "uncertainty_val": 0.0466,
        "confidence_tier": "Data-Rich",
        "confidence_percent": 95.3,
        "priority_category": "HIGH PRIORITY",
        "area_sq_km": 28.5,
        "elevation_m": 278.6807695633867,
        "slope_deg": 11.018368934853104,
        "swir_alteration_index": 2.1053795855963116,
        "ferrous_iron_index": 3.112809953513081,
        "environmental_overlap": true,
        "protected_area_name": "Eastern Ghats Reserve Forest (Vizianagaram)",
        "environmental_warning": "This zone overlaps Eastern Ghats Reserve Forest (Vizianagaram) \u2014 exploration feasibility would require additional environmental clearance.",
        "top_drivers": "SWIR Alteration (B11/B12), Structural Proximity, Slope"
      },
      "geometry": {
        "type": "Polygon",
        "coordinates": [
          [
            [
              83.215,
              18.235
            ],
            [
              83.265,
              18.235
            ],
            [
              83.265,
              18.285
            ],
            [
              83.215,
              18.285
            ],
            [
              83.215,
              18.235
            ]
          ]
        ]
      }
    },
    {
      "type": "Feature",
      "properties": {
        "zone_id": "MN-ZONE-399",
        "belt_name": "AP Belt",
        "state": "Andhra Pradesh",
        "latitude": 18.26,
        "longitude": 83.36,
        "prospectivity_score": 0.93,
        "uncertainty_val": 0.0267,
        "confidence_tier": "Data-Rich",
        "confidence_percent": 97.3,
        "priority_category": "HIGH PRIORITY",
        "area_sq_km": 28.5,
        "elevation_m": 310.952500305611,
        "slope_deg": 15.98949347108364,
        "swir_alteration_index": 0.9501922237433623,
        "ferrous_iron_index": 1.9038380348920907,
        "environmental_overlap": true,
        "protected_area_name": "Eastern Ghats Reserve Forest (Vizianagaram)",
        "environmental_warning": "This zone overlaps Eastern Ghats Reserve Forest (Vizianagaram) \u2014 exploration feasibility would require additional environmental clearance.",
        "top_drivers": "SWIR Alteration (B11/B12), Structural Proximity, Slope"
      },
      "geometry": {
        "type": "Polygon",
        "coordinates": [
          [
            [
              83.335,
              18.235
            ],
            [
              83.385,
              18.235
            ],
            [
              83.385,
              18.285
            ],
            [
              83.335,
              18.285
            ],
            [
              83.335,
              18.235
            ]
          ]
        ]
      }
    },
    {
      "type": "Feature",
      "properties": {
        "zone_id": "MN-ZONE-400",
        "belt_name": "AP Belt",
        "state": "Andhra Pradesh",
        "latitude": 18.26,
        "longitude": 83.6,
        "prospectivity_score": 0.8267,
        "uncertainty_val": 0.0086,
        "confidence_tier": "Data-Rich",
        "confidence_percent": 99.1,
        "priority_category": "HIGH PRIORITY",
        "area_sq_km": 28.5,
        "elevation_m": 466.21910526525824,
        "slope_deg": 14.055832950427117,
        "swir_alteration_index": 2.098413876643469,
        "ferrous_iron_index": 1.4056860808342972,
        "environmental_overlap": true,
        "protected_area_name": "Eastern Ghats Reserve Forest (Vizianagaram)",
        "environmental_warning": "This zone overlaps Eastern Ghats Reserve Forest (Vizianagaram) \u2014 exploration feasibility would require additional environmental clearance.",
        "top_drivers": "SWIR Alteration (B11/B12), Structural Proximity, Slope"
      },
      "geometry": {
        "type": "Polygon",
        "coordinates": [
          [
            [
              83.575,
              18.235
            ],
            [
              83.625,
              18.235
            ],
            [
              83.625,
              18.285
            ],
            [
              83.575,
              18.285
            ],
            [
              83.575,
              18.235
            ]
          ]
        ]
      }
    },
    {
      "type": "Feature",
      "properties": {
        "zone_id": "MN-ZONE-401",
        "belt_name": "AP Belt",
        "state": "Andhra Pradesh",
        "latitude": 18.26,
        "longitude": 83.96,
        "prospectivity_score": 0.8067,
        "uncertainty_val": 0.0826,
        "confidence_tier": "Data-Rich",
        "confidence_percent": 91.7,
        "priority_category": "HIGH PRIORITY",
        "area_sq_km": 28.5,
        "elevation_m": 347.01962181485595,
        "slope_deg": 12.360631073714266,
        "swir_alteration_index": 1.7813984327539223,
        "ferrous_iron_index": 2.8968305682796283,
        "environmental_overlap": false,
        "protected_area_name": null,
        "environmental_warning": null,
        "top_drivers": "SWIR Alteration (B11/B12), Structural Proximity, Slope"
      },
      "geometry": {
        "type": "Polygon",
        "coordinates": [
          [
            [
              83.935,
              18.235
            ],
            [
              83.985,
              18.235
            ],
            [
              83.985,
              18.285
            ],
            [
              83.935,
              18.285
            ],
            [
              83.935,
              18.235
            ]
          ]
        ]
      }
    },
    {
      "type": "Feature",
      "properties": {
        "zone_id": "MN-ZONE-402",
        "belt_name": "AP Belt",
        "state": "Andhra Pradesh",
        "latitude": 18.26,
        "longitude": 84.32,
        "prospectivity_score": 0.8233,
        "uncertainty_val": 0.157,
        "confidence_tier": "Data-Rich",
        "confidence_percent": 84.3,
        "priority_category": "HIGH PRIORITY",
        "area_sq_km": 28.5,
        "elevation_m": 374.8258541761684,
        "slope_deg": 10.192137735062998,
        "swir_alteration_index": 1.3847329172388563,
        "ferrous_iron_index": 2.732424047993467,
        "environmental_overlap": false,
        "protected_area_name": null,
        "environmental_warning": null,
        "top_drivers": "SWIR Alteration (B11/B12), Structural Proximity, Slope"
      },
      "geometry": {
        "type": "Polygon",
        "coordinates": [
          [
            [
              84.295,
              18.235
            ],
            [
              84.345,
              18.235
            ],
            [
              84.345,
              18.285
            ],
            [
              84.295,
              18.285
            ],
            [
              84.295,
              18.235
            ]
          ]
        ]
      }
    },
    {
      "type": "Feature",
      "properties": {
        "zone_id": "MN-ZONE-403",
        "belt_name": "AP Belt",
        "state": "Andhra Pradesh",
        "latitude": 18.26,
        "longitude": 84.44,
        "prospectivity_score": 0.82,
        "uncertainty_val": 0.1818,
        "confidence_tier": "Data-Rich",
        "confidence_percent": 81.8,
        "priority_category": "HIGH PRIORITY",
        "area_sq_km": 28.5,
        "elevation_m": 285.5071539677702,
        "slope_deg": 13.569681231797638,
        "swir_alteration_index": 1.4987815823104038,
        "ferrous_iron_index": 2.674827665270856,
        "environmental_overlap": false,
        "protected_area_name": null,
        "environmental_warning": null,
        "top_drivers": "SWIR Alteration (B11/B12), Structural Proximity, Slope"
      },
      "geometry": {
        "type": "Polygon",
        "coordinates": [
          [
            [
              84.415,
              18.235
            ],
            [
              84.465,
              18.235
            ],
            [
              84.465,
              18.285
            ],
            [
              84.415,
              18.285
            ],
            [
              84.415,
              18.235
            ]
          ]
        ]
      }
    },
    {
      "type": "Feature",
      "properties": {
        "zone_id": "MN-ZONE-404",
        "belt_name": "AP Belt",
        "state": "Andhra Pradesh",
        "latitude": 18.26,
        "longitude": 84.56,
        "prospectivity_score": 0.96,
        "uncertainty_val": 0.2066,
        "confidence_tier": "Data-Rich",
        "confidence_percent": 79.3,
        "priority_category": "HIGH PRIORITY",
        "area_sq_km": 28.5,
        "elevation_m": 559.5690329960365,
        "slope_deg": 7.9373998326443225,
        "swir_alteration_index": 1.8720857495188234,
        "ferrous_iron_index": 3.6709737847586785,
        "environmental_overlap": false,
        "protected_area_name": null,
        "environmental_warning": null,
        "top_drivers": "SWIR Alteration (B11/B12), Structural Proximity, Slope"
      },
      "geometry": {
        "type": "Polygon",
        "coordinates": [
          [
            [
              84.535,
              18.235
            ],
            [
              84.585,
              18.235
            ],
            [
              84.585,
              18.285
            ],
            [
              84.535,
              18.285
            ],
            [
              84.535,
              18.235
            ]
          ]
        ]
      }
    },
    {
      "type": "Feature",
      "properties": {
        "zone_id": "MN-ZONE-405",
        "belt_name": "AP Belt",
        "state": "Andhra Pradesh",
        "latitude": 18.34667,
        "longitude": 83.0,
        "prospectivity_score": 1.0,
        "uncertainty_val": 0.091,
        "confidence_tier": "Data-Rich",
        "confidence_percent": 90.9,
        "priority_category": "HIGH PRIORITY",
        "area_sq_km": 28.5,
        "elevation_m": 382.5251675854344,
        "slope_deg": 15.30668421360653,
        "swir_alteration_index": 1.852287739309296,
        "ferrous_iron_index": 2.9684373644471487,
        "environmental_overlap": false,
        "protected_area_name": null,
        "environmental_warning": null,
        "top_drivers": "SWIR Alteration (B11/B12), Structural Proximity, Slope"
      },
      "geometry": {
        "type": "Polygon",
        "coordinates": [
          [
            [
              82.975,
              18.32167
            ],
            [
              83.025,
              18.32167
            ],
            [
              83.025,
              18.37167
            ],
            [
              82.975,
              18.37167
            ],
            [
              82.975,
              18.32167
            ]
          ]
        ]
      }
    },
    {
      "type": "Feature",
      "properties": {
        "zone_id": "MN-ZONE-406",
        "belt_name": "AP Belt",
        "state": "Andhra Pradesh",
        "latitude": 18.34667,
        "longitude": 83.24,
        "prospectivity_score": 0.7533,
        "uncertainty_val": 0.0415,
        "confidence_tier": "Data-Rich",
        "confidence_percent": 95.8,
        "priority_category": "HIGH PRIORITY",
        "area_sq_km": 28.5,
        "elevation_m": 362.43761223009295,
        "slope_deg": 17.191499030882916,
        "swir_alteration_index": 1.4840360690877044,
        "ferrous_iron_index": 2.211283034545596,
        "environmental_overlap": true,
        "protected_area_name": "Eastern Ghats Reserve Forest (Vizianagaram)",
        "environmental_warning": "This zone overlaps Eastern Ghats Reserve Forest (Vizianagaram) \u2014 exploration feasibility would require additional environmental clearance.",
        "top_drivers": "SWIR Alteration (B11/B12), Structural Proximity, Slope"
      },
      "geometry": {
        "type": "Polygon",
        "coordinates": [
          [
            [
              83.215,
              18.32167
            ],
            [
              83.265,
              18.32167
            ],
            [
              83.265,
              18.37167
            ],
            [
              83.215,
              18.37167
            ],
            [
              83.215,
              18.32167
            ]
          ]
        ]
      }
    },
    {
      "type": "Feature",
      "properties": {
        "zone_id": "MN-ZONE-407",
        "belt_name": "AP Belt",
        "state": "Andhra Pradesh",
        "latitude": 18.34667,
        "longitude": 83.36,
        "prospectivity_score": 0.99,
        "uncertainty_val": 0.017,
        "confidence_tier": "Data-Rich",
        "confidence_percent": 98.3,
        "priority_category": "HIGH PRIORITY",
        "area_sq_km": 28.5,
        "elevation_m": 286.60065367434856,
        "slope_deg": 8.38014210359144,
        "swir_alteration_index": 2.056401841912462,
        "ferrous_iron_index": 2.403189214635002,
        "environmental_overlap": true,
        "protected_area_name": "Eastern Ghats Reserve Forest (Vizianagaram)",
        "environmental_warning": "This zone overlaps Eastern Ghats Reserve Forest (Vizianagaram) \u2014 exploration feasibility would require additional environmental clearance.",
        "top_drivers": "SWIR Alteration (B11/B12), Structural Proximity, Slope"
      },
      "geometry": {
        "type": "Polygon",
        "coordinates": [
          [
            [
              83.335,
              18.32167
            ],
            [
              83.385,
              18.32167
            ],
            [
              83.385,
              18.37167
            ],
            [
              83.335,
              18.37167
            ],
            [
              83.335,
              18.32167
            ]
          ]
        ]
      }
    },
    {
      "type": "Feature",
      "properties": {
        "zone_id": "MN-ZONE-408",
        "belt_name": "AP Belt",
        "state": "Andhra Pradesh",
        "latitude": 18.34667,
        "longitude": 83.96,
        "prospectivity_score": 0.7733,
        "uncertainty_val": 0.0838,
        "confidence_tier": "Data-Rich",
        "confidence_percent": 91.6,
        "priority_category": "HIGH PRIORITY",
        "area_sq_km": 28.5,
        "elevation_m": 219.29016556008676,
        "slope_deg": 10.83730794611746,
        "swir_alteration_index": 2.079924987942917,
        "ferrous_iron_index": 2.762245267279522,
        "environmental_overlap": false,
        "protected_area_name": null,
        "environmental_warning": null,
        "top_drivers": "SWIR Alteration (B11/B12), Structural Proximity, Slope"
      },
      "geometry": {
        "type": "Polygon",
        "coordinates": [
          [
            [
              83.935,
              18.32167
            ],
            [
              83.985,
              18.32167
            ],
            [
              83.985,
              18.37167
            ],
            [
              83.935,
              18.37167
            ],
            [
              83.935,
              18.32167
            ]
          ]
        ]
      }
    },
    {
      "type": "Feature",
      "properties": {
        "zone_id": "MN-ZONE-409",
        "belt_name": "AP Belt",
        "state": "Andhra Pradesh",
        "latitude": 18.34667,
        "longitude": 84.68,
        "prospectivity_score": 0.7667,
        "uncertainty_val": 0.2319,
        "confidence_tier": "Data-Rich",
        "confidence_percent": 76.8,
        "priority_category": "HIGH PRIORITY",
        "area_sq_km": 28.5,
        "elevation_m": 100.0,
        "slope_deg": 7.976574127707337,
        "swir_alteration_index": 2.212787609712909,
        "ferrous_iron_index": 1.4498195372785017,
        "environmental_overlap": false,
        "protected_area_name": null,
        "environmental_warning": null,
        "top_drivers": "SWIR Alteration (B11/B12), Structural Proximity, Slope"
      },
      "geometry": {
        "type": "Polygon",
        "coordinates": [
          [
            [
              84.655,
              18.32167
            ],
            [
              84.705,
              18.32167
            ],
            [
              84.705,
              18.37167
            ],
            [
              84.655,
              18.37167
            ],
            [
              84.655,
              18.32167
            ]
          ]
        ]
      }
    },
    {
      "type": "Feature",
      "properties": {
        "zone_id": "MN-ZONE-410",
        "belt_name": "AP Belt",
        "state": "Andhra Pradesh",
        "latitude": 18.34667,
        "longitude": 84.8,
        "prospectivity_score": 0.8667,
        "uncertainty_val": 0.2566,
        "confidence_tier": "Data-Rich",
        "confidence_percent": 74.3,
        "priority_category": "HIGH PRIORITY",
        "area_sq_km": 28.5,
        "elevation_m": 429.07440072398344,
        "slope_deg": 1.214051013076789,
        "swir_alteration_index": 1.0477923474932145,
        "ferrous_iron_index": 2.0076972804131707,
        "environmental_overlap": false,
        "protected_area_name": null,
        "environmental_warning": null,
        "top_drivers": "SWIR Alteration (B11/B12), Structural Proximity, Slope"
      },
      "geometry": {
        "type": "Polygon",
        "coordinates": [
          [
            [
              84.775,
              18.32167
            ],
            [
              84.825,
              18.32167
            ],
            [
              84.825,
              18.37167
            ],
            [
              84.775,
              18.37167
            ],
            [
              84.775,
              18.32167
            ]
          ]
        ]
      }
    },
    {
      "type": "Feature",
      "properties": {
        "zone_id": "MN-ZONE-411",
        "belt_name": "AP Belt",
        "state": "Andhra Pradesh",
        "latitude": 18.43333,
        "longitude": 83.36,
        "prospectivity_score": 0.9633,
        "uncertainty_val": 0.0211,
        "confidence_tier": "Data-Rich",
        "confidence_percent": 97.9,
        "priority_category": "HIGH PRIORITY",
        "area_sq_km": 28.5,
        "elevation_m": 343.45460215778286,
        "slope_deg": 15.2329496218622,
        "swir_alteration_index": 2.5001325423410488,
        "ferrous_iron_index": 4.588047713014999,
        "environmental_overlap": true,
        "protected_area_name": "Eastern Ghats Reserve Forest (Vizianagaram)",
        "environmental_warning": "This zone overlaps Eastern Ghats Reserve Forest (Vizianagaram) \u2014 exploration feasibility would require additional environmental clearance.",
        "top_drivers": "SWIR Alteration (B11/B12), Structural Proximity, Slope"
      },
      "geometry": {
        "type": "Polygon",
        "coordinates": [
          [
            [
              83.335,
              18.40833
            ],
            [
              83.385,
              18.40833
            ],
            [
              83.385,
              18.45833
            ],
            [
              83.335,
              18.45833
            ],
            [
              83.335,
              18.40833
            ]
          ]
        ]
      }
    },
    {
      "type": "Feature",
      "properties": {
        "zone_id": "MN-ZONE-412",
        "belt_name": "AP Belt",
        "state": "Andhra Pradesh",
        "latitude": 18.43333,
        "longitude": 83.48,
        "prospectivity_score": 0.81,
        "uncertainty_val": 0.013,
        "confidence_tier": "Data-Rich",
        "confidence_percent": 98.7,
        "priority_category": "HIGH PRIORITY",
        "area_sq_km": 28.5,
        "elevation_m": 319.5332166244344,
        "slope_deg": 12.792254045946233,
        "swir_alteration_index": 2.5173926230426553,
        "ferrous_iron_index": 3.034260211167291,
        "environmental_overlap": true,
        "protected_area_name": "Eastern Ghats Reserve Forest (Vizianagaram)",
        "environmental_warning": "This zone overlaps Eastern Ghats Reserve Forest (Vizianagaram) \u2014 exploration feasibility would require additional environmental clearance.",
        "top_drivers": "SWIR Alteration (B11/B12), Structural Proximity, Slope"
      },
      "geometry": {
        "type": "Polygon",
        "coordinates": [
          [
            [
              83.455,
              18.40833
            ],
            [
              83.505,
              18.40833
            ],
            [
              83.505,
              18.45833
            ],
            [
              83.455,
              18.45833
            ],
            [
              83.455,
              18.40833
            ]
          ]
        ]
      }
    },
    {
      "type": "Feature",
      "properties": {
        "zone_id": "MN-ZONE-413",
        "belt_name": "AP Belt",
        "state": "Andhra Pradesh",
        "latitude": 18.43333,
        "longitude": 83.6,
        "prospectivity_score": 0.76,
        "uncertainty_val": 0.0318,
        "confidence_tier": "Data-Rich",
        "confidence_percent": 96.8,
        "priority_category": "HIGH PRIORITY",
        "area_sq_km": 28.5,
        "elevation_m": 290.84841303294326,
        "slope_deg": 18.827332629841806,
        "swir_alteration_index": 1.4124256733966556,
        "ferrous_iron_index": 2.7151839835166336,
        "environmental_overlap": true,
        "protected_area_name": "Eastern Ghats Reserve Forest (Vizianagaram)",
        "environmental_warning": "This zone overlaps Eastern Ghats Reserve Forest (Vizianagaram) \u2014 exploration feasibility would require additional environmental clearance.",
        "top_drivers": "SWIR Alteration (B11/B12), Structural Proximity, Slope"
      },
      "geometry": {
        "type": "Polygon",
        "coordinates": [
          [
            [
              83.575,
              18.40833
            ],
            [
              83.625,
              18.40833
            ],
            [
              83.625,
              18.45833
            ],
            [
              83.575,
              18.45833
            ],
            [
              83.575,
              18.40833
            ]
          ]
        ]
      }
    },
    {
      "type": "Feature",
      "properties": {
        "zone_id": "MN-ZONE-414",
        "belt_name": "AP Belt",
        "state": "Andhra Pradesh",
        "latitude": 18.43333,
        "longitude": 83.84,
        "prospectivity_score": 0.7833,
        "uncertainty_val": 0.0661,
        "confidence_tier": "Data-Rich",
        "confidence_percent": 93.4,
        "priority_category": "HIGH PRIORITY",
        "area_sq_km": 28.5,
        "elevation_m": 355.3040784270447,
        "slope_deg": 9.111250221091012,
        "swir_alteration_index": 0.8509806348453889,
        "ferrous_iron_index": 3.1126006701995244,
        "environmental_overlap": false,
        "protected_area_name": null,
        "environmental_warning": null,
        "top_drivers": "SWIR Alteration (B11/B12), Structural Proximity, Slope"
      },
      "geometry": {
        "type": "Polygon",
        "coordinates": [
          [
            [
              83.815,
              18.40833
            ],
            [
              83.865,
              18.40833
            ],
            [
              83.865,
              18.45833
            ],
            [
              83.815,
              18.45833
            ],
            [
              83.815,
              18.40833
            ]
          ]
        ]
      }
    },
    {
      "type": "Feature",
      "properties": {
        "zone_id": "MN-ZONE-415",
        "belt_name": "AP Belt",
        "state": "Andhra Pradesh",
        "latitude": 18.43333,
        "longitude": 84.32,
        "prospectivity_score": 0.98,
        "uncertainty_val": 0.1603,
        "confidence_tier": "Data-Rich",
        "confidence_percent": 84.0,
        "priority_category": "HIGH PRIORITY",
        "area_sq_km": 28.5,
        "elevation_m": 428.97710286367067,
        "slope_deg": 10.222288061119228,
        "swir_alteration_index": 1.5638481202225623,
        "ferrous_iron_index": 3.7776991493503456,
        "environmental_overlap": false,
        "protected_area_name": null,
        "environmental_warning": null,
        "top_drivers": "SWIR Alteration (B11/B12), Structural Proximity, Slope"
      },
      "geometry": {
        "type": "Polygon",
        "coordinates": [
          [
            [
              84.295,
              18.40833
            ],
            [
              84.345,
              18.40833
            ],
            [
              84.345,
              18.45833
            ],
            [
              84.295,
              18.45833
            ],
            [
              84.295,
              18.40833
            ]
          ]
        ]
      }
    },
    {
      "type": "Feature",
      "properties": {
        "zone_id": "MN-ZONE-416",
        "belt_name": "AP Belt",
        "state": "Andhra Pradesh",
        "latitude": 18.43333,
        "longitude": 84.44,
        "prospectivity_score": 0.85,
        "uncertainty_val": 0.1847,
        "confidence_tier": "Data-Rich",
        "confidence_percent": 81.5,
        "priority_category": "HIGH PRIORITY",
        "area_sq_km": 28.5,
        "elevation_m": 215.87402727632622,
        "slope_deg": 12.423264204875696,
        "swir_alteration_index": 1.2705476811021255,
        "ferrous_iron_index": 5.107897709934791,
        "environmental_overlap": false,
        "protected_area_name": null,
        "environmental_warning": null,
        "top_drivers": "SWIR Alteration (B11/B12), Structural Proximity, Slope"
      },
      "geometry": {
        "type": "Polygon",
        "coordinates": [
          [
            [
              84.415,
              18.40833
            ],
            [
              84.465,
              18.40833
            ],
            [
              84.465,
              18.45833
            ],
            [
              84.415,
              18.45833
            ],
            [
              84.415,
              18.40833
            ]
          ]
        ]
      }
    },
    {
      "type": "Feature",
      "properties": {
        "zone_id": "MN-ZONE-417",
        "belt_name": "AP Belt",
        "state": "Andhra Pradesh",
        "latitude": 18.52,
        "longitude": 83.0,
        "prospectivity_score": 0.76,
        "uncertainty_val": 0.0962,
        "confidence_tier": "Data-Rich",
        "confidence_percent": 90.4,
        "priority_category": "HIGH PRIORITY",
        "area_sq_km": 28.5,
        "elevation_m": 286.10149459333223,
        "slope_deg": 5.1387982309868825,
        "swir_alteration_index": 1.1303147825485589,
        "ferrous_iron_index": 2.713074256045579,
        "environmental_overlap": false,
        "protected_area_name": null,
        "environmental_warning": null,
        "top_drivers": "SWIR Alteration (B11/B12), Structural Proximity, Slope"
      },
      "geometry": {
        "type": "Polygon",
        "coordinates": [
          [
            [
              82.975,
              18.495
            ],
            [
              83.025,
              18.495
            ],
            [
              83.025,
              18.545
            ],
            [
              82.975,
              18.545
            ],
            [
              82.975,
              18.495
            ]
          ]
        ]
      }
    },
    {
      "type": "Feature",
      "properties": {
        "zone_id": "MN-ZONE-418",
        "belt_name": "AP Belt",
        "state": "Andhra Pradesh",
        "latitude": 18.52,
        "longitude": 83.24,
        "prospectivity_score": 0.9267,
        "uncertainty_val": 0.0517,
        "confidence_tier": "Data-Rich",
        "confidence_percent": 94.8,
        "priority_category": "HIGH PRIORITY",
        "area_sq_km": 28.5,
        "elevation_m": 323.1322122475043,
        "slope_deg": 11.564530940102497,
        "swir_alteration_index": 1.937671755562127,
        "ferrous_iron_index": 2.8183178903704804,
        "environmental_overlap": true,
        "protected_area_name": "Eastern Ghats Reserve Forest (Vizianagaram)",
        "environmental_warning": "This zone overlaps Eastern Ghats Reserve Forest (Vizianagaram) \u2014 exploration feasibility would require additional environmental clearance.",
        "top_drivers": "SWIR Alteration (B11/B12), Structural Proximity, Slope"
      },
      "geometry": {
        "type": "Polygon",
        "coordinates": [
          [
            [
              83.215,
              18.495
            ],
            [
              83.265,
              18.495
            ],
            [
              83.265,
              18.545
            ],
            [
              83.215,
              18.545
            ],
            [
              83.215,
              18.495
            ]
          ]
        ]
      }
    },
    {
      "type": "Feature",
      "properties": {
        "zone_id": "MN-ZONE-419",
        "belt_name": "AP Belt",
        "state": "Andhra Pradesh",
        "latitude": 18.52,
        "longitude": 83.72,
        "prospectivity_score": 0.98,
        "uncertainty_val": 0.0595,
        "confidence_tier": "Data-Rich",
        "confidence_percent": 94.0,
        "priority_category": "HIGH PRIORITY",
        "area_sq_km": 28.5,
        "elevation_m": 287.2949154552649,
        "slope_deg": 15.433764377283643,
        "swir_alteration_index": 1.4886756187031291,
        "ferrous_iron_index": 3.6710014133713145,
        "environmental_overlap": false,
        "protected_area_name": null,
        "environmental_warning": null,
        "top_drivers": "SWIR Alteration (B11/B12), Structural Proximity, Slope"
      },
      "geometry": {
        "type": "Polygon",
        "coordinates": [
          [
            [
              83.695,
              18.495
            ],
            [
              83.745,
              18.495
            ],
            [
              83.745,
              18.545
            ],
            [
              83.695,
              18.545
            ],
            [
              83.695,
              18.495
            ]
          ]
        ]
      }
    },
    {
      "type": "Feature",
      "properties": {
        "zone_id": "MN-ZONE-420",
        "belt_name": "AP Belt",
        "state": "Andhra Pradesh",
        "latitude": 18.52,
        "longitude": 84.2,
        "prospectivity_score": 0.8467,
        "uncertainty_val": 0.1414,
        "confidence_tier": "Data-Rich",
        "confidence_percent": 85.9,
        "priority_category": "HIGH PRIORITY",
        "area_sq_km": 28.5,
        "elevation_m": 377.5396234143209,
        "slope_deg": 14.111702435541659,
        "swir_alteration_index": 1.8969145166687642,
        "ferrous_iron_index": 2.932539963861733,
        "environmental_overlap": false,
        "protected_area_name": null,
        "environmental_warning": null,
        "top_drivers": "SWIR Alteration (B11/B12), Structural Proximity, Slope"
      },
      "geometry": {
        "type": "Polygon",
        "coordinates": [
          [
            [
              84.175,
              18.495
            ],
            [
              84.225,
              18.495
            ],
            [
              84.225,
              18.545
            ],
            [
              84.175,
              18.545
            ],
            [
              84.175,
              18.495
            ]
          ]
        ]
      }
    },
    {
      "type": "Feature",
      "properties": {
        "zone_id": "MN-ZONE-421",
        "belt_name": "AP Belt",
        "state": "Andhra Pradesh",
        "latitude": 18.52,
        "longitude": 84.32,
        "prospectivity_score": 0.8633,
        "uncertainty_val": 0.1648,
        "confidence_tier": "Data-Rich",
        "confidence_percent": 83.5,
        "priority_category": "HIGH PRIORITY",
        "area_sq_km": 28.5,
        "elevation_m": 285.9341977397237,
        "slope_deg": 14.90732953634201,
        "swir_alteration_index": 1.5649866750797974,
        "ferrous_iron_index": 2.241880172756652,
        "environmental_overlap": false,
        "protected_area_name": null,
        "environmental_warning": null,
        "top_drivers": "SWIR Alteration (B11/B12), Structural Proximity, Slope"
      },
      "geometry": {
        "type": "Polygon",
        "coordinates": [
          [
            [
              84.295,
              18.495
            ],
            [
              84.345,
              18.495
            ],
            [
              84.345,
              18.545
            ],
            [
              84.295,
              18.545
            ],
            [
              84.295,
              18.495
            ]
          ]
        ]
      }
    },
    {
      "type": "Feature",
      "properties": {
        "zone_id": "MN-ZONE-422",
        "belt_name": "AP Belt",
        "state": "Andhra Pradesh",
        "latitude": 18.52,
        "longitude": 84.56,
        "prospectivity_score": 0.7633,
        "uncertainty_val": 0.2126,
        "confidence_tier": "Data-Rich",
        "confidence_percent": 78.7,
        "priority_category": "HIGH PRIORITY",
        "area_sq_km": 28.5,
        "elevation_m": 402.2296841616592,
        "slope_deg": 7.634147575293792,
        "swir_alteration_index": 1.1140950852619331,
        "ferrous_iron_index": 4.219696248344722,
        "environmental_overlap": false,
        "protected_area_name": null,
        "environmental_warning": null,
        "top_drivers": "SWIR Alteration (B11/B12), Structural Proximity, Slope"
      },
      "geometry": {
        "type": "Polygon",
        "coordinates": [
          [
            [
              84.535,
              18.495
            ],
            [
              84.585,
              18.495
            ],
            [
              84.585,
              18.545
            ],
            [
              84.535,
              18.545
            ],
            [
              84.535,
              18.495
            ]
          ]
        ]
      }
    },
    {
      "type": "Feature",
      "properties": {
        "zone_id": "MN-ZONE-423",
        "belt_name": "AP Belt",
        "state": "Andhra Pradesh",
        "latitude": 18.52,
        "longitude": 84.68,
        "prospectivity_score": 0.85,
        "uncertainty_val": 0.2368,
        "confidence_tier": "Data-Rich",
        "confidence_percent": 76.3,
        "priority_category": "HIGH PRIORITY",
        "area_sq_km": 28.5,
        "elevation_m": 186.31981356892084,
        "slope_deg": 21.35517999129801,
        "swir_alteration_index": 1.8162345715693373,
        "ferrous_iron_index": 1.8552017079486902,
        "environmental_overlap": false,
        "protected_area_name": null,
        "environmental_warning": null,
        "top_drivers": "SWIR Alteration (B11/B12), Structural Proximity, Slope"
      },
      "geometry": {
        "type": "Polygon",
        "coordinates": [
          [
            [
              84.655,
              18.495
            ],
            [
              84.705,
              18.495
            ],
            [
              84.705,
              18.545
            ],
            [
              84.655,
              18.545
            ],
            [
              84.655,
              18.495
            ]
          ]
        ]
      }
    },
    {
      "type": "Feature",
      "properties": {
        "zone_id": "MN-ZONE-424",
        "belt_name": "AP Belt",
        "state": "Andhra Pradesh",
        "latitude": 18.60667,
        "longitude": 83.24,
        "prospectivity_score": 0.8433,
        "uncertainty_val": 0.0638,
        "confidence_tier": "Data-Rich",
        "confidence_percent": 93.6,
        "priority_category": "HIGH PRIORITY",
        "area_sq_km": 28.5,
        "elevation_m": 500.9523992698854,
        "slope_deg": 0.5,
        "swir_alteration_index": 1.4523816825319287,
        "ferrous_iron_index": 2.131350458447121,
        "environmental_overlap": true,
        "protected_area_name": "Eastern Ghats Reserve Forest (Vizianagaram)",
        "environmental_warning": "This zone overlaps Eastern Ghats Reserve Forest (Vizianagaram) \u2014 exploration feasibility would require additional environmental clearance.",
        "top_drivers": "SWIR Alteration (B11/B12), Structural Proximity, Slope"
      },
      "geometry": {
        "type": "Polygon",
        "coordinates": [
          [
            [
              83.215,
              18.58167
            ],
            [
              83.265,
              18.58167
            ],
            [
              83.265,
              18.63167
            ],
            [
              83.215,
              18.63167
            ],
            [
              83.215,
              18.58167
            ]
          ]
        ]
      }
    },
    {
      "type": "Feature",
      "properties": {
        "zone_id": "MN-ZONE-425",
        "belt_name": "AP Belt",
        "state": "Andhra Pradesh",
        "latitude": 18.60667,
        "longitude": 83.36,
        "prospectivity_score": 0.84,
        "uncertainty_val": 0.0509,
        "confidence_tier": "Data-Rich",
        "confidence_percent": 94.9,
        "priority_category": "HIGH PRIORITY",
        "area_sq_km": 28.5,
        "elevation_m": 485.97184561448057,
        "slope_deg": 3.5460298118936375,
        "swir_alteration_index": 1.8836411256442698,
        "ferrous_iron_index": 2.1340381915078868,
        "environmental_overlap": true,
        "protected_area_name": "Eastern Ghats Reserve Forest (Vizianagaram)",
        "environmental_warning": "This zone overlaps Eastern Ghats Reserve Forest (Vizianagaram) \u2014 exploration feasibility would require additional environmental clearance.",
        "top_drivers": "SWIR Alteration (B11/B12), Structural Proximity, Slope"
      },
      "geometry": {
        "type": "Polygon",
        "coordinates": [
          [
            [
              83.335,
              18.58167
            ],
            [
              83.385,
              18.58167
            ],
            [
              83.385,
              18.63167
            ],
            [
              83.335,
              18.63167
            ],
            [
              83.335,
              18.58167
            ]
          ]
        ]
      }
    },
    {
      "type": "Feature",
      "properties": {
        "zone_id": "MN-ZONE-426",
        "belt_name": "AP Belt",
        "state": "Andhra Pradesh",
        "latitude": 18.60667,
        "longitude": 83.96,
        "prospectivity_score": 0.8933,
        "uncertainty_val": 0.1069,
        "confidence_tier": "Data-Rich",
        "confidence_percent": 89.3,
        "priority_category": "HIGH PRIORITY",
        "area_sq_km": 28.5,
        "elevation_m": 328.6229751937651,
        "slope_deg": 5.485141760610265,
        "swir_alteration_index": 1.694961536902338,
        "ferrous_iron_index": 4.385183868218625,
        "environmental_overlap": false,
        "protected_area_name": null,
        "environmental_warning": null,
        "top_drivers": "SWIR Alteration (B11/B12), Structural Proximity, Slope"
      },
      "geometry": {
        "type": "Polygon",
        "coordinates": [
          [
            [
              83.935,
              18.58167
            ],
            [
              83.985,
              18.58167
            ],
            [
              83.985,
              18.63167
            ],
            [
              83.935,
              18.63167
            ],
            [
              83.935,
              18.58167
            ]
          ]
        ]
      }
    },
    {
      "type": "Feature",
      "properties": {
        "zone_id": "MN-ZONE-427",
        "belt_name": "AP Belt",
        "state": "Andhra Pradesh",
        "latitude": 18.60667,
        "longitude": 84.2,
        "prospectivity_score": 0.88,
        "uncertainty_val": 0.1487,
        "confidence_tier": "Data-Rich",
        "confidence_percent": 85.1,
        "priority_category": "HIGH PRIORITY",
        "area_sq_km": 28.5,
        "elevation_m": 348.166193336629,
        "slope_deg": 9.471653648448088,
        "swir_alteration_index": 1.8636843470337079,
        "ferrous_iron_index": 2.8319086311825736,
        "environmental_overlap": false,
        "protected_area_name": null,
        "environmental_warning": null,
        "top_drivers": "SWIR Alteration (B11/B12), Structural Proximity, Slope"
      },
      "geometry": {
        "type": "Polygon",
        "coordinates": [
          [
            [
              84.175,
              18.58167
            ],
            [
              84.225,
              18.58167
            ],
            [
              84.225,
              18.63167
            ],
            [
              84.175,
              18.63167
            ],
            [
              84.175,
              18.58167
            ]
          ]
        ]
      }
    },
    {
      "type": "Feature",
      "properties": {
        "zone_id": "MN-ZONE-428",
        "belt_name": "AP Belt",
        "state": "Andhra Pradesh",
        "latitude": 18.60667,
        "longitude": 84.32,
        "prospectivity_score": 0.7567,
        "uncertainty_val": 0.1711,
        "confidence_tier": "Data-Rich",
        "confidence_percent": 82.9,
        "priority_category": "HIGH PRIORITY",
        "area_sq_km": 28.5,
        "elevation_m": 377.48134611974876,
        "slope_deg": 8.318915363561642,
        "swir_alteration_index": 1.6513770490210795,
        "ferrous_iron_index": 4.195378453524012,
        "environmental_overlap": false,
        "protected_area_name": null,
        "environmental_warning": null,
        "top_drivers": "SWIR Alteration (B11/B12), Structural Proximity, Slope"
      },
      "geometry": {
        "type": "Polygon",
        "coordinates": [
          [
            [
              84.295,
              18.58167
            ],
            [
              84.345,
              18.58167
            ],
            [
              84.345,
              18.63167
            ],
            [
              84.295,
              18.63167
            ],
            [
              84.295,
              18.58167
            ]
          ]
        ]
      }
    },
    {
      "type": "Feature",
      "properties": {
        "zone_id": "MN-ZONE-429",
        "belt_name": "AP Belt",
        "state": "Andhra Pradesh",
        "latitude": 18.69333,
        "longitude": 83.0,
        "prospectivity_score": 0.8433,
        "uncertainty_val": 0.1129,
        "confidence_tier": "Data-Rich",
        "confidence_percent": 88.7,
        "priority_category": "HIGH PRIORITY",
        "area_sq_km": 28.5,
        "elevation_m": 238.17680606439686,
        "slope_deg": 13.69864667087155,
        "swir_alteration_index": 1.5427978025947817,
        "ferrous_iron_index": 1.541151377355727,
        "environmental_overlap": false,
        "protected_area_name": null,
        "environmental_warning": null,
        "top_drivers": "SWIR Alteration (B11/B12), Structural Proximity, Slope"
      },
      "geometry": {
        "type": "Polygon",
        "coordinates": [
          [
            [
              82.975,
              18.66833
            ],
            [
              83.025,
              18.66833
            ],
            [
              83.025,
              18.71833
            ],
            [
              82.975,
              18.71833
            ],
            [
              82.975,
              18.66833
            ]
          ]
        ]
      }
    },
    {
      "type": "Feature",
      "properties": {
        "zone_id": "MN-ZONE-430",
        "belt_name": "AP Belt",
        "state": "Andhra Pradesh",
        "latitude": 18.69333,
        "longitude": 83.12,
        "prospectivity_score": 0.8833,
        "uncertainty_val": 0.0939,
        "confidence_tier": "Data-Rich",
        "confidence_percent": 90.6,
        "priority_category": "HIGH PRIORITY",
        "area_sq_km": 28.5,
        "elevation_m": 459.9883273553469,
        "slope_deg": 9.576213468718155,
        "swir_alteration_index": 0.8943582564962117,
        "ferrous_iron_index": 1.9530443980508516,
        "environmental_overlap": false,
        "protected_area_name": null,
        "environmental_warning": null,
        "top_drivers": "SWIR Alteration (B11/B12), Structural Proximity, Slope"
      },
      "geometry": {
        "type": "Polygon",
        "coordinates": [
          [
            [
              83.095,
              18.66833
            ],
            [
              83.145,
              18.66833
            ],
            [
              83.145,
              18.71833
            ],
            [
              83.095,
              18.71833
            ],
            [
              83.095,
              18.66833
            ]
          ]
        ]
      }
    },
    {
      "type": "Feature",
      "properties": {
        "zone_id": "MN-ZONE-431",
        "belt_name": "AP Belt",
        "state": "Andhra Pradesh",
        "latitude": 18.69333,
        "longitude": 83.36,
        "prospectivity_score": 0.92,
        "uncertainty_val": 0.0679,
        "confidence_tier": "Data-Rich",
        "confidence_percent": 93.2,
        "priority_category": "HIGH PRIORITY",
        "area_sq_km": 28.5,
        "elevation_m": 241.2322305268742,
        "slope_deg": 11.13346162041785,
        "swir_alteration_index": 1.3957974013903045,
        "ferrous_iron_index": 1.8865749333735102,
        "environmental_overlap": true,
        "protected_area_name": "Eastern Ghats Reserve Forest (Vizianagaram)",
        "environmental_warning": "This zone overlaps Eastern Ghats Reserve Forest (Vizianagaram) \u2014 exploration feasibility would require additional environmental clearance.",
        "top_drivers": "SWIR Alteration (B11/B12), Structural Proximity, Slope"
      },
      "geometry": {
        "type": "Polygon",
        "coordinates": [
          [
            [
              83.335,
              18.66833
            ],
            [
              83.385,
              18.66833
            ],
            [
              83.385,
              18.71833
            ],
            [
              83.335,
              18.71833
            ],
            [
              83.335,
              18.66833
            ]
          ]
        ]
      }
    },
    {
      "type": "Feature",
      "properties": {
        "zone_id": "MN-ZONE-432",
        "belt_name": "AP Belt",
        "state": "Andhra Pradesh",
        "latitude": 18.69333,
        "longitude": 83.6,
        "prospectivity_score": 0.78,
        "uncertainty_val": 0.0722,
        "confidence_tier": "Data-Rich",
        "confidence_percent": 92.8,
        "priority_category": "HIGH PRIORITY",
        "area_sq_km": 28.5,
        "elevation_m": 511.6101740490015,
        "slope_deg": 5.418267465434087,
        "swir_alteration_index": 1.7534167787221115,
        "ferrous_iron_index": 4.384661537339024,
        "environmental_overlap": true,
        "protected_area_name": "Eastern Ghats Reserve Forest (Vizianagaram)",
        "environmental_warning": "This zone overlaps Eastern Ghats Reserve Forest (Vizianagaram) \u2014 exploration feasibility would require additional environmental clearance.",
        "top_drivers": "SWIR Alteration (B11/B12), Structural Proximity, Slope"
      },
      "geometry": {
        "type": "Polygon",
        "coordinates": [
          [
            [
              83.575,
              18.66833
            ],
            [
              83.625,
              18.66833
            ],
            [
              83.625,
              18.71833
            ],
            [
              83.575,
              18.71833
            ],
            [
              83.575,
              18.66833
            ]
          ]
        ]
      }
    },
    {
      "type": "Feature",
      "properties": {
        "zone_id": "MN-ZONE-433",
        "belt_name": "AP Belt",
        "state": "Andhra Pradesh",
        "latitude": 18.69333,
        "longitude": 83.72,
        "prospectivity_score": 0.8633,
        "uncertainty_val": 0.0855,
        "confidence_tier": "Data-Rich",
        "confidence_percent": 91.5,
        "priority_category": "HIGH PRIORITY",
        "area_sq_km": 28.5,
        "elevation_m": 325.73335385728774,
        "slope_deg": 21.611313544108487,
        "swir_alteration_index": 1.5012378124014425,
        "ferrous_iron_index": 1.9428261579207806,
        "environmental_overlap": false,
        "protected_area_name": null,
        "environmental_warning": null,
        "top_drivers": "SWIR Alteration (B11/B12), Structural Proximity, Slope"
      },
      "geometry": {
        "type": "Polygon",
        "coordinates": [
          [
            [
              83.695,
              18.66833
            ],
            [
              83.745,
              18.66833
            ],
            [
              83.745,
              18.71833
            ],
            [
              83.695,
              18.71833
            ],
            [
              83.695,
              18.66833
            ]
          ]
        ]
      }
    },
    {
      "type": "Feature",
      "properties": {
        "zone_id": "MN-ZONE-434",
        "belt_name": "AP Belt",
        "state": "Andhra Pradesh",
        "latitude": 18.69333,
        "longitude": 84.32,
        "prospectivity_score": 0.8467,
        "uncertainty_val": 0.179,
        "confidence_tier": "Data-Rich",
        "confidence_percent": 82.1,
        "priority_category": "HIGH PRIORITY",
        "area_sq_km": 28.5,
        "elevation_m": 321.0563809351907,
        "slope_deg": 10.03687675388533,
        "swir_alteration_index": 0.9943622578581482,
        "ferrous_iron_index": 2.2570910573915643,
        "environmental_overlap": false,
        "protected_area_name": null,
        "environmental_warning": null,
        "top_drivers": "SWIR Alteration (B11/B12), Structural Proximity, Slope"
      },
      "geometry": {
        "type": "Polygon",
        "coordinates": [
          [
            [
              84.295,
              18.66833
            ],
            [
              84.345,
              18.66833
            ],
            [
              84.345,
              18.71833
            ],
            [
              84.295,
              18.71833
            ],
            [
              84.295,
              18.66833
            ]
          ]
        ]
      }
    },
    {
      "type": "Feature",
      "properties": {
        "zone_id": "MN-ZONE-435",
        "belt_name": "AP Belt",
        "state": "Andhra Pradesh",
        "latitude": 18.78,
        "longitude": 83.6,
        "prospectivity_score": 0.88,
        "uncertainty_val": 0.0823,
        "confidence_tier": "Data-Rich",
        "confidence_percent": 91.8,
        "priority_category": "HIGH PRIORITY",
        "area_sq_km": 28.5,
        "elevation_m": 572.048062152119,
        "slope_deg": 9.213122639454934,
        "swir_alteration_index": 1.8022538669201702,
        "ferrous_iron_index": 5.473549659182185,
        "environmental_overlap": false,
        "protected_area_name": null,
        "environmental_warning": null,
        "top_drivers": "SWIR Alteration (B11/B12), Structural Proximity, Slope"
      },
      "geometry": {
        "type": "Polygon",
        "coordinates": [
          [
            [
              83.575,
              18.755
            ],
            [
              83.625,
              18.755
            ],
            [
              83.625,
              18.805
            ],
            [
              83.575,
              18.805
            ],
            [
              83.575,
              18.755
            ]
          ]
        ]
      }
    },
    {
      "type": "Feature",
      "properties": {
        "zone_id": "MN-ZONE-436",
        "belt_name": "AP Belt",
        "state": "Andhra Pradesh",
        "latitude": 18.78,
        "longitude": 84.2,
        "prospectivity_score": 0.9133,
        "uncertainty_val": 0.168,
        "confidence_tier": "Data-Rich",
        "confidence_percent": 83.2,
        "priority_category": "HIGH PRIORITY",
        "area_sq_km": 28.5,
        "elevation_m": 505.83499601419777,
        "slope_deg": 12.980377640657359,
        "swir_alteration_index": 1.2066636670529876,
        "ferrous_iron_index": 2.917535831248481,
        "environmental_overlap": false,
        "protected_area_name": null,
        "environmental_warning": null,
        "top_drivers": "SWIR Alteration (B11/B12), Structural Proximity, Slope"
      },
      "geometry": {
        "type": "Polygon",
        "coordinates": [
          [
            [
              84.175,
              18.755
            ],
            [
              84.225,
              18.755
            ],
            [
              84.225,
              18.805
            ],
            [
              84.175,
              18.805
            ],
            [
              84.175,
              18.755
            ]
          ]
        ]
      }
    },
    {
      "type": "Feature",
      "properties": {
        "zone_id": "MN-ZONE-437",
        "belt_name": "AP Belt",
        "state": "Andhra Pradesh",
        "latitude": 18.78,
        "longitude": 84.32,
        "prospectivity_score": 0.8233,
        "uncertainty_val": 0.1882,
        "confidence_tier": "Data-Rich",
        "confidence_percent": 81.2,
        "priority_category": "HIGH PRIORITY",
        "area_sq_km": 28.5,
        "elevation_m": 209.77949096631878,
        "slope_deg": 10.017948522300053,
        "swir_alteration_index": 0.9388592235011713,
        "ferrous_iron_index": 2.7786816463923922,
        "environmental_overlap": false,
        "protected_area_name": null,
        "environmental_warning": null,
        "top_drivers": "SWIR Alteration (B11/B12), Structural Proximity, Slope"
      },
      "geometry": {
        "type": "Polygon",
        "coordinates": [
          [
            [
              84.295,
              18.755
            ],
            [
              84.345,
              18.755
            ],
            [
              84.345,
              18.805
            ],
            [
              84.295,
              18.805
            ],
            [
              84.295,
              18.755
            ]
          ]
        ]
      }
    },
    {
      "type": "Feature",
      "properties": {
        "zone_id": "MN-ZONE-438",
        "belt_name": "AP Belt",
        "state": "Andhra Pradesh",
        "latitude": 18.78,
        "longitude": 84.56,
        "prospectivity_score": 0.8433,
        "uncertainty_val": 0.2312,
        "confidence_tier": "Data-Rich",
        "confidence_percent": 76.9,
        "priority_category": "HIGH PRIORITY",
        "area_sq_km": 28.5,
        "elevation_m": 327.634392938708,
        "slope_deg": 7.285470977663307,
        "swir_alteration_index": 1.4301760084495865,
        "ferrous_iron_index": 3.9228451198755243,
        "environmental_overlap": false,
        "protected_area_name": null,
        "environmental_warning": null,
        "top_drivers": "SWIR Alteration (B11/B12), Structural Proximity, Slope"
      },
      "geometry": {
        "type": "Polygon",
        "coordinates": [
          [
            [
              84.535,
              18.755
            ],
            [
              84.585,
              18.755
            ],
            [
              84.585,
              18.805
            ],
            [
              84.535,
              18.805
            ],
            [
              84.535,
              18.755
            ]
          ]
        ]
      }
    },
    {
      "type": "Feature",
      "properties": {
        "zone_id": "MN-ZONE-439",
        "belt_name": "AP Belt",
        "state": "Andhra Pradesh",
        "latitude": 18.78,
        "longitude": 84.68,
        "prospectivity_score": 0.7533,
        "uncertainty_val": 0.2537,
        "confidence_tier": "Data-Rich",
        "confidence_percent": 74.6,
        "priority_category": "HIGH PRIORITY",
        "area_sq_km": 28.5,
        "elevation_m": 405.82321068783034,
        "slope_deg": 9.223181411461848,
        "swir_alteration_index": 1.6751625899783698,
        "ferrous_iron_index": 1.9698061899963064,
        "environmental_overlap": false,
        "protected_area_name": null,
        "environmental_warning": null,
        "top_drivers": "SWIR Alteration (B11/B12), Structural Proximity, Slope"
      },
      "geometry": {
        "type": "Polygon",
        "coordinates": [
          [
            [
              84.655,
              18.755
            ],
            [
              84.705,
              18.755
            ],
            [
              84.705,
              18.805
            ],
            [
              84.655,
              18.805
            ],
            [
              84.655,
              18.755
            ]
          ]
        ]
      }
    },
    {
      "type": "Feature",
      "properties": {
        "zone_id": "MN-ZONE-440",
        "belt_name": "AP Belt",
        "state": "Andhra Pradesh",
        "latitude": 18.86667,
        "longitude": 83.0,
        "prospectivity_score": 0.8433,
        "uncertainty_val": 0.0829,
        "confidence_tier": "Data-Rich",
        "confidence_percent": 91.7,
        "priority_category": "HIGH PRIORITY",
        "area_sq_km": 28.5,
        "elevation_m": 395.28743267948914,
        "slope_deg": 8.802041723170788,
        "swir_alteration_index": 2.4077200098343297,
        "ferrous_iron_index": 1.8213917119498924,
        "environmental_overlap": false,
        "protected_area_name": null,
        "environmental_warning": null,
        "top_drivers": "SWIR Alteration (B11/B12), Structural Proximity, Slope"
      },
      "geometry": {
        "type": "Polygon",
        "coordinates": [
          [
            [
              82.975,
              18.84167
            ],
            [
              83.025,
              18.84167
            ],
            [
              83.025,
              18.89167
            ],
            [
              82.975,
              18.89167
            ],
            [
              82.975,
              18.84167
            ]
          ]
        ]
      }
    },
    {
      "type": "Feature",
      "properties": {
        "zone_id": "MN-ZONE-441",
        "belt_name": "AP Belt",
        "state": "Andhra Pradesh",
        "latitude": 18.86667,
        "longitude": 83.24,
        "prospectivity_score": 0.7567,
        "uncertainty_val": 0.0703,
        "confidence_tier": "Data-Rich",
        "confidence_percent": 93.0,
        "priority_category": "HIGH PRIORITY",
        "area_sq_km": 28.5,
        "elevation_m": 333.9095061723401,
        "slope_deg": 4.652268981669681,
        "swir_alteration_index": 1.6386537871613123,
        "ferrous_iron_index": 1.7302947973780047,
        "environmental_overlap": false,
        "protected_area_name": null,
        "environmental_warning": null,
        "top_drivers": "SWIR Alteration (B11/B12), Structural Proximity, Slope"
      },
      "geometry": {
        "type": "Polygon",
        "coordinates": [
          [
            [
              83.215,
              18.84167
            ],
            [
              83.265,
              18.84167
            ],
            [
              83.265,
              18.89167
            ],
            [
              83.215,
              18.89167
            ],
            [
              83.215,
              18.84167
            ]
          ]
        ]
      }
    },
    {
      "type": "Feature",
      "properties": {
        "zone_id": "MN-ZONE-442",
        "belt_name": "AP Belt",
        "state": "Andhra Pradesh",
        "latitude": 18.86667,
        "longitude": 83.72,
        "prospectivity_score": 0.7967,
        "uncertainty_val": 0.0789,
        "confidence_tier": "Data-Rich",
        "confidence_percent": 92.1,
        "priority_category": "HIGH PRIORITY",
        "area_sq_km": 28.5,
        "elevation_m": 230.3484951849067,
        "slope_deg": 0.5,
        "swir_alteration_index": 1.2627953135098655,
        "ferrous_iron_index": 1.9878319662335393,
        "environmental_overlap": false,
        "protected_area_name": null,
        "environmental_warning": null,
        "top_drivers": "SWIR Alteration (B11/B12), Structural Proximity, Slope"
      },
      "geometry": {
        "type": "Polygon",
        "coordinates": [
          [
            [
              83.695,
              18.84167
            ],
            [
              83.745,
              18.84167
            ],
            [
              83.745,
              18.89167
            ],
            [
              83.695,
              18.89167
            ],
            [
              83.695,
              18.84167
            ]
          ]
        ]
      }
    },
    {
      "type": "Feature",
      "properties": {
        "zone_id": "MN-ZONE-443",
        "belt_name": "AP Belt",
        "state": "Andhra Pradesh",
        "latitude": 18.86667,
        "longitude": 83.84,
        "prospectivity_score": 0.89,
        "uncertainty_val": 0.0968,
        "confidence_tier": "Data-Rich",
        "confidence_percent": 90.3,
        "priority_category": "HIGH PRIORITY",
        "area_sq_km": 28.5,
        "elevation_m": 301.7857388995301,
        "slope_deg": 12.282245916469993,
        "swir_alteration_index": 1.556470663550681,
        "ferrous_iron_index": 2.351428546391057,
        "environmental_overlap": false,
        "protected_area_name": null,
        "environmental_warning": null,
        "top_drivers": "SWIR Alteration (B11/B12), Structural Proximity, Slope"
      },
      "geometry": {
        "type": "Polygon",
        "coordinates": [
          [
            [
              83.815,
              18.84167
            ],
            [
              83.865,
              18.84167
            ],
            [
              83.865,
              18.89167
            ],
            [
              83.815,
              18.89167
            ],
            [
              83.815,
              18.84167
            ]
          ]
        ]
      }
    },
    {
      "type": "Feature",
      "properties": {
        "zone_id": "MN-ZONE-444",
        "belt_name": "AP Belt",
        "state": "Andhra Pradesh",
        "latitude": 18.86667,
        "longitude": 83.96,
        "prospectivity_score": 0.9633,
        "uncertainty_val": 0.1171,
        "confidence_tier": "Data-Rich",
        "confidence_percent": 88.3,
        "priority_category": "HIGH PRIORITY",
        "area_sq_km": 28.5,
        "elevation_m": 442.43573680260056,
        "slope_deg": 12.552480574452426,
        "swir_alteration_index": 1.5540062373868186,
        "ferrous_iron_index": 2.854841964528347,
        "environmental_overlap": false,
        "protected_area_name": null,
        "environmental_warning": null,
        "top_drivers": "SWIR Alteration (B11/B12), Structural Proximity, Slope"
      },
      "geometry": {
        "type": "Polygon",
        "coordinates": [
          [
            [
              83.935,
              18.84167
            ],
            [
              83.985,
              18.84167
            ],
            [
              83.985,
              18.89167
            ],
            [
              83.935,
              18.89167
            ],
            [
              83.935,
              18.84167
            ]
          ]
        ]
      }
    },
    {
      "type": "Feature",
      "properties": {
        "zone_id": "MN-ZONE-445",
        "belt_name": "AP Belt",
        "state": "Andhra Pradesh",
        "latitude": 18.86667,
        "longitude": 84.08,
        "prospectivity_score": 0.75,
        "uncertainty_val": 0.1389,
        "confidence_tier": "Data-Rich",
        "confidence_percent": 86.1,
        "priority_category": "HIGH PRIORITY",
        "area_sq_km": 28.5,
        "elevation_m": 447.08858890881584,
        "slope_deg": 7.55173351891526,
        "swir_alteration_index": 1.223465403535358,
        "ferrous_iron_index": 2.4401763033751,
        "environmental_overlap": false,
        "protected_area_name": null,
        "environmental_warning": null,
        "top_drivers": "SWIR Alteration (B11/B12), Structural Proximity, Slope"
      },
      "geometry": {
        "type": "Polygon",
        "coordinates": [
          [
            [
              84.055,
              18.84167
            ],
            [
              84.105,
              18.84167
            ],
            [
              84.105,
              18.89167
            ],
            [
              84.055,
              18.89167
            ],
            [
              84.055,
              18.84167
            ]
          ]
        ]
      }
    },
    {
      "type": "Feature",
      "properties": {
        "zone_id": "MN-ZONE-446",
        "belt_name": "AP Belt",
        "state": "Andhra Pradesh",
        "latitude": 18.86667,
        "longitude": 84.2,
        "prospectivity_score": 0.9133,
        "uncertainty_val": 0.1616,
        "confidence_tier": "Data-Rich",
        "confidence_percent": 83.8,
        "priority_category": "HIGH PRIORITY",
        "area_sq_km": 28.5,
        "elevation_m": 395.51463809495186,
        "slope_deg": 13.47727770063727,
        "swir_alteration_index": 1.241555149830187,
        "ferrous_iron_index": 3.6270353834224762,
        "environmental_overlap": false,
        "protected_area_name": null,
        "environmental_warning": null,
        "top_drivers": "SWIR Alteration (B11/B12), Structural Proximity, Slope"
      },
      "geometry": {
        "type": "Polygon",
        "coordinates": [
          [
            [
              84.175,
              18.84167
            ],
            [
              84.225,
              18.84167
            ],
            [
              84.225,
              18.89167
            ],
            [
              84.175,
              18.89167
            ],
            [
              84.175,
              18.84167
            ]
          ]
        ]
      }
    },
    {
      "type": "Feature",
      "properties": {
        "zone_id": "MN-ZONE-447",
        "belt_name": "AP Belt",
        "state": "Andhra Pradesh",
        "latitude": 18.86667,
        "longitude": 84.32,
        "prospectivity_score": 0.95,
        "uncertainty_val": 0.1848,
        "confidence_tier": "Data-Rich",
        "confidence_percent": 81.5,
        "priority_category": "HIGH PRIORITY",
        "area_sq_km": 28.5,
        "elevation_m": 280.78529496239275,
        "slope_deg": 15.805812874503713,
        "swir_alteration_index": 2.433863048423263,
        "ferrous_iron_index": 4.359298290189837,
        "environmental_overlap": false,
        "protected_area_name": null,
        "environmental_warning": null,
        "top_drivers": "SWIR Alteration (B11/B12), Structural Proximity, Slope"
      },
      "geometry": {
        "type": "Polygon",
        "coordinates": [
          [
            [
              84.295,
              18.84167
            ],
            [
              84.345,
              18.84167
            ],
            [
              84.345,
              18.89167
            ],
            [
              84.295,
              18.89167
            ],
            [
              84.295,
              18.84167
            ]
          ]
        ]
      }
    },
    {
      "type": "Feature",
      "properties": {
        "zone_id": "MN-ZONE-448",
        "belt_name": "AP Belt",
        "state": "Andhra Pradesh",
        "latitude": 18.86667,
        "longitude": 84.44,
        "prospectivity_score": 0.7567,
        "uncertainty_val": 0.2083,
        "confidence_tier": "Data-Rich",
        "confidence_percent": 79.2,
        "priority_category": "HIGH PRIORITY",
        "area_sq_km": 28.5,
        "elevation_m": 122.6827797453168,
        "slope_deg": 10.467231557647139,
        "swir_alteration_index": 1.9773333101547592,
        "ferrous_iron_index": 3.3192593783233884,
        "environmental_overlap": false,
        "protected_area_name": null,
        "environmental_warning": null,
        "top_drivers": "SWIR Alteration (B11/B12), Structural Proximity, Slope"
      },
      "geometry": {
        "type": "Polygon",
        "coordinates": [
          [
            [
              84.415,
              18.84167
            ],
            [
              84.465,
              18.84167
            ],
            [
              84.465,
              18.89167
            ],
            [
              84.415,
              18.89167
            ],
            [
              84.415,
              18.84167
            ]
          ]
        ]
      }
    },
    {
      "type": "Feature",
      "properties": {
        "zone_id": "MN-ZONE-449",
        "belt_name": "AP Belt",
        "state": "Andhra Pradesh",
        "latitude": 18.86667,
        "longitude": 84.68,
        "prospectivity_score": 0.8867,
        "uncertainty_val": 0.2561,
        "confidence_tier": "Data-Rich",
        "confidence_percent": 74.4,
        "priority_category": "HIGH PRIORITY",
        "area_sq_km": 28.5,
        "elevation_m": 326.0544906234416,
        "slope_deg": 8.770905353263364,
        "swir_alteration_index": 2.026815848466948,
        "ferrous_iron_index": 2.824998392225623,
        "environmental_overlap": false,
        "protected_area_name": null,
        "environmental_warning": null,
        "top_drivers": "SWIR Alteration (B11/B12), Structural Proximity, Slope"
      },
      "geometry": {
        "type": "Polygon",
        "coordinates": [
          [
            [
              84.655,
              18.84167
            ],
            [
              84.705,
              18.84167
            ],
            [
              84.705,
              18.89167
            ],
            [
              84.655,
              18.89167
            ],
            [
              84.655,
              18.84167
            ]
          ]
        ]
      }
    },
    {
      "type": "Feature",
      "properties": {
        "zone_id": "MN-ZONE-450",
        "belt_name": "AP Belt",
        "state": "Andhra Pradesh",
        "latitude": 18.95333,
        "longitude": 83.24,
        "prospectivity_score": 0.7667,
        "uncertainty_val": 0.0524,
        "confidence_tier": "Data-Rich",
        "confidence_percent": 94.8,
        "priority_category": "HIGH PRIORITY",
        "area_sq_km": 28.5,
        "elevation_m": 257.9641383693075,
        "slope_deg": 14.756765551104596,
        "swir_alteration_index": 1.65672373979468,
        "ferrous_iron_index": 3.4589870869699983,
        "environmental_overlap": false,
        "protected_area_name": null,
        "environmental_warning": null,
        "top_drivers": "SWIR Alteration (B11/B12), Structural Proximity, Slope"
      },
      "geometry": {
        "type": "Polygon",
        "coordinates": [
          [
            [
              83.215,
              18.92833
            ],
            [
              83.265,
              18.92833
            ],
            [
              83.265,
              18.97833
            ],
            [
              83.215,
              18.97833
            ],
            [
              83.215,
              18.92833
            ]
          ]
        ]
      }
    },
    {
      "type": "Feature",
      "properties": {
        "zone_id": "MN-ZONE-451",
        "belt_name": "AP Belt",
        "state": "Andhra Pradesh",
        "latitude": 18.95333,
        "longitude": 83.72,
        "prospectivity_score": 0.94,
        "uncertainty_val": 0.0662,
        "confidence_tier": "Data-Rich",
        "confidence_percent": 93.4,
        "priority_category": "HIGH PRIORITY",
        "area_sq_km": 28.5,
        "elevation_m": 420.32182548567437,
        "slope_deg": 11.459646884097102,
        "swir_alteration_index": 1.330881373710583,
        "ferrous_iron_index": 5.267985382040763,
        "environmental_overlap": false,
        "protected_area_name": null,
        "environmental_warning": null,
        "top_drivers": "SWIR Alteration (B11/B12), Structural Proximity, Slope"
      },
      "geometry": {
        "type": "Polygon",
        "coordinates": [
          [
            [
              83.695,
              18.92833
            ],
            [
              83.745,
              18.92833
            ],
            [
              83.745,
              18.97833
            ],
            [
              83.695,
              18.97833
            ],
            [
              83.695,
              18.92833
            ]
          ]
        ]
      }
    },
    {
      "type": "Feature",
      "properties": {
        "zone_id": "MN-ZONE-452",
        "belt_name": "AP Belt",
        "state": "Andhra Pradesh",
        "latitude": 18.95333,
        "longitude": 83.84,
        "prospectivity_score": 0.8667,
        "uncertainty_val": 0.0867,
        "confidence_tier": "Data-Rich",
        "confidence_percent": 91.3,
        "priority_category": "HIGH PRIORITY",
        "area_sq_km": 28.5,
        "elevation_m": 426.1171013073665,
        "slope_deg": 13.023443424216694,
        "swir_alteration_index": 0.9696980866999576,
        "ferrous_iron_index": 2.8701341718942555,
        "environmental_overlap": false,
        "protected_area_name": null,
        "environmental_warning": null,
        "top_drivers": "SWIR Alteration (B11/B12), Structural Proximity, Slope"
      },
      "geometry": {
        "type": "Polygon",
        "coordinates": [
          [
            [
              83.815,
              18.92833
            ],
            [
              83.865,
              18.92833
            ],
            [
              83.865,
              18.97833
            ],
            [
              83.815,
              18.97833
            ],
            [
              83.815,
              18.92833
            ]
          ]
        ]
      }
    },
    {
      "type": "Feature",
      "properties": {
        "zone_id": "MN-ZONE-453",
        "belt_name": "AP Belt",
        "state": "Andhra Pradesh",
        "latitude": 18.95333,
        "longitude": 84.08,
        "prospectivity_score": 0.97,
        "uncertainty_val": 0.132,
        "confidence_tier": "Data-Rich",
        "confidence_percent": 86.8,
        "priority_category": "HIGH PRIORITY",
        "area_sq_km": 28.5,
        "elevation_m": 412.36970675579744,
        "slope_deg": 2.8936824572301596,
        "swir_alteration_index": 1.8612461133527407,
        "ferrous_iron_index": 3.3596025191490457,
        "environmental_overlap": false,
        "protected_area_name": null,
        "environmental_warning": null,
        "top_drivers": "SWIR Alteration (B11/B12), Structural Proximity, Slope"
      },
      "geometry": {
        "type": "Polygon",
        "coordinates": [
          [
            [
              84.055,
              18.92833
            ],
            [
              84.105,
              18.92833
            ],
            [
              84.105,
              18.97833
            ],
            [
              84.055,
              18.97833
            ],
            [
              84.055,
              18.92833
            ]
          ]
        ]
      }
    },
    {
      "type": "Feature",
      "properties": {
        "zone_id": "MN-ZONE-454",
        "belt_name": "AP Belt",
        "state": "Andhra Pradesh",
        "latitude": 18.95333,
        "longitude": 84.32,
        "prospectivity_score": 0.99,
        "uncertainty_val": 0.1796,
        "confidence_tier": "Data-Rich",
        "confidence_percent": 82.0,
        "priority_category": "HIGH PRIORITY",
        "area_sq_km": 28.5,
        "elevation_m": 540.5788234362669,
        "slope_deg": 10.491971423331023,
        "swir_alteration_index": 1.3386565305360547,
        "ferrous_iron_index": 2.8936125584824794,
        "environmental_overlap": false,
        "protected_area_name": null,
        "environmental_warning": null,
        "top_drivers": "SWIR Alteration (B11/B12), Structural Proximity, Slope"
      },
      "geometry": {
        "type": "Polygon",
        "coordinates": [
          [
            [
              84.295,
              18.92833
            ],
            [
              84.345,
              18.92833
            ],
            [
              84.345,
              18.97833
            ],
            [
              84.295,
              18.97833
            ],
            [
              84.295,
              18.92833
            ]
          ]
        ]
      }
    },
    {
      "type": "Feature",
      "properties": {
        "zone_id": "MN-ZONE-455",
        "belt_name": "AP Belt",
        "state": "Andhra Pradesh",
        "latitude": 18.95333,
        "longitude": 84.44,
        "prospectivity_score": 0.7867,
        "uncertainty_val": 0.2038,
        "confidence_tier": "Data-Rich",
        "confidence_percent": 79.6,
        "priority_category": "HIGH PRIORITY",
        "area_sq_km": 28.5,
        "elevation_m": 371.85688888737155,
        "slope_deg": 17.509636365853172,
        "swir_alteration_index": 2.110286026361855,
        "ferrous_iron_index": 1.9568724577386378,
        "environmental_overlap": false,
        "protected_area_name": null,
        "environmental_warning": null,
        "top_drivers": "SWIR Alteration (B11/B12), Structural Proximity, Slope"
      },
      "geometry": {
        "type": "Polygon",
        "coordinates": [
          [
            [
              84.415,
              18.92833
            ],
            [
              84.465,
              18.92833
            ],
            [
              84.465,
              18.97833
            ],
            [
              84.415,
              18.97833
            ],
            [
              84.415,
              18.92833
            ]
          ]
        ]
      }
    },
    {
      "type": "Feature",
      "properties": {
        "zone_id": "MN-ZONE-456",
        "belt_name": "AP Belt",
        "state": "Andhra Pradesh",
        "latitude": 18.95333,
        "longitude": 84.8,
        "prospectivity_score": 0.7967,
        "uncertainty_val": 0.2769,
        "confidence_tier": "Data-Rich",
        "confidence_percent": 72.3,
        "priority_category": "HIGH PRIORITY",
        "area_sq_km": 28.5,
        "elevation_m": 384.9931994744442,
        "slope_deg": 15.776736344799486,
        "swir_alteration_index": 1.6071302150922615,
        "ferrous_iron_index": 3.2338233339312525,
        "environmental_overlap": false,
        "protected_area_name": null,
        "environmental_warning": null,
        "top_drivers": "SWIR Alteration (B11/B12), Structural Proximity, Slope"
      },
      "geometry": {
        "type": "Polygon",
        "coordinates": [
          [
            [
              84.775,
              18.92833
            ],
            [
              84.825,
              18.92833
            ],
            [
              84.825,
              18.97833
            ],
            [
              84.775,
              18.97833
            ],
            [
              84.775,
              18.92833
            ]
          ]
        ]
      }
    },
    {
      "type": "Feature",
      "properties": {
        "zone_id": "MN-ZONE-457",
        "belt_name": "AP Belt",
        "state": "Andhra Pradesh",
        "latitude": 19.04,
        "longitude": 83.0,
        "prospectivity_score": 0.7533,
        "uncertainty_val": 0.0556,
        "confidence_tier": "Data-Rich",
        "confidence_percent": 94.4,
        "priority_category": "HIGH PRIORITY",
        "area_sq_km": 28.5,
        "elevation_m": 309.9942566117474,
        "slope_deg": 9.752043476204555,
        "swir_alteration_index": 1.5183957464121556,
        "ferrous_iron_index": 2.281509394630941,
        "environmental_overlap": false,
        "protected_area_name": null,
        "environmental_warning": null,
        "top_drivers": "SWIR Alteration (B11/B12), Structural Proximity, Slope"
      },
      "geometry": {
        "type": "Polygon",
        "coordinates": [
          [
            [
              82.975,
              19.015
            ],
            [
              83.025,
              19.015
            ],
            [
              83.025,
              19.065
            ],
            [
              82.975,
              19.065
            ],
            [
              82.975,
              19.015
            ]
          ]
        ]
      }
    },
    {
      "type": "Feature",
      "properties": {
        "zone_id": "MN-ZONE-458",
        "belt_name": "AP Belt",
        "state": "Andhra Pradesh",
        "latitude": 19.04,
        "longitude": 83.24,
        "prospectivity_score": 0.9667,
        "uncertainty_val": 0.0346,
        "confidence_tier": "Data-Rich",
        "confidence_percent": 96.5,
        "priority_category": "HIGH PRIORITY",
        "area_sq_km": 28.5,
        "elevation_m": 103.95641779037948,
        "slope_deg": 9.369199315785952,
        "swir_alteration_index": 1.391222464594831,
        "ferrous_iron_index": 3.5655955065766043,
        "environmental_overlap": false,
        "protected_area_name": null,
        "environmental_warning": null,
        "top_drivers": "SWIR Alteration (B11/B12), Structural Proximity, Slope"
      },
      "geometry": {
        "type": "Polygon",
        "coordinates": [
          [
            [
              83.215,
              19.015
            ],
            [
              83.265,
              19.015
            ],
            [
              83.265,
              19.065
            ],
            [
              83.215,
              19.065
            ],
            [
              83.215,
              19.015
            ]
          ]
        ]
      }
    },
    {
      "type": "Feature",
      "properties": {
        "zone_id": "MN-ZONE-459",
        "belt_name": "AP Belt",
        "state": "Andhra Pradesh",
        "latitude": 19.04,
        "longitude": 83.48,
        "prospectivity_score": 0.78,
        "uncertainty_val": 0.0241,
        "confidence_tier": "Data-Rich",
        "confidence_percent": 97.6,
        "priority_category": "HIGH PRIORITY",
        "area_sq_km": 28.5,
        "elevation_m": 338.6418131769211,
        "slope_deg": 3.4867839994160956,
        "swir_alteration_index": 1.3287170207887857,
        "ferrous_iron_index": 2.4540445638692017,
        "environmental_overlap": false,
        "protected_area_name": null,
        "environmental_warning": null,
        "top_drivers": "SWIR Alteration (B11/B12), Structural Proximity, Slope"
      },
      "geometry": {
        "type": "Polygon",
        "coordinates": [
          [
            [
              83.455,
              19.015
            ],
            [
              83.505,
              19.015
            ],
            [
              83.505,
              19.065
            ],
            [
              83.455,
              19.065
            ],
            [
              83.455,
              19.015
            ]
          ]
        ]
      }
    },
    {
      "type": "Feature",
      "properties": {
        "zone_id": "MN-ZONE-460",
        "belt_name": "AP Belt",
        "state": "Andhra Pradesh",
        "latitude": 19.04,
        "longitude": 83.6,
        "prospectivity_score": 0.7967,
        "uncertainty_val": 0.0358,
        "confidence_tier": "Data-Rich",
        "confidence_percent": 96.4,
        "priority_category": "HIGH PRIORITY",
        "area_sq_km": 28.5,
        "elevation_m": 548.160140265135,
        "slope_deg": 17.848944201664274,
        "swir_alteration_index": 1.7828810813177687,
        "ferrous_iron_index": 1.3535646261660614,
        "environmental_overlap": false,
        "protected_area_name": null,
        "environmental_warning": null,
        "top_drivers": "SWIR Alteration (B11/B12), Structural Proximity, Slope"
      },
      "geometry": {
        "type": "Polygon",
        "coordinates": [
          [
            [
              83.575,
              19.015
            ],
            [
              83.625,
              19.015
            ],
            [
              83.625,
              19.065
            ],
            [
              83.575,
              19.065
            ],
            [
              83.575,
              19.015
            ]
          ]
        ]
      }
    },
    {
      "type": "Feature",
      "properties": {
        "zone_id": "MN-ZONE-461",
        "belt_name": "AP Belt",
        "state": "Andhra Pradesh",
        "latitude": 19.04,
        "longitude": 84.32,
        "prospectivity_score": 0.8833,
        "uncertainty_val": 0.1761,
        "confidence_tier": "Data-Rich",
        "confidence_percent": 82.4,
        "priority_category": "HIGH PRIORITY",
        "area_sq_km": 28.5,
        "elevation_m": 302.5838314501678,
        "slope_deg": 17.694739229498204,
        "swir_alteration_index": 1.658450389356873,
        "ferrous_iron_index": 3.9622729029294415,
        "environmental_overlap": false,
        "protected_area_name": null,
        "environmental_warning": null,
        "top_drivers": "SWIR Alteration (B11/B12), Structural Proximity, Slope"
      },
      "geometry": {
        "type": "Polygon",
        "coordinates": [
          [
            [
              84.295,
              19.015
            ],
            [
              84.345,
              19.015
            ],
            [
              84.345,
              19.065
            ],
            [
              84.295,
              19.065
            ],
            [
              84.295,
              19.015
            ]
          ]
        ]
      }
    },
    {
      "type": "Feature",
      "properties": {
        "zone_id": "MN-ZONE-462",
        "belt_name": "AP Belt",
        "state": "Andhra Pradesh",
        "latitude": 19.04,
        "longitude": 84.44,
        "prospectivity_score": 0.79,
        "uncertainty_val": 0.2007,
        "confidence_tier": "Data-Rich",
        "confidence_percent": 79.9,
        "priority_category": "HIGH PRIORITY",
        "area_sq_km": 28.5,
        "elevation_m": 295.43858436712475,
        "slope_deg": 12.167262305596426,
        "swir_alteration_index": 1.70317183946391,
        "ferrous_iron_index": 2.04870969397412,
        "environmental_overlap": false,
        "protected_area_name": null,
        "environmental_warning": null,
        "top_drivers": "SWIR Alteration (B11/B12), Structural Proximity, Slope"
      },
      "geometry": {
        "type": "Polygon",
        "coordinates": [
          [
            [
              84.415,
              19.015
            ],
            [
              84.465,
              19.015
            ],
            [
              84.465,
              19.065
            ],
            [
              84.415,
              19.065
            ],
            [
              84.415,
              19.015
            ]
          ]
        ]
      }
    },
    {
      "type": "Feature",
      "properties": {
        "zone_id": "MN-ZONE-463",
        "belt_name": "AP Belt",
        "state": "Andhra Pradesh",
        "latitude": 19.04,
        "longitude": 84.68,
        "prospectivity_score": 0.9067,
        "uncertainty_val": 0.25,
        "confidence_tier": "Data-Rich",
        "confidence_percent": 75.0,
        "priority_category": "HIGH PRIORITY",
        "area_sq_km": 28.5,
        "elevation_m": 271.7820546047366,
        "slope_deg": 7.927452866081991,
        "swir_alteration_index": 1.4896350592622083,
        "ferrous_iron_index": 2.5612634650247026,
        "environmental_overlap": false,
        "protected_area_name": null,
        "environmental_warning": null,
        "top_drivers": "SWIR Alteration (B11/B12), Structural Proximity, Slope"
      },
      "geometry": {
        "type": "Polygon",
        "coordinates": [
          [
            [
              84.655,
              19.015
            ],
            [
              84.705,
              19.015
            ],
            [
              84.705,
              19.065
            ],
            [
              84.655,
              19.065
            ],
            [
              84.655,
              19.015
            ]
          ]
        ]
      }
    },
    {
      "type": "Feature",
      "properties": {
        "zone_id": "MN-ZONE-464",
        "belt_name": "AP Belt",
        "state": "Andhra Pradesh",
        "latitude": 19.04,
        "longitude": 84.8,
        "prospectivity_score": 0.9733,
        "uncertainty_val": 0.2746,
        "confidence_tier": "Data-Rich",
        "confidence_percent": 72.5,
        "priority_category": "HIGH PRIORITY",
        "area_sq_km": 28.5,
        "elevation_m": 374.3046629653649,
        "slope_deg": 10.736151014648241,
        "swir_alteration_index": 1.247682984904464,
        "ferrous_iron_index": 2.958204526327208,
        "environmental_overlap": false,
        "protected_area_name": null,
        "environmental_warning": null,
        "top_drivers": "SWIR Alteration (B11/B12), Structural Proximity, Slope"
      },
      "geometry": {
        "type": "Polygon",
        "coordinates": [
          [
            [
              84.775,
              19.015
            ],
            [
              84.825,
              19.015
            ],
            [
              84.825,
              19.065
            ],
            [
              84.775,
              19.065
            ],
            [
              84.775,
              19.015
            ]
          ]
        ]
      }
    },
    {
      "type": "Feature",
      "properties": {
        "zone_id": "MN-ZONE-465",
        "belt_name": "AP Belt",
        "state": "Andhra Pradesh",
        "latitude": 19.12667,
        "longitude": 83.12,
        "prospectivity_score": 0.8533,
        "uncertainty_val": 0.0252,
        "confidence_tier": "Data-Rich",
        "confidence_percent": 97.5,
        "priority_category": "HIGH PRIORITY",
        "area_sq_km": 28.5,
        "elevation_m": 414.3517677649943,
        "slope_deg": 8.060184365759518,
        "swir_alteration_index": 1.9189048705792615,
        "ferrous_iron_index": 1.9197790814838411,
        "environmental_overlap": false,
        "protected_area_name": null,
        "environmental_warning": null,
        "top_drivers": "SWIR Alteration (B11/B12), Structural Proximity, Slope"
      },
      "geometry": {
        "type": "Polygon",
        "coordinates": [
          [
            [
              83.095,
              19.10167
            ],
            [
              83.145,
              19.10167
            ],
            [
              83.145,
              19.15167
            ],
            [
              83.095,
              19.15167
            ],
            [
              83.095,
              19.10167
            ]
          ]
        ]
      }
    },
    {
      "type": "Feature",
      "properties": {
        "zone_id": "MN-ZONE-466",
        "belt_name": "AP Belt",
        "state": "Andhra Pradesh",
        "latitude": 19.12667,
        "longitude": 83.48,
        "prospectivity_score": 0.77,
        "uncertainty_val": 0.0065,
        "confidence_tier": "Data-Rich",
        "confidence_percent": 99.3,
        "priority_category": "HIGH PRIORITY",
        "area_sq_km": 28.5,
        "elevation_m": 148.17658885688036,
        "slope_deg": 15.951780285673475,
        "swir_alteration_index": 1.4027782498556858,
        "ferrous_iron_index": 2.2742007891616116,
        "environmental_overlap": false,
        "protected_area_name": null,
        "environmental_warning": null,
        "top_drivers": "SWIR Alteration (B11/B12), Structural Proximity, Slope"
      },
      "geometry": {
        "type": "Polygon",
        "coordinates": [
          [
            [
              83.455,
              19.10167
            ],
            [
              83.505,
              19.10167
            ],
            [
              83.505,
              19.15167
            ],
            [
              83.455,
              19.15167
            ],
            [
              83.455,
              19.10167
            ]
          ]
        ]
      }
    },
    {
      "type": "Feature",
      "properties": {
        "zone_id": "MN-ZONE-467",
        "belt_name": "AP Belt",
        "state": "Andhra Pradesh",
        "latitude": 19.12667,
        "longitude": 83.6,
        "prospectivity_score": 0.8367,
        "uncertainty_val": 0.0266,
        "confidence_tier": "Data-Rich",
        "confidence_percent": 97.3,
        "priority_category": "HIGH PRIORITY",
        "area_sq_km": 28.5,
        "elevation_m": 190.33483397492316,
        "slope_deg": 13.331351479426871,
        "swir_alteration_index": 1.5924114642775133,
        "ferrous_iron_index": 2.437049175785203,
        "environmental_overlap": false,
        "protected_area_name": null,
        "environmental_warning": null,
        "top_drivers": "SWIR Alteration (B11/B12), Structural Proximity, Slope"
      },
      "geometry": {
        "type": "Polygon",
        "coordinates": [
          [
            [
              83.575,
              19.10167
            ],
            [
              83.625,
              19.10167
            ],
            [
              83.625,
              19.15167
            ],
            [
              83.575,
              19.15167
            ],
            [
              83.575,
              19.10167
            ]
          ]
        ]
      }
    },
    {
      "type": "Feature",
      "properties": {
        "zone_id": "MN-ZONE-468",
        "belt_name": "AP Belt",
        "state": "Andhra Pradesh",
        "latitude": 19.12667,
        "longitude": 83.72,
        "prospectivity_score": 0.76,
        "uncertainty_val": 0.0508,
        "confidence_tier": "Data-Rich",
        "confidence_percent": 94.9,
        "priority_category": "HIGH PRIORITY",
        "area_sq_km": 28.5,
        "elevation_m": 376.3819085679341,
        "slope_deg": 11.084842354614828,
        "swir_alteration_index": 1.0229473080616116,
        "ferrous_iron_index": 2.0673965441216042,
        "environmental_overlap": false,
        "protected_area_name": null,
        "environmental_warning": null,
        "top_drivers": "SWIR Alteration (B11/B12), Structural Proximity, Slope"
      },
      "geometry": {
        "type": "Polygon",
        "coordinates": [
          [
            [
              83.695,
              19.10167
            ],
            [
              83.745,
              19.10167
            ],
            [
              83.745,
              19.15167
            ],
            [
              83.695,
              19.15167
            ],
            [
              83.695,
              19.10167
            ]
          ]
        ]
      }
    },
    {
      "type": "Feature",
      "properties": {
        "zone_id": "MN-ZONE-469",
        "belt_name": "AP Belt",
        "state": "Andhra Pradesh",
        "latitude": 19.12667,
        "longitude": 83.84,
        "prospectivity_score": 0.84,
        "uncertainty_val": 0.0754,
        "confidence_tier": "Data-Rich",
        "confidence_percent": 92.5,
        "priority_category": "HIGH PRIORITY",
        "area_sq_km": 28.5,
        "elevation_m": 346.7223298042303,
        "slope_deg": 6.560576963974793,
        "swir_alteration_index": 1.9499644464716894,
        "ferrous_iron_index": 2.7419006598731728,
        "environmental_overlap": false,
        "protected_area_name": null,
        "environmental_warning": null,
        "top_drivers": "SWIR Alteration (B11/B12), Structural Proximity, Slope"
      },
      "geometry": {
        "type": "Polygon",
        "coordinates": [
          [
            [
              83.815,
              19.10167
            ],
            [
              83.865,
              19.10167
            ],
            [
              83.865,
              19.15167
            ],
            [
              83.815,
              19.15167
            ],
            [
              83.815,
              19.10167
            ]
          ]
        ]
      }
    },
    {
      "type": "Feature",
      "properties": {
        "zone_id": "MN-ZONE-470",
        "belt_name": "AP Belt",
        "state": "Andhra Pradesh",
        "latitude": 19.12667,
        "longitude": 84.08,
        "prospectivity_score": 0.7833,
        "uncertainty_val": 0.1248,
        "confidence_tier": "Data-Rich",
        "confidence_percent": 87.5,
        "priority_category": "HIGH PRIORITY",
        "area_sq_km": 28.5,
        "elevation_m": 160.96581977329464,
        "slope_deg": 6.461487532552233,
        "swir_alteration_index": 1.6943247393397771,
        "ferrous_iron_index": 2.4060765696002515,
        "environmental_overlap": false,
        "protected_area_name": null,
        "environmental_warning": null,
        "top_drivers": "SWIR Alteration (B11/B12), Structural Proximity, Slope"
      },
      "geometry": {
        "type": "Polygon",
        "coordinates": [
          [
            [
              84.055,
              19.10167
            ],
            [
              84.105,
              19.10167
            ],
            [
              84.105,
              19.15167
            ],
            [
              84.055,
              19.15167
            ],
            [
              84.055,
              19.10167
            ]
          ]
        ]
      }
    },
    {
      "type": "Feature",
      "properties": {
        "zone_id": "MN-ZONE-471",
        "belt_name": "AP Belt",
        "state": "Andhra Pradesh",
        "latitude": 19.12667,
        "longitude": 84.2,
        "prospectivity_score": 0.81,
        "uncertainty_val": 0.1496,
        "confidence_tier": "Data-Rich",
        "confidence_percent": 85.0,
        "priority_category": "HIGH PRIORITY",
        "area_sq_km": 28.5,
        "elevation_m": 334.07982884133605,
        "slope_deg": 14.558242981014015,
        "swir_alteration_index": 1.5501151912537157,
        "ferrous_iron_index": 3.5157147957366743,
        "environmental_overlap": false,
        "protected_area_name": null,
        "environmental_warning": null,
        "top_drivers": "SWIR Alteration (B11/B12), Structural Proximity, Slope"
      },
      "geometry": {
        "type": "Polygon",
        "coordinates": [
          [
            [
              84.175,
              19.10167
            ],
            [
              84.225,
              19.10167
            ],
            [
              84.225,
              19.15167
            ],
            [
              84.175,
              19.15167
            ],
            [
              84.175,
              19.10167
            ]
          ]
        ]
      }
    },
    {
      "type": "Feature",
      "properties": {
        "zone_id": "MN-ZONE-472",
        "belt_name": "AP Belt",
        "state": "Andhra Pradesh",
        "latitude": 19.12667,
        "longitude": 84.32,
        "prospectivity_score": 0.8933,
        "uncertainty_val": 0.1744,
        "confidence_tier": "Data-Rich",
        "confidence_percent": 82.6,
        "priority_category": "HIGH PRIORITY",
        "area_sq_km": 28.5,
        "elevation_m": 256.8401856471194,
        "slope_deg": 19.084262108375064,
        "swir_alteration_index": 1.4435008287441558,
        "ferrous_iron_index": 4.592769286949148,
        "environmental_overlap": false,
        "protected_area_name": null,
        "environmental_warning": null,
        "top_drivers": "SWIR Alteration (B11/B12), Structural Proximity, Slope"
      },
      "geometry": {
        "type": "Polygon",
        "coordinates": [
          [
            [
              84.295,
              19.10167
            ],
            [
              84.345,
              19.10167
            ],
            [
              84.345,
              19.15167
            ],
            [
              84.295,
              19.15167
            ],
            [
              84.295,
              19.10167
            ]
          ]
        ]
      }
    },
    {
      "type": "Feature",
      "properties": {
        "zone_id": "MN-ZONE-473",
        "belt_name": "AP Belt",
        "state": "Andhra Pradesh",
        "latitude": 19.12667,
        "longitude": 84.8,
        "prospectivity_score": 0.9767,
        "uncertainty_val": 0.2735,
        "confidence_tier": "Data-Rich",
        "confidence_percent": 72.6,
        "priority_category": "HIGH PRIORITY",
        "area_sq_km": 28.5,
        "elevation_m": 544.5667502553276,
        "slope_deg": 6.357824013952825,
        "swir_alteration_index": 1.579604135434967,
        "ferrous_iron_index": 2.910561774467352,
        "environmental_overlap": false,
        "protected_area_name": null,
        "environmental_warning": null,
        "top_drivers": "SWIR Alteration (B11/B12), Structural Proximity, Slope"
      },
      "geometry": {
        "type": "Polygon",
        "coordinates": [
          [
            [
              84.775,
              19.10167
            ],
            [
              84.825,
              19.10167
            ],
            [
              84.825,
              19.15167
            ],
            [
              84.775,
              19.15167
            ],
            [
              84.775,
              19.10167
            ]
          ]
        ]
      }
    },
    {
      "type": "Feature",
      "properties": {
        "zone_id": "MN-ZONE-474",
        "belt_name": "AP Belt",
        "state": "Andhra Pradesh",
        "latitude": 19.21333,
        "longitude": 83.0,
        "prospectivity_score": 0.7667,
        "uncertainty_val": 0.0427,
        "confidence_tier": "Data-Rich",
        "confidence_percent": 95.7,
        "priority_category": "HIGH PRIORITY",
        "area_sq_km": 28.5,
        "elevation_m": 361.08363786922223,
        "slope_deg": 3.5809123985931466,
        "swir_alteration_index": 1.1865728421885786,
        "ferrous_iron_index": 1.7993083801818532,
        "environmental_overlap": false,
        "protected_area_name": null,
        "environmental_warning": null,
        "top_drivers": "SWIR Alteration (B11/B12), Structural Proximity, Slope"
      },
      "geometry": {
        "type": "Polygon",
        "coordinates": [
          [
            [
              82.975,
              19.18833
            ],
            [
              83.025,
              19.18833
            ],
            [
              83.025,
              19.23833
            ],
            [
              82.975,
              19.23833
            ],
            [
              82.975,
              19.18833
            ]
          ]
        ]
      }
    },
    {
      "type": "Feature",
      "properties": {
        "zone_id": "MN-ZONE-475",
        "belt_name": "AP Belt",
        "state": "Andhra Pradesh",
        "latitude": 19.21333,
        "longitude": 83.12,
        "prospectivity_score": 0.8967,
        "uncertainty_val": 0.0179,
        "confidence_tier": "Data-Rich",
        "confidence_percent": 98.2,
        "priority_category": "HIGH PRIORITY",
        "area_sq_km": 28.5,
        "elevation_m": 346.17614923219077,
        "slope_deg": 14.160208683580173,
        "swir_alteration_index": 1.8171040693489147,
        "ferrous_iron_index": 3.9378256062933383,
        "environmental_overlap": false,
        "protected_area_name": null,
        "environmental_warning": null,
        "top_drivers": "SWIR Alteration (B11/B12), Structural Proximity, Slope"
      },
      "geometry": {
        "type": "Polygon",
        "coordinates": [
          [
            [
              83.095,
              19.18833
            ],
            [
              83.145,
              19.18833
            ],
            [
              83.145,
              19.23833
            ],
            [
              83.095,
              19.23833
            ],
            [
              83.095,
              19.18833
            ]
          ]
        ]
      }
    },
    {
      "type": "Feature",
      "properties": {
        "zone_id": "MN-ZONE-476",
        "belt_name": "AP Belt",
        "state": "Andhra Pradesh",
        "latitude": 19.21333,
        "longitude": 83.24,
        "prospectivity_score": 0.8367,
        "uncertainty_val": 0.0027,
        "confidence_tier": "Data-Rich",
        "confidence_percent": 99.7,
        "priority_category": "HIGH PRIORITY",
        "area_sq_km": 28.5,
        "elevation_m": 455.3121452523803,
        "slope_deg": 7.774759117832601,
        "swir_alteration_index": 2.3391233712301562,
        "ferrous_iron_index": 2.4148486624237218,
        "environmental_overlap": false,
        "protected_area_name": null,
        "environmental_warning": null,
        "top_drivers": "SWIR Alteration (B11/B12), Structural Proximity, Slope"
      },
      "geometry": {
        "type": "Polygon",
        "coordinates": [
          [
            [
              83.215,
              19.18833
            ],
            [
              83.265,
              19.18833
            ],
            [
              83.265,
              19.23833
            ],
            [
              83.215,
              19.23833
            ],
            [
              83.215,
              19.18833
            ]
          ]
        ]
      }
    },
    {
      "type": "Feature",
      "properties": {
        "zone_id": "MN-ZONE-477",
        "belt_name": "AP Belt",
        "state": "Andhra Pradesh",
        "latitude": 19.21333,
        "longitude": 83.36,
        "prospectivity_score": 0.9533,
        "uncertainty_val": 0.022,
        "confidence_tier": "Data-Rich",
        "confidence_percent": 97.8,
        "priority_category": "HIGH PRIORITY",
        "area_sq_km": 28.5,
        "elevation_m": 630.087694760939,
        "slope_deg": 12.211143117546843,
        "swir_alteration_index": 1.510376620839795,
        "ferrous_iron_index": 2.0572737828791383,
        "environmental_overlap": false,
        "protected_area_name": null,
        "environmental_warning": null,
        "top_drivers": "SWIR Alteration (B11/B12), Structural Proximity, Slope"
      },
      "geometry": {
        "type": "Polygon",
        "coordinates": [
          [
            [
              83.335,
              19.18833
            ],
            [
              83.385,
              19.18833
            ],
            [
              83.385,
              19.23833
            ],
            [
              83.335,
              19.23833
            ],
            [
              83.335,
              19.18833
            ]
          ]
        ]
      }
    },
    {
      "type": "Feature",
      "properties": {
        "zone_id": "MN-ZONE-478",
        "belt_name": "AP Belt",
        "state": "Andhra Pradesh",
        "latitude": 19.21333,
        "longitude": 83.48,
        "prospectivity_score": 0.76,
        "uncertainty_val": 0.0079,
        "confidence_tier": "Data-Rich",
        "confidence_percent": 99.2,
        "priority_category": "HIGH PRIORITY",
        "area_sq_km": 28.5,
        "elevation_m": 223.47879640018033,
        "slope_deg": 18.48604832418487,
        "swir_alteration_index": 1.7244339927047914,
        "ferrous_iron_index": 2.6552569766000467,
        "environmental_overlap": false,
        "protected_area_name": null,
        "environmental_warning": null,
        "top_drivers": "SWIR Alteration (B11/B12), Structural Proximity, Slope"
      },
      "geometry": {
        "type": "Polygon",
        "coordinates": [
          [
            [
              83.455,
              19.18833
            ],
            [
              83.505,
              19.18833
            ],
            [
              83.505,
              19.23833
            ],
            [
              83.455,
              19.23833
            ],
            [
              83.455,
              19.18833
            ]
          ]
        ]
      }
    },
    {
      "type": "Feature",
      "properties": {
        "zone_id": "MN-ZONE-479",
        "belt_name": "AP Belt",
        "state": "Andhra Pradesh",
        "latitude": 19.21333,
        "longitude": 83.96,
        "prospectivity_score": 0.9267,
        "uncertainty_val": 0.1002,
        "confidence_tier": "Data-Rich",
        "confidence_percent": 90.0,
        "priority_category": "HIGH PRIORITY",
        "area_sq_km": 28.5,
        "elevation_m": 659.6588896142549,
        "slope_deg": 10.128545932499138,
        "swir_alteration_index": 1.41838964862501,
        "ferrous_iron_index": 2.016853457221303,
        "environmental_overlap": false,
        "protected_area_name": null,
        "environmental_warning": null,
        "top_drivers": "SWIR Alteration (B11/B12), Structural Proximity, Slope"
      },
      "geometry": {
        "type": "Polygon",
        "coordinates": [
          [
            [
              83.935,
              19.18833
            ],
            [
              83.985,
              19.18833
            ],
            [
              83.985,
              19.23833
            ],
            [
              83.935,
              19.23833
            ],
            [
              83.935,
              19.18833
            ]
          ]
        ]
      }
    },
    {
      "type": "Feature",
      "properties": {
        "zone_id": "MN-ZONE-480",
        "belt_name": "AP Belt",
        "state": "Andhra Pradesh",
        "latitude": 19.21333,
        "longitude": 84.2,
        "prospectivity_score": 0.8,
        "uncertainty_val": 0.1497,
        "confidence_tier": "Data-Rich",
        "confidence_percent": 85.0,
        "priority_category": "HIGH PRIORITY",
        "area_sq_km": 28.5,
        "elevation_m": 189.51956891019373,
        "slope_deg": 10.762313837104312,
        "swir_alteration_index": 2.077967809972897,
        "ferrous_iron_index": 3.229693477263598,
        "environmental_overlap": false,
        "protected_area_name": null,
        "environmental_warning": null,
        "top_drivers": "SWIR Alteration (B11/B12), Structural Proximity, Slope"
      },
      "geometry": {
        "type": "Polygon",
        "coordinates": [
          [
            [
              84.175,
              19.18833
            ],
            [
              84.225,
              19.18833
            ],
            [
              84.225,
              19.23833
            ],
            [
              84.175,
              19.23833
            ],
            [
              84.175,
              19.18833
            ]
          ]
        ]
      }
    },
    {
      "type": "Feature",
      "properties": {
        "zone_id": "MN-ZONE-481",
        "belt_name": "AP Belt",
        "state": "Andhra Pradesh",
        "latitude": 19.21333,
        "longitude": 84.68,
        "prospectivity_score": 0.82,
        "uncertainty_val": 0.2488,
        "confidence_tier": "Data-Rich",
        "confidence_percent": 75.1,
        "priority_category": "HIGH PRIORITY",
        "area_sq_km": 28.5,
        "elevation_m": 468.42994311567253,
        "slope_deg": 11.155236277580833,
        "swir_alteration_index": 2.135869447490715,
        "ferrous_iron_index": 1.7650422127928866,
        "environmental_overlap": false,
        "protected_area_name": null,
        "environmental_warning": null,
        "top_drivers": "SWIR Alteration (B11/B12), Structural Proximity, Slope"
      },
      "geometry": {
        "type": "Polygon",
        "coordinates": [
          [
            [
              84.655,
              19.18833
            ],
            [
              84.705,
              19.18833
            ],
            [
              84.705,
              19.23833
            ],
            [
              84.655,
              19.23833
            ],
            [
              84.655,
              19.18833
            ]
          ]
        ]
      }
    },
    {
      "type": "Feature",
      "properties": {
        "zone_id": "MN-ZONE-482",
        "belt_name": "AP Belt",
        "state": "Andhra Pradesh",
        "latitude": 19.3,
        "longitude": 83.0,
        "prospectivity_score": 0.82,
        "uncertainty_val": 0.0459,
        "confidence_tier": "Data-Rich",
        "confidence_percent": 95.4,
        "priority_category": "HIGH PRIORITY",
        "area_sq_km": 28.5,
        "elevation_m": 291.1659942692314,
        "slope_deg": 14.085908910123102,
        "swir_alteration_index": 1.2415427649384867,
        "ferrous_iron_index": 2.2800536853842077,
        "environmental_overlap": false,
        "protected_area_name": null,
        "environmental_warning": null,
        "top_drivers": "SWIR Alteration (B11/B12), Structural Proximity, Slope"
      },
      "geometry": {
        "type": "Polygon",
        "coordinates": [
          [
            [
              82.975,
              19.275
            ],
            [
              83.025,
              19.275
            ],
            [
              83.025,
              19.325
            ],
            [
              82.975,
              19.325
            ],
            [
              82.975,
              19.275
            ]
          ]
        ]
      }
    },
    {
      "type": "Feature",
      "properties": {
        "zone_id": "MN-ZONE-483",
        "belt_name": "AP Belt",
        "state": "Andhra Pradesh",
        "latitude": 19.3,
        "longitude": 83.96,
        "prospectivity_score": 0.7767,
        "uncertainty_val": 0.1034,
        "confidence_tier": "Data-Rich",
        "confidence_percent": 89.7,
        "priority_category": "HIGH PRIORITY",
        "area_sq_km": 28.5,
        "elevation_m": 275.34366477300887,
        "slope_deg": 11.881967852197887,
        "swir_alteration_index": 1.3517136013750466,
        "ferrous_iron_index": 2.267457328337149,
        "environmental_overlap": false,
        "protected_area_name": null,
        "environmental_warning": null,
        "top_drivers": "SWIR Alteration (B11/B12), Structural Proximity, Slope"
      },
      "geometry": {
        "type": "Polygon",
        "coordinates": [
          [
            [
              83.935,
              19.275
            ],
            [
              83.985,
              19.275
            ],
            [
              83.985,
              19.325
            ],
            [
              83.935,
              19.325
            ],
            [
              83.935,
              19.275
            ]
          ]
        ]
      }
    },
    {
      "type": "Feature",
      "properties": {
        "zone_id": "MN-ZONE-484",
        "belt_name": "AP Belt",
        "state": "Andhra Pradesh",
        "latitude": 19.3,
        "longitude": 84.2,
        "prospectivity_score": 0.91,
        "uncertainty_val": 0.1519,
        "confidence_tier": "Data-Rich",
        "confidence_percent": 84.8,
        "priority_category": "HIGH PRIORITY",
        "area_sq_km": 28.5,
        "elevation_m": 223.34611710550283,
        "slope_deg": 15.25280822822701,
        "swir_alteration_index": 1.4966247933624146,
        "ferrous_iron_index": 3.1513919067731786,
        "environmental_overlap": false,
        "protected_area_name": null,
        "environmental_warning": null,
        "top_drivers": "SWIR Alteration (B11/B12), Structural Proximity, Slope"
      },
      "geometry": {
        "type": "Polygon",
        "coordinates": [
          [
            [
              84.175,
              19.275
            ],
            [
              84.225,
              19.275
            ],
            [
              84.225,
              19.325
            ],
            [
              84.175,
              19.325
            ],
            [
              84.175,
              19.275
            ]
          ]
        ]
      }
    },
    {
      "type": "Feature",
      "properties": {
        "zone_id": "MN-ZONE-485",
        "belt_name": "AP Belt",
        "state": "Andhra Pradesh",
        "latitude": 19.3,
        "longitude": 84.32,
        "prospectivity_score": 0.98,
        "uncertainty_val": 0.1763,
        "confidence_tier": "Data-Rich",
        "confidence_percent": 82.4,
        "priority_category": "HIGH PRIORITY",
        "area_sq_km": 28.5,
        "elevation_m": 355.44603692964444,
        "slope_deg": 13.876812496759555,
        "swir_alteration_index": 1.4542353780226471,
        "ferrous_iron_index": 2.8889679642315547,
        "environmental_overlap": false,
        "protected_area_name": null,
        "environmental_warning": null,
        "top_drivers": "SWIR Alteration (B11/B12), Structural Proximity, Slope"
      },
      "geometry": {
        "type": "Polygon",
        "coordinates": [
          [
            [
              84.295,
              19.275
            ],
            [
              84.345,
              19.275
            ],
            [
              84.345,
              19.325
            ],
            [
              84.295,
              19.325
            ],
            [
              84.295,
              19.275
            ]
          ]
        ]
      }
    },
    {
      "type": "Feature",
      "properties": {
        "zone_id": "MN-ZONE-486",
        "belt_name": "AP Belt",
        "state": "Andhra Pradesh",
        "latitude": 19.3,
        "longitude": 84.56,
        "prospectivity_score": 0.93,
        "uncertainty_val": 0.2255,
        "confidence_tier": "Data-Rich",
        "confidence_percent": 77.5,
        "priority_category": "HIGH PRIORITY",
        "area_sq_km": 28.5,
        "elevation_m": 272.4300650449765,
        "slope_deg": 11.255903582758037,
        "swir_alteration_index": 1.8720560730033993,
        "ferrous_iron_index": 3.041982458603401,
        "environmental_overlap": false,
        "protected_area_name": null,
        "environmental_warning": null,
        "top_drivers": "SWIR Alteration (B11/B12), Structural Proximity, Slope"
      },
      "geometry": {
        "type": "Polygon",
        "coordinates": [
          [
            [
              84.535,
              19.275
            ],
            [
              84.585,
              19.275
            ],
            [
              84.585,
              19.325
            ],
            [
              84.535,
              19.325
            ],
            [
              84.535,
              19.275
            ]
          ]
        ]
      }
    },
    {
      "type": "Feature",
      "properties": {
        "zone_id": "MN-ZONE-487",
        "belt_name": "AP Belt",
        "state": "Andhra Pradesh",
        "latitude": 19.3,
        "longitude": 84.68,
        "prospectivity_score": 0.9133,
        "uncertainty_val": 0.2501,
        "confidence_tier": "Data-Rich",
        "confidence_percent": 75.0,
        "priority_category": "HIGH PRIORITY",
        "area_sq_km": 28.5,
        "elevation_m": 267.42128747454933,
        "slope_deg": 13.417489782201624,
        "swir_alteration_index": 1.4087476553376157,
        "ferrous_iron_index": 5.188992974287992,
        "environmental_overlap": false,
        "protected_area_name": null,
        "environmental_warning": null,
        "top_drivers": "SWIR Alteration (B11/B12), Structural Proximity, Slope"
      },
      "geometry": {
        "type": "Polygon",
        "coordinates": [
          [
            [
              84.655,
              19.275
            ],
            [
              84.705,
              19.275
            ],
            [
              84.705,
              19.325
            ],
            [
              84.655,
              19.325
            ],
            [
              84.655,
              19.275
            ]
          ]
        ]
      }
    },
    {
      "type": "Feature",
      "properties": {
        "zone_id": "MN-ZONE-488",
        "belt_name": "AP Belt",
        "state": "Andhra Pradesh",
        "latitude": 19.3,
        "longitude": 84.8,
        "prospectivity_score": 0.75,
        "uncertainty_val": 0.2666,
        "confidence_tier": "Data-Rich",
        "confidence_percent": 73.3,
        "priority_category": "HIGH PRIORITY",
        "area_sq_km": 28.5,
        "elevation_m": 377.4003902442758,
        "slope_deg": 13.284244507782889,
        "swir_alteration_index": 1.6394512960435756,
        "ferrous_iron_index": 2.315850466678637,
        "environmental_overlap": false,
        "protected_area_name": null,
        "environmental_warning": null,
        "top_drivers": "SWIR Alteration (B11/B12), Structural Proximity, Slope"
      },
      "geometry": {
        "type": "Polygon",
        "coordinates": [
          [
            [
              84.775,
              19.275
            ],
            [
              84.825,
              19.275
            ],
            [
              84.825,
              19.325
            ],
            [
              84.775,
              19.325
            ],
            [
              84.775,
              19.275
            ]
          ]
        ]
      }
    }
  ]
}