grid_id,belt_name,state,latitude,longitude,b2_blue,b3_green,b4_red,b8_nir,b11_swir1,b12_swir2,ferrous_iron_index,swir_alteration_index,clay_carbonate_index,ndvi,elevation_m,slope_deg,aspect_sin,aspect_cos,tri_roughness,dist_to_fault_km,dist_to_lineament_km,prospectivity_score,priority_category,confidence_percent,lst,soil_moisture,rainfall
GRID_0001,Odisha Belt,Odisha,18.2,82.5,0.0624724071308417,0.1560571445127933,0.2078392730173686,0.2997316968394073,0.2280833552796385,0.1587193424403443,3.3268438934678004,1.4370140069812702,0.760955870629765,0.181043141227772,507.9212815507392,13.453456281188087,0.1289759075035751,0.991647727413132,10.51473119585891,1.0130571141612852,1.0882611883814317,0.6367,Moderate Priority,89.4,32.5,0.22,1250.0
GRID_0002,Odisha Belt,Odisha,18.2,82.78667,0.0714853858979342,0.1145556014913692,0.154947496823765,0.3023705789444759,0.2251088949173675,0.1750573578242261,2.1675105669070134,1.2859077265159569,0.7444776910025133,0.3223637279355948,297.48301928218524,6.834952892316667,-0.9756749867935116,0.2192220795118068,1.5,1.1136793106434515,2.166087465099383,0.41,Low Priority / Background,85.0,32.5,0.22,1250.0
GRID_0003,Odisha Belt,Odisha,18.2,83.07333,0.0755448741317225,0.0837160330175998,0.1929053822281726,0.2141048247374583,0.2117092867373503,0.2538662644704,2.5534866654904382,0.8339369283353777,0.988806759446892,0.0520856481258409,289.9361310081195,8.687378125930255,-0.9158301063518044,-0.4015659551053138,7.870686831946413,3.4177361406707507,0.1049811643304372,0.7467,Moderate Priority,91.2,32.5,0.22,1250.0
GRID_0004,Odisha Belt,Odisha,18.2,83.36,0.0945592241247269,0.1007023985280013,0.1995026741224778,0.2423422152178821,0.2936122438120059,0.2056052335211936,2.1097948526362376,1.4280318197733088,1.2115554526584522,0.0969558439467668,333.8244613602479,10.98387242224238,-0.4714009757676244,0.8819189985737531,19.290566233691663,0.4632772947655781,0.6544040838938023,0.7767,High Priority,92.5,32.5,0.22,1250.0
GRID_0005,Odisha Belt,Odisha,18.2,83.64667,0.0427136373346322,0.1060264264610611,0.1666412747627378,0.2342698063547791,0.3491727516473473,0.1828103992032307,3.901268632044032,1.910016296408154,1.4904663414124288,0.1686866891202957,384.3618289568461,2.066319300867697,0.7742018003813089,0.6329388377136766,17.492736768278235,6.528314543939995,4.42564357813054,0.9467,High Priority,93.8,32.5,0.22,1250.0
GRID_0006,Odisha Belt,Odisha,18.2,83.93333,0.0444426791040454,0.1086772582835418,0.1339042871430155,0.3526206851751187,0.3121936628289604,0.1797077629823179,3.012898343306306,1.7372200311660824,0.8853501527392427,0.4495472194217964,438.7748459593357,9.200205454282052,0.8904830059712505,-0.4550165008836556,11.537700147882198,6.539378919788704,3.04466807677806,0.7733,Moderate Priority,90.5,32.5,0.22,1250.0
GRID_0007,Odisha Belt,Odisha,18.2,84.22,0.0932327645545796,0.1177771940129559,0.1343513095125962,0.322648957444599,0.3369413087510415,0.2073532637083395,1.4410156036759207,1.624954812720787,1.0442936717538434,0.4120287219020765,346.41739608900485,17.04089645116303,-0.1423493963088421,-0.9898164725697932,11.608169659908793,0.5708371759593291,0.1,0.8233,High Priority,92.4,32.5,0.22,1250.0
GRID_0008,Odisha Belt,Odisha,18.2,84.50667,0.0781846246758268,0.1051484784861061,0.1810284829397643,0.3615132947852186,0.2448726012467975,0.1892459507642755,2.31536786577257,1.2939315548170114,0.6773524720295783,0.3326646658209553,343.9135912525254,6.44833752085936,0.4650393313857223,0.8852900204251262,18.46226770262736,1.7107015194352853,0.5274250755001886,0.6633,Moderate Priority,90.1,32.5,0.22,1250.0
GRID_0009,Odisha Belt,Odisha,18.2,84.79333,0.0957818591405544,0.1446496303651533,0.1960084507812508,0.3542921180375435,0.3446609738418406,0.1623884070663243,2.0463833773600624,2.1224350779301235,0.972813064365867,0.2876307759689724,359.70775493480403,14.358902457398004,-0.93557687696176,0.3531230766949105,12.144268721332534,0.5829608006192541,0.7760602384181441,0.8067,High Priority,92.1,32.5,0.22,1250.0
GRID_0010,Odisha Belt,Odisha,18.2,85.08,0.0656264673175753,0.1454411812737994,0.2232876699907612,0.1813904261062381,0.2919345144639618,0.1900893203778534,3.4023508618770606,1.5357673861755128,1.6094173838899108,-0.1035320190457294,417.3125502773975,8.22017596788868,0.8522618385699978,-0.5231154351740035,12.265178861180347,14.315605613455748,1.1711514086444232,0.6867,Moderate Priority,90.0,32.5,0.22,1250.0
GRID_0011,Odisha Belt,Odisha,18.2,85.36667,0.0711274373046019,0.1362415167116142,0.1636355522855152,0.3743564165441921,0.37324051308958,0.1702138754990437,2.300564422423044,2.192760838295105,0.9970164783566396,0.39167958777799,158.12287847009586,9.880687560478524,0.9761348956858256,-0.2171650649262508,14.614086095298,3.4925981641481925,0.1585532621411774,0.7567,Moderate Priority,90.4,32.5,0.22,1250.0
GRID_0012,Odisha Belt,Odisha,18.2,85.65333,0.0567187878541966,0.1526612708773323,0.1487474268800366,0.2089789744182446,0.2881014968499613,0.2582780544932721,2.622496178272128,1.1154659730933236,1.378608154451038,0.1683727534419023,306.7390719451987,13.452835774178816,-0.9973360852171318,0.0729433555833974,7.10124453503385,1.356665861679029,3.908246785476949,0.8733,High Priority,93.9,32.5,0.22,1250.0
GRID_0013,Odisha Belt,Odisha,18.2,85.94,0.0620669879631552,0.1305844664474863,0.1960235652913073,0.2871549368149517,0.2162521586097935,0.2402362994707085,3.1582071809331227,0.9001606290373759,0.7530826665413858,0.1886076936757202,250.9463674869312,7.451660216787527,0.2534042657854046,0.9673604695674514,24.239629722070774,0.2,2.152891753648465,0.6333,Moderate Priority,87.5,32.5,0.22,1250.0
GRID_0014,Odisha Belt,Odisha,18.2,86.22667,0.0535897465118762,0.131613823232756,0.1409239714805989,0.3181875476204931,0.2696123623340967,0.2524075986484081,2.62963255138401,1.0681583899194045,0.8473352179088051,0.3861005064443962,437.3589415635379,8.252810204605236,0.6540871318043324,0.7564192118184082,8.68692575702691,12.930951985753618,6.295001121482982,0.5967,Moderate Priority,88.8,32.5,0.22,1250.0
GRID_0015,Odisha Belt,Odisha,18.2,86.51333,0.0554764976629093,0.1327987236827343,0.2180666640241458,0.2910401623198925,0.2953371041040812,0.1690222749080542,3.930722783301363,1.7473161862751716,1.0147605986381645,0.1433360371216008,375.9882794248424,13.518202922997895,0.8475786187304931,-0.5306698456393668,21.796380885586924,11.370486745536262,6.54339770818984,0.7867,Moderate Priority,89.6,32.5,0.22,1250.0
GRID_0016,Odisha Belt,Odisha,18.2,86.8,0.0867925327514574,0.131362531692343,0.1300967957994058,0.2123257428189227,0.3617397539348742,0.2127714871591507,1.4989226924539638,1.7001246672662995,1.7036937935009648,0.2401381264597313,263.2853843950447,10.78674855396162,-0.9340940454214248,-0.357027049827092,6.698870645844566,5.277207410676244,0.7618496019240735,0.8233,High Priority,93.8,32.5,0.22,1250.0
GRID_0017,Odisha Belt,Odisha,18.48,82.5,0.0827307532808521,0.098979926999744,0.1590479637791121,0.3292982810236048,0.3169339218284986,0.2419068092593013,1.9224536827980283,1.3101434087593953,0.9624494801304478,0.3486255304118089,432.206015999449,18.535568421942763,0.5551771372107126,0.8317321361583413,5.78077365970222,1.3985010183121065,10.836928218488778,0.7433,High Priority,91.7,32.5,0.22,1250.0
GRID_0018,Odisha Belt,Odisha,18.48,82.78667,0.0635858634800056,0.151363724414169,0.1957366351196715,0.3389622607083297,0.2904746767589345,0.2092284661551631,3.0782558598950134,1.3883067337347244,0.8569503259790788,0.2678617046799089,272.82192505067417,3.67117629768303,-0.985057553486164,-0.1722254810411429,13.79282206343115,1.6478868418313146,0.1,0.6867,Moderate Priority,89.5,32.5,0.22,1250.0
GRID_0019,Odisha Belt,Odisha,18.48,83.07333,0.07872833775443,0.0941688543525639,0.2328550301223497,0.3707857154005174,0.3646755902396807,0.1844190440306533,2.957665296876539,1.9774184100024736,0.9835184894522568,0.2284975919925714,397.32376245735446,9.672269893044072,-0.2265970502115687,0.9739885917378168,11.285226605931983,2.431459660493468,5.714179957434239,0.5733,Moderate Priority,88.1,32.5,0.22,1250.0
GRID_0020,Odisha Belt,Odisha,18.48,83.36,0.0590153203093766,0.0935594197348874,0.186816151495002,0.3672309548321562,0.3252853634014951,0.2084073404107238,3.165499823026414,1.5608078004960562,0.8857763032908377,0.3256302138331316,427.7049794903608,11.039291753253098,-0.0624528334145033,0.998047916484224,9.146378651657834,0.7546029332113208,2.191485974944511,0.83,High Priority,92.0,32.5,0.22,1250.0
GRID_0021,Odisha Belt,Odisha,18.48,83.64667,0.0926423843156773,0.1392614894203363,0.2036418889194321,0.3204968167974218,0.2647084072195559,0.1752310213117392,2.19812661663496,1.5106166398014518,0.8259288935714377,0.2229461469975258,401.503526720866,12.31203677910494,-0.7414369426584663,0.6710225481019741,14.14359088679502,3.480921887755996,4.802849796925463,0.1467,Low Priority / Background,83.4,32.5,0.22,1250.0
GRID_0022,Odisha Belt,Odisha,18.48,83.93333,0.0789978358466659,0.1361573501806162,0.2154951203323321,0.3580010683635132,0.2608391282332765,0.1850699543167933,2.72782653089472,1.4094006766009743,0.7285967073475731,0.2484858702712128,437.19139888123925,10.742602591492023,0.2239172809892084,0.974608152682092,8.86442649302379,3.133034740910548,2.346883757061378,0.0433,Low Priority / Background,80.3,32.5,0.22,1250.0
GRID_0023,Odisha Belt,Odisha,18.48,84.22,0.057192475127697,0.1272666608455208,0.1236600299926859,0.1874696377498428,0.3480681009187385,0.1832228769693515,2.162135273588248,1.8996874570936024,1.8566539544352203,0.2050894186038953,356.42800190954625,5.150148499318123,-0.992119777383362,0.1252930457957988,17.297458070376003,0.4460551449494864,0.1591952877309282,0.97,High Priority,94.7,32.5,0.22,1250.0
GRID_0024,Odisha Belt,Odisha,18.48,84.50667,0.0718812778940888,0.1232508097288085,0.1964915881797848,0.3252182667445323,0.3756533743032562,0.2019560417961434,2.733519219706628,1.8600657395370388,1.1550772439270678,0.2467395058962717,222.912819312396,14.716088847977286,0.9914457487794508,-0.1305194515279389,10.22858151514576,2.8899171563665065,0.2451155057510097,0.8833,High Priority,93.9,32.5,0.22,1250.0
GRID_0025,Odisha Belt,Odisha,18.48,84.79333,0.0415210446049274,0.157011873174234,0.2203176144614647,0.3191948412187396,0.2736115299945686,0.1607953184085015,5.306039636480701,1.7016032002639585,0.8571901468072926,0.1832711042074254,302.5054688839044,7.060018453418296,-0.3043921724954236,-0.9525467995450492,19.672290140525405,1.6420613069449796,9.29431049566892,0.74,Moderate Priority,91.1,32.5,0.22,1250.0
GRID_0026,Odisha Belt,Odisha,18.48,85.08,0.0842738150017461,0.124348324200912,0.1934064895481222,0.2639200124855579,0.2445915781102083,0.1827167214381514,2.2949500339349904,1.3386308464502212,0.9267605326559312,0.1541860540288318,476.6406855372875,8.93173617456999,0.5767217650451956,0.8169406378208605,25.232034082833827,3.3825898289861662,1.9243509962831136,0.3967,Low Priority / Background,82.7,32.5,0.22,1250.0
GRID_0027,Odisha Belt,Odisha,18.48,85.36667,0.0503921121946009,0.1147081319390378,0.1678205681276848,0.3031700196104433,0.3143168571561759,0.1454364811726453,3.330228295478544,2.1611819361960616,1.0367641919074402,0.2873712716032902,494.1273289066115,3.538620319692523,-0.0197044185206721,-0.9998058490980948,16.42985305262315,0.8892643438365366,0.2195473087687225,0.91,High Priority,94.3,32.5,0.22,1250.0
GRID_0028,Odisha Belt,Odisha,18.48,85.65333,0.0785451566923789,0.0821209048433297,0.1902930697528155,0.3680460482849915,0.3035853520176582,0.1865803911447826,2.422691036279297,1.6270934103073729,0.824854739176122,0.318359675025429,440.9738174959817,7.231898450029012,-0.2827105253341007,-0.9592052746233816,26.66790584969751,14.190635731164996,1.4637825820505614,0.6267,Moderate Priority,89.3,32.5,0.22,1250.0
GRID_0029,Odisha Belt,Odisha,18.48,85.94,0.0976714338294348,0.1524280513564851,0.1434949361747155,0.1938722601750331,0.2181400402479368,0.1421866190781859,1.46914467622769,1.5341704268075986,1.1251682674082808,0.1493244607683514,378.0991867735033,7.197852160807328,0.432525053660209,0.9016219151929667,19.309942803119995,0.2,5.053591518557876,0.5533,Moderate Priority,89.6,32.5,0.22,1250.0
GRID_0030,Odisha Belt,Odisha,18.48,86.22667,0.056911286486404,0.0894531862097325,0.203608459843698,0.3057885693559767,0.3579449624348695,0.2282085252564663,3.5775835485425262,1.5684926474151506,1.1705597518866886,0.2005899191891571,303.5470251355032,7.166346142306992,0.8978603967230238,0.4402802607389688,19.26052789971396,6.943781980027124,4.932627549730259,0.9767,High Priority,94.3,32.5,0.22,1250.0
GRID_0031,Odisha Belt,Odisha,18.48,86.51333,0.0994303085200404,0.1130094141529141,0.1646421702951339,0.3352825921483994,0.2613446372455432,0.2516908790724277,1.655838314367052,1.038351488370182,0.7794733872031229,0.3413315229429475,328.231879677278,14.944495833942357,-0.9999850227331328,0.005473053025138,11.552507883372224,11.64222840433816,2.111122469270263,0.4367,Low Priority / Background,87.3,32.5,0.22,1250.0
GRID_0032,Odisha Belt,Odisha,18.48,86.8,0.0895874479664645,0.1056039680824489,0.227462787419544,0.2578403357468326,0.2019507772664537,0.2486458371703116,2.538974528330816,0.8121992604640562,0.7832366237225195,0.0625948696439866,376.1623055972466,8.78031791970156,-0.3086466766666778,0.951176760114867,10.321431902549731,15.039747700519948,2.555991873165792,0.2667,Low Priority / Background,83.2,32.5,0.22,1250.0
GRID_0033,Odisha Belt,Odisha,18.76,82.5,0.0779102327301879,0.1158756417582655,0.1551852926037677,0.2457329090739832,0.3210533220938669,0.2302849435325216,1.9918218101000305,1.3941507552263035,1.3065080163487215,0.2258500368435718,412.4119817052155,12.82755479168926,0.5422098075794479,0.8402431341966788,9.805120531448496,3.987306578476964,1.7476658249618506,0.93,High Priority,93.6,32.5,0.22,1250.0
GRID_0034,Odisha Belt,Odisha,18.76,82.78667,0.0932622509654979,0.1080732010041663,0.1340480419713127,0.2085983364105671,0.337071913709145,0.2141861675979513,1.4373082707668288,1.5737259962364294,1.6158820037937078,0.217571471847563,349.1182953754192,8.05013466893848,-0.8997892481130153,0.4363247746578397,15.222936365164802,6.124998765650025,0.2545462517409362,0.8333,High Priority,93.3,32.5,0.22,1250.0
GRID_0035,Odisha Belt,Odisha,18.76,83.07333,0.0450902628451115,0.158931166280094,0.1649124954907344,0.2541284294133782,0.3463039221063504,0.2536698292860631,3.6573048764947846,1.365170457639911,1.362706880921836,0.2129045535075246,278.15557787475643,9.039487817296688,-0.9854883250783268,0.1697432211733774,1.777544390167165,11.841188377390452,0.3536406239156407,0.86,High Priority,93.6,32.5,0.22,1250.0
GRID_0036,Odisha Belt,Odisha,18.76,83.36,0.0695575062574515,0.0809082915813935,0.1762392770392951,0.1912606551363674,0.2213872249282529,0.1541031496132526,2.533684038397752,1.4366078102624575,1.1575097202332914,0.0408743945440993,507.0032280542672,15.720122016914116,-0.5001927859401138,-0.8659140701556174,18.62517860878424,16.373601045511887,1.4093897337608017,0.7533,High Priority,92.4,32.5,0.22,1250.0
GRID_0037,Odisha Belt,Odisha,18.76,83.64667,0.0571427251769116,0.1494879302551568,0.1468315006223343,0.3726445078881222,0.2021878054441669,0.2563854592049167,2.569512228468789,0.788605631011771,0.5425741117611136,0.4346929769101466,372.4092481810417,10.056665803518078,0.4472403228106104,0.8944138268454156,16.841764326365386,3.70221966590522,2.977884871143562,0.4867,Moderate Priority,87.7,32.5,0.22,1250.0
GRID_0038,Odisha Belt,Odisha,18.76,83.93333,0.081744921339077,0.1163632851814218,0.1953069696100876,0.29686286238462,0.362208441888378,0.1454535656409749,2.3891952822938567,2.4901826923908046,1.220116315198705,0.2063427699746833,355.43505779385714,9.500806289667205,-0.6851541986941303,-0.7283980532729369,19.857854758886617,1.6243670994756507,0.6252124843081934,0.8267,High Priority,93.6,32.5,0.22,1250.0
GRID_0039,Odisha Belt,Odisha,18.76,84.22,0.0678219042963989,0.1082681782420842,0.1900387334221046,0.1955469273929969,0.3753910653799099,0.2583452893375523,2.801984600830413,1.453053830741994,1.9196882850385744,0.0142852295752358,384.175597577716,18.44276877647149,0.930865009934178,-0.3653632894534463,17.42808506196073,0.8873682705024419,7.254903275997382,0.9633,High Priority,94.2,32.5,0.22,1250.0
GRID_0040,Odisha Belt,Odisha,18.76,84.50667,0.0893522345753901,0.1559839930633539,0.2070863410066031,0.302683039187158,0.2752837465323114,0.2519274180024816,2.317614376140776,1.0927062088311126,0.9094755946549788,0.1875289383118316,447.05238200132106,9.668749978936422,-0.928491018016974,0.371354856521095,12.306672866076736,21.82137734110084,0.489028529803439,0.6,Moderate Priority,88.3,32.5,0.22,1250.0
GRID_0041,Odisha Belt,Odisha,18.76,84.79333,0.0756478429211281,0.1104712685304817,0.2363897277377523,0.3484237846271417,0.3508991668480048,0.1962431791753964,3.124829390770901,1.7880742670812313,1.0071016251714442,0.1915719506281435,190.5572341205633,7.302812396708022,0.3468567308246039,0.9379181245085672,15.556335853998164,35.0,17.084620202232998,0.5367,Low Priority / Background,86.5,32.5,0.22,1250.0
GRID_0042,Odisha Belt,Odisha,18.76,85.08,0.0733259023361576,0.1415189932144408,0.2333718875858913,0.3499294781354823,0.2445226583137756,0.1940652962372112,3.1826230230758723,1.259995491514356,0.6987749670067435,0.199823620474166,380.23482903316426,3.841344480061643,-0.8814044348198161,-0.4723623844888164,17.212950859851226,4.813352173715359,1.3302613868913182,0.2733,Low Priority / Background,84.2,32.5,0.22,1250.0
GRID_0043,Odisha Belt,Odisha,18.76,85.36667,0.0468134555319777,0.1337258556474239,0.1824369241084552,0.3344636783471278,0.2936294302001588,0.2422617800382248,3.897021166546245,1.212028649856281,0.8779086379202419,0.2941115939986589,556.0747924881987,17.89903379099442,-0.699721984635262,0.7144152463505311,7.877700516427071,0.2,4.221172357987757,0.84,High Priority,93.4,32.5,0.22,1250.0
GRID_0044,Odisha Belt,Odisha,18.76,85.65333,0.0772185730812078,0.1363263814479379,0.1455556993810692,0.2072742951173539,0.2026180398202187,0.1820705070567916,1.8849586131225533,1.1128486993685305,0.9775310642086004,0.1749239627431895,323.0905562071049,2.211071033054947,0.3828290029163766,-0.9238192217777528,22.666032751890867,11.725307614907209,1.2843078432753352,0.5133,Low Priority / Background,85.5,32.5,0.22,1250.0
GRID_0045,Odisha Belt,Odisha,18.76,85.94,0.0708393693495886,0.1426922410192914,0.1675851338785524,0.3044173400455747,0.3552254675744141,0.2539424748389171,2.365672785407711,1.3988367600299354,1.166899036113373,0.289896608237713,179.66175606448454,9.750035354965217,0.2539457986228889,-0.9672184506934216,13.962805161956766,1.9930801605024988,3.0104588218729784,0.8667,High Priority,92.1,32.5,0.22,1250.0
GRID_0046,Odisha Belt,Odisha,18.76,86.22667,0.0544087371266915,0.0860690662486931,0.1354655666292779,0.2056091677915544,0.227342484832213,0.1566592607179292,2.489730217108934,1.4511815810235942,1.105696703981539,0.2056540354047313,390.3119327085577,5.044366428187996,0.82471668461762,-0.5655460990169775,16.926039649539764,11.354870625641787,1.927143424939781,0.7333,High Priority,92.6,32.5,0.22,1250.0
GRID_0047,Odisha Belt,Odisha,18.76,86.51333,0.0800534643112616,0.0937855896961303,0.1430746822570404,0.1881737232532957,0.2304083113529896,0.173430840683835,1.787216784072759,1.328523703862558,1.2244381570995837,0.1361482926339864,339.29696400454424,5.341409549112816,0.9625978859260664,0.2709341433091587,14.34484401814578,5.862287170062711,0.1203171903000462,0.7233,Moderate Priority,91.1,32.5,0.22,1250.0
GRID_0048,Odisha Belt,Odisha,18.76,86.8,0.0879646239345425,0.1302320311592726,0.1298110838338646,0.3547157248213554,0.3657570320957264,0.1473293551825836,1.475702416781132,2.48256397429064,1.0311242929972677,0.4641728234581646,121.7197509959202,13.831094190702297,-0.9999402168969136,-0.0109344699072831,10.277817664786689,1.0198981603090025,0.7046970935445998,0.8133,High Priority,92.1,32.5,0.22,1250.0
GRID_0049,Odisha Belt,Odisha,19.04,82.5,0.0622283261674829,0.1187618388152817,0.1941905725836355,0.2537827279139545,0.2832562489039666,0.2296965125760507,3.120563640059261,1.2331707284387026,1.116132429893239,0.1330258348841143,407.6556963055766,11.400625695445912,-0.0733057192815374,-0.9973095164093324,8.166388713655572,2.9657162304177542,2.2818203971658697,0.5,Moderate Priority,87.8,32.5,0.22,1250.0
GRID_0050,Odisha Belt,Odisha,19.04,82.78667,0.0545482302180837,0.1015394584759504,0.1652740995725547,0.1840142395555452,0.2579742498049721,0.1653737608395853,3.0298154329914664,1.5599372509763374,1.4019178543476132,0.0536521957119273,357.94824518175386,6.520487632962297,-0.6348677838683288,0.7726207976789888,11.895264528962787,4.501994069397799,3.409898873679095,0.8667,High Priority,92.3,32.5,0.22,1250.0
GRID_0051,Odisha Belt,Odisha,19.04,83.07333,0.0873502743164403,0.1198753759143246,0.1304304345704908,0.2874213083637095,0.3056314012437582,0.2294527369021196,1.4931715145676203,1.331995745068796,1.06335309525455,0.3757086113419153,246.2753845673544,9.143475948623763,0.9775656661295824,-0.2106308818873104,22.374391615571383,4.2289086060070975,1.3206202789554184,0.7167,Moderate Priority,88.9,32.5,0.22,1250.0
GRID_0052,Odisha Belt,Odisha,19.04,83.36,0.0991909149275787,0.1284619855485509,0.1484672150083193,0.2003564945240807,0.2275146450531797,0.169514927406141,1.4967673032294724,1.3421431751842434,1.1355434723997062,0.148754598220175,219.03507099881017,8.281403999340572,0.975786145986053,-0.218726764026914,11.5192925670938,0.952012168314435,6.812254348067746,0.62,Moderate Priority,89.7,32.5,0.22,1250.0
GRID_0053,Odisha Belt,Odisha,19.04,83.64667,0.0448140247396985,0.1219609111656203,0.1692476192387593,0.3764757233817213,0.2201670023902494,0.187742671885489,3.7765820775913705,1.1726999913186766,0.5848090697682135,0.3797303656052538,292.3228669431668,13.399260516215902,0.8789797194322733,0.476859154076717,17.16989965778226,4.068252109523711,2.5431826843757595,0.54,Moderate Priority,88.6,32.5,0.22,1250.0
GRID_0054,Odisha Belt,Odisha,19.04,83.93333,0.056798745619617,0.1415594346553549,0.1424452498269028,0.2447358472808487,0.276578558950955,0.2009132454421346,2.507850136879947,1.3766000431791805,1.1301059159006253,0.264192477436473,370.7503485159136,7.936213253756504,-0.6404209423972513,-0.7680240989311576,12.159701604069095,1.7028168421827088,2.611359204877331,0.7933,High Priority,91.5,32.5,0.22,1250.0
GRID_0055,Odisha Belt,Odisha,19.04,84.22,0.0492617629164521,0.1184912081483854,0.1839107319061902,0.1903647073644853,0.2605887700749057,0.1561297612326769,3.733260601280042,1.669041821211377,1.3688850459603374,0.0172438731940259,450.629280921444,7.40398658714583,0.9995749328992642,-0.0291539623281522,20.637974628970657,4.527232970845699,1.9135699321358155,0.9133,High Priority,93.4,32.5,0.22,1250.0
GRID_0056,Odisha Belt,Odisha,19.04,84.50667,0.0647104548488361,0.1079094613234396,0.2315434973097391,0.3461238815575458,0.3737048439199723,0.1549156668182653,3.5780913572506954,2.4122959239651727,1.0796821142655737,0.1983497598959466,427.1638149301336,10.763781779756682,0.9080986239505694,0.4187563601655292,14.536363514873896,0.3440515873624843,4.054179459565866,0.7733,Moderate Priority,90.8,32.5,0.22,1250.0
GRID_0057,Odisha Belt,Odisha,19.04,84.79333,0.0744683867907947,0.1473463021406617,0.1367726851951547,0.339053462371978,0.236292917608594,0.1596387131438845,1.8366296687709724,1.480163757220118,0.6969172915628998,0.425113989840784,389.4452142378297,8.105569836308817,-0.861372156964515,-0.5079744158973944,1.5,10.486013336471665,1.4949382490923349,0.04,Low Priority / Background,80.9,32.5,0.22,1250.0
GRID_0058,Odisha Belt,Odisha,19.04,85.08,0.0889959663682946,0.1151307926856174,0.1652333315309889,0.2725359571339213,0.2542480173495456,0.2297131256211501,1.8566175710664856,1.1068018419070027,0.932893725765828,0.2451117135659858,386.07784246734286,2.888866284654128,-0.5899456805231316,0.8074429354648532,14.096320511863585,2.4216587117935564,2.3528471465332905,0.0167,Low Priority / Background,80.0,32.5,0.22,1250.0
GRID_0059,Odisha Belt,Odisha,19.04,85.36667,0.0943883266578728,0.1299390396731193,0.1340277648850036,0.367966424722695,0.3129874495528552,0.1801886737588503,1.41994619127654,1.7369888241860605,0.8505846673485475,0.466017732202794,383.8496407494414,8.131204387446394,-0.684880274365663,-0.7286556180973384,19.79553204775754,7.769950068480361,0.4934739603790226,0.6867,Moderate Priority,90.2,32.5,0.22,1250.0
GRID_0060,Odisha Belt,Odisha,19.04,85.65333,0.0587033240677329,0.0998791311851572,0.2092735551087212,0.1867064869471558,0.3025801432768369,0.2314950422888828,3.5648746226472507,1.3070640011169117,1.6206106580100708,-0.0569902741919167,358.20548711527977,8.436129698021702,-0.9014352487796662,0.4329139547964945,18.97483210751161,0.5862194254938867,5.621231871635063,0.9733,High Priority,94.3,32.5,0.22,1250.0
GRID_0061,Odisha Belt,Odisha,19.04,85.94,0.0476493197399189,0.1117829832448293,0.2156754438935464,0.2099834854697547,0.2412652511418754,0.2266703082071679,4.5262118926111805,1.0643837239487286,1.148967032503105,-0.0133720795196899,436.960592010566,16.10037036462228,-0.9386221671993524,-0.3449469919306314,4.206691523428887,2.120915968966317,0.6012038235495956,0.91,High Priority,93.9,32.5,0.22,1250.0
GRID_0062,Odisha Belt,Odisha,19.04,86.22667,0.0945070336800177,0.1266713435812896,0.1681021700116368,0.2724011607288265,0.3705110011301267,0.1584021683739296,1.7787077295544185,2.3390378168162087,1.3601617554677423,0.2367717714417675,378.0964320918199,10.81238878812444,-0.6444376402969347,-0.7646568693005501,29.861429500391303,0.2,6.17008056762209,0.8267,High Priority,93.5,32.5,0.22,1250.0
GRID_0063,Odisha Belt,Odisha,19.04,86.51333,0.0959270969490167,0.1252106546871367,0.203598098865227,0.3644998762354591,0.3273029541764117,0.1583046851497113,2.1224031888533563,2.067537586327856,0.8979483329553963,0.283228423958545,538.2024496475034,16.0543902076974,0.4588505173522524,-0.8885134792030847,15.103300111430944,12.989381065270589,1.798092888910853,0.6,Moderate Priority,88.9,32.5,0.22,1250.0
GRID_0064,Odisha Belt,Odisha,19.04,86.8,0.0467942827504453,0.1587872959169867,0.2206677703735121,0.2049325362406533,0.365751538871127,0.2443875634474554,4.715598611729986,1.496598423885597,1.784732482445553,-0.0369717712054012,360.0095442579698,21.42410995781869,0.5928431387666138,-0.805317957590261,17.143716002646762,0.2815907462164689,1.2247946589022234,0.8733,High Priority,94.4,32.5,0.22,1250.0
GRID_0065,Odisha Belt,Odisha,19.32,82.5,0.0881712069158806,0.0803705618403682,0.1600199006029373,0.2596337387181887,0.2967312085288261,0.2503826739695313,1.8148564746213256,1.1851060567348923,1.1428794543972889,0.2373709921958598,221.0039100258946,4.172145525713727,-0.9969179489869272,-0.078451277795192,4.983409894216379,3.011411752880776,0.4554597657941611,0.6967,Moderate Priority,90.9,32.5,0.22,1250.0
GRID_0066,Odisha Belt,Odisha,19.32,82.78667,0.0505832191903733,0.1198694218191583,0.1702710539405457,0.36296918021362,0.2652309018409939,0.2096706020333652,3.3660903868009053,1.2649824738725826,0.7307236690487818,0.3613713905278434,323.9264835108181,5.422635232545742,-0.2421705880385598,0.9702336864328398,17.100015851888738,0.8047345215509004,1.6065033436098206,0.7033,High Priority,91.3,32.5,0.22,1250.0
GRID_0067,Odisha Belt,Odisha,19.32,83.07333,0.0451209800847186,0.1597499401476758,0.1802634012397491,0.2990770034640088,0.2120737659299169,0.2299952564479013,3.995024174499792,0.922074859848668,0.7090918204402085,0.2478684316821927,369.8084760767855,9.350378146342258,0.9605380992011672,0.278148449542701,29.419561038142003,0.3398347008957824,4.482007780795117,0.7267,Moderate Priority,91.2,32.5,0.22,1250.0
GRID_0068,Odisha Belt,Odisha,19.32,83.36,0.0671973300848816,0.1219512215462064,0.1728915296325873,0.2601526121750652,0.3007352596354792,0.1586288295116855,2.572854554781334,1.895830440978476,1.1559910974178802,0.2015057418222623,239.28955453999785,11.304290188758106,-0.3321353456737207,0.9432317383094136,12.471072389765812,2.3365109373756927,0.947194097077998,0.87,High Priority,92.1,32.5,0.22,1250.0
GRID_0069,Odisha Belt,Odisha,19.32,83.64667,0.0786399725943409,0.1126987336878477,0.1230463626792413,0.211230519473238,0.3288750011925315,0.2190708730292181,1.5646597266028202,1.5012196529157744,1.5569409433434402,0.2638049404470376,422.1672064043235,4.9192670295224685,0.1235286236866623,0.9923410094972792,14.592474665824009,0.9833885472589268,3.1730972667617303,0.9267,High Priority,93.9,32.5,0.22,1250.0
GRID_0070,Odisha Belt,Odisha,19.32,83.93333,0.0542909668628035,0.0879553114207476,0.1491806629199344,0.3244533863711318,0.3540253642591314,0.239626383748039,2.7477483602116624,1.4773994470989946,1.091140632181728,0.3700586004214519,336.9654854012792,17.40878759205988,0.960266151606836,0.2790858614802919,7.957463814162434,1.7346679430625842,6.799795885892713,0.9367,High Priority,94.3,32.5,0.22,1250.0
GRID_0071,Odisha Belt,Odisha,19.32,84.22,0.0407801154106441,0.0868406824683574,0.1449463506175232,0.1853064407747639,0.2326583783161635,0.209964987316363,3.5542517451519053,1.1080765093901093,1.255526369278141,0.1222093166200762,442.4027019206901,9.16794038600655,-0.9115491472807312,0.4111911381483942,6.550992614305265,2.3876990405426888,2.676953250429916,0.8433,High Priority,93.3,32.5,0.22,1250.0
GRID_0072,Odisha Belt,Odisha,19.32,84.50667,0.0560838184493725,0.1299319126279307,0.1691293982629488,0.290409436170396,0.278502775244357,0.1753358911450301,3.0156003520920893,1.5883866391471098,0.9589971314975324,0.2639162675788416,268.36945909451543,14.37320210577731,-0.9513371595946268,0.3081519248267446,13.81425049618056,2.7687830962930366,0.1,0.9233,High Priority,92.5,32.5,0.22,1250.0
GRID_0073,Odisha Belt,Odisha,19.32,84.79333,0.0561206415630967,0.1233307371728693,0.1960173863791376,0.2315775370866404,0.2250840933331083,0.2401916284159159,3.492723678774758,0.9370982565849368,0.97195576137912,0.0831629787750976,351.8433933065393,11.56411767412752,0.8813409172100567,0.4724808860169224,4.2224420841420365,4.039177577034926,3.161665901958081,0.5767,Moderate Priority,87.8,32.5,0.22,1250.0
GRID_0074,Odisha Belt,Odisha,19.32,85.08,0.0897845082224321,0.0965137017408482,0.1213194994390176,0.2073771260137614,0.3620033555326589,0.2448668093075018,1.351214709822259,1.4783623725651085,1.7456197646835552,0.2618139588206636,405.18636553095007,17.292400503246448,-0.860859304075859,-0.5088430588954003,23.422967811566835,0.9641101431927608,7.374628682313904,0.8133,High Priority,93.5,32.5,0.22,1250.0
GRID_0075,Odisha Belt,Odisha,19.32,85.36667,0.0651262314935244,0.1106510822599598,0.1822701246339405,0.189393193355011,0.2299310063760943,0.2285640339711644,2.798677610794244,1.005976296466686,1.2140340857499197,0.0191653284329604,368.6766764477079,6.6007768044100485,0.9995730558857676,0.0292182468192034,4.855908549637817,2.197742388614268,3.80869195991606,0.5067,Moderate Priority,87.5,32.5,0.22,1250.0
GRID_0076,Odisha Belt,Odisha,19.32,85.65333,0.0578273029373905,0.1253123712237517,0.1771260482638919,0.3127342330725296,0.3686293530784564,0.22790865166523,3.062964660326668,1.617436341045905,1.1787266482793894,0.2768297678858725,270.1560952582946,12.734050889491114,0.3175246628159884,0.9482500137113592,4.884920102082939,3.4295297801309443,2.725286519962681,0.9067,High Priority,94.0,32.5,0.22,1250.0
GRID_0077,Odisha Belt,Odisha,19.32,85.94,0.0600546334490176,0.1416729762996657,0.1327917903760526,0.1950275563471617,0.3310739761166485,0.1994589579447438,2.2111462780387128,1.6598518295504987,1.6975666657108326,0.1898471726761247,287.30329422122327,18.15601851098618,0.9997444796234644,0.0226047663648213,16.99842572067266,5.932244098545607,0.9529608449640964,0.94,High Priority,94.4,32.5,0.22,1250.0
GRID_0078,Odisha Belt,Odisha,19.32,86.22667,0.0754138400121452,0.1088779117552021,0.1309898487991961,0.3634627150924485,0.224627353565413,0.2540284824584963,1.7369240427759407,0.8842570216317825,0.6180186473587278,0.4701611703706861,403.2595109370551,4.062934498881675,-0.2602406351248179,-0.9655437907365112,12.642528685947942,10.315708971410292,3.952823337391421,0.3433,Low Priority / Background,84.8,32.5,0.22,1250.0
GRID_0079,Odisha Belt,Odisha,19.32,86.51333,0.0883936688716869,0.1327026693368574,0.2030731877421422,0.3498391303130638,0.2449402415946535,0.1987309956371768,2.2973465519388023,1.232515382383814,0.7001490691632837,0.2654411419988035,392.9618219132586,10.934594592234,0.9063603290386828,0.4225055667620137,18.91090840783124,0.2,3.5862313706786564,0.44,Low Priority / Background,86.7,32.5,0.22,1250.0
GRID_0080,Odisha Belt,Odisha,19.32,86.8,0.057840940442353,0.1539516956301224,0.2365269894198441,0.3688532978226868,0.2853585589983435,0.2434451181187176,4.089195272685807,1.1721631102747223,0.7736349032200222,0.218583413778083,363.3847654246,7.905474179181759,-0.8795691122668975,0.4757711390427355,19.319104475414328,0.2,2.7210259208634207,0.6933,Moderate Priority,90.5,32.5,0.22,1250.0
GRID_0081,Odisha Belt,Odisha,19.6,82.5,0.0538005302372621,0.0896453508621823,0.1292343841955051,0.3192577551756279,0.2611774934782519,0.2269720125834514,2.4020577783863697,1.150698448707529,0.8180746471136717,0.4236929270458169,331.3128355838641,8.021210237766212,-0.2455927355879449,-0.9693731006307272,10.09649095065886,4.916045432010813,6.51408497617281,0.6467,Moderate Priority,89.9,32.5,0.22,1250.0
GRID_0082,Odisha Belt,Odisha,19.6,82.78667,0.0769517912909382,0.0986367579802907,0.1229280937867845,0.354019774780186,0.2038284939530697,0.2449642007221039,1.5974481461241057,0.832071222166364,0.575752917550187,0.484520870523782,454.35459092865534,13.210298155924503,-0.953391182405837,0.3017370598895668,14.28210327874247,30.91097205423663,1.295635850544851,0.4733,Moderate Priority,87.5,32.5,0.22,1250.0
GRID_0083,Odisha Belt,Odisha,19.6,83.07333,0.0860312973358676,0.1121544730887393,0.177585074436469,0.305501092643674,0.357261880553541,0.2580900163039154,2.064167527029785,1.3842476412772418,1.1694253137906905,0.264788690166104,305.4497478599228,16.540230147029654,0.4742646027205076,-0.8803823525073404,8.764216235773937,0.5853333479033074,1.3137579947823494,0.8867,High Priority,93.9,32.5,0.22,1250.0
GRID_0084,Odisha Belt,Odisha,19.6,83.36,0.0572343394992449,0.1037046496364792,0.1480329301259892,0.1884186379272723,0.2032173082520145,0.2585266867683238,2.586390356397592,0.7860562665155669,1.0785357114976193,0.1200338818483619,429.36579419803536,1.2984476450159796,-0.9038812241727948,-0.4277835113557909,6.755625010121753,1.2311262797046667,8.984868761219328,0.79,High Priority,91.3,32.5,0.22,1250.0
GRID_0085,Odisha Belt,Odisha,19.6,83.64667,0.0871807008649331,0.0871528801849807,0.1701096930941913,0.3558236615124329,0.3700517640124539,0.1960881813499843,1.951208698689362,1.8871605331044607,1.039983463876699,0.3531124498553577,237.72779784377013,11.720843857828228,-0.055460687263432,0.998460871626058,21.002617486301816,3.594258762962206,0.7867050841558879,0.7033,High Priority,91.6,32.5,0.22,1250.0
GRID_0086,Odisha Belt,Odisha,19.6,83.93333,0.0505916819203305,0.097638896725614,0.1423725914573105,0.3359168947133507,0.2630225466500114,0.1469411211876075,2.814094569675276,1.789973797330711,0.7829965321569334,0.4046584844403127,512.1108557787716,8.319703292305437,-0.9986605500352098,0.0517407557286539,6.958578757927249,5.953977012106687,0.5013386543805206,0.77,High Priority,92.5,32.5,0.22,1250.0
GRID_0087,Odisha Belt,Odisha,19.6,84.22,0.088949987499437,0.0979552457469328,0.1468581137787147,0.2873948845786827,0.3067291882715066,0.2096103449405373,1.651000375680418,1.4633234110420867,1.067270635142066,0.3236280410348786,288.7211309515613,8.255342980288072,-0.6434650998890571,0.7654754504389841,17.260994616736053,4.002073907849494,0.2730146902570524,0.7533,High Priority,91.5,32.5,0.22,1250.0
GRID_0088,Odisha Belt,Odisha,19.6,84.50667,0.0645071927842419,0.1098150813609851,0.1511704540512391,0.324684022737717,0.2892576323141788,0.1497255459089177,2.343430307478201,1.931906132998895,0.8908868967074076,0.3646350145160394,458.3609653905471,13.126424638809429,0.4603099437939689,0.8877582754581301,7.635039224995422,9.525993115221024,2.050461132936235,0.3033,Low Priority / Background,84.5,32.5,0.22,1250.0
GRID_0089,Odisha Belt,Odisha,19.6,84.79333,0.0688351946395988,0.1273926227727614,0.2189617159110178,0.2495618415804386,0.3220429074606314,0.2078878356794949,3.180909651636341,1.5491111218551892,1.290428115905353,0.0653116793562709,408.3928185325964,8.383185591458233,-0.9559295873502212,0.2935960218198394,19.597979855903407,10.09810319110265,3.696735962727933,0.89,High Priority,92.6,32.5,0.22,1250.0
GRID_0090,Odisha Belt,Odisha,19.6,85.08,0.0902207997018203,0.1357977169335427,0.201616892611236,0.3037222756430369,0.3354889951203754,0.1590326126351688,2.234680457246168,2.1095477211475044,1.1045877021116832,0.2020527744400961,392.168492391226,8.333544841312165,-0.999168251053822,-0.0407775193709299,8.998646076324398,0.8762921736478159,5.110702266475717,0.79,High Priority,92.9,32.5,0.22,1250.0
GRID_0091,Odisha Belt,Odisha,19.6,85.36667,0.0899280506774645,0.1205974187008669,0.12076630460602,0.2374076266349825,0.3110468453076336,0.2577423413632908,1.342906476786406,1.2068084617139,1.3101749911803766,0.3256546225187349,214.0143859020081,13.358141047122494,-0.7459650105692187,-0.665985137226399,22.97080247310447,0.5657350864791453,4.294225442209449,0.8367,High Priority,93.9,32.5,0.22,1250.0
GRID_0092,Odisha Belt,Odisha,19.6,85.65333,0.0724759947205666,0.1570393603087195,0.1610246599246423,0.3065243786267896,0.3677650589918031,0.1523011673588815,2.221734780056336,2.4147066674711826,1.1997866559674852,0.3111960361567629,371.363042442851,10.789956234507288,0.4134436085713913,0.910529726330484,16.451074090264555,1.790262082141199,3.6947729853639375,0.79,High Priority,93.2,32.5,0.22,1250.0
GRID_0093,Odisha Belt,Odisha,19.6,85.94,0.0440410360881263,0.1265736368141018,0.1615059668343548,0.3041831035534954,0.2082335660862523,0.2445844167382851,3.667086746652403,0.8513735972618082,0.6845642610960151,0.3063778804652456,294.10781527284115,11.697453437790344,-0.9986525015240384,0.0518958688122713,13.213769558006025,7.357244612919284,3.449357180672457,0.5933,Moderate Priority,89.4,32.5,0.22,1250.0
GRID_0094,Odisha Belt,Odisha,19.6,86.22667,0.0667541623826049,0.1018901333025332,0.2396549400189253,0.2652362604471946,0.2812496643793416,0.1596348585430003,3.590058528288065,1.761820100736219,1.0603701150628304,0.0506668956356474,146.47597593744962,12.918863506244325,0.9831818674897714,0.1826291746663867,19.92385339553975,0.4298652845118935,3.4229874622117213,0.7467,Moderate Priority,90.4,32.5,0.22,1250.0
GRID_0095,Odisha Belt,Odisha,19.6,86.51333,0.0792706728568681,0.1018607621598567,0.2341036274700492,0.21021157835618,0.2778202641876683,0.2532339104201119,2.9531813702574894,1.0970851677865814,1.3216157965435122,-0.0537726258925007,534.6636996047666,5.1846185515323135,0.5999458108634577,-0.8000406389849133,19.38733123256205,1.3065290624194523,0.7189802441365738,0.84,High Priority,92.8,32.5,0.22,1250.0
GRID_0096,Odisha Belt,Odisha,19.6,86.8,0.0418680449730706,0.1321333460300708,0.1642231612468513,0.3528716499679274,0.2851777832044803,0.2561832113497666,3.922304923660817,1.1131747023048542,0.8081606302738399,0.3648230842905046,329.3432831568671,11.213512108286816,-0.9860690959036408,0.1663362200597819,12.619661386421704,7.368460219450181,5.588797832443767,0.6433,Moderate Priority,90.6,32.5,0.22,1250.0
GRID_0097,Odisha Belt,Odisha,19.88,82.5,0.0856614394565799,0.1300976257305132,0.1357493853218865,0.1865052358982503,0.3657526126068236,0.2139980377424885,1.584701371838638,1.7091320431400474,1.9610744426066389,0.1575018315714403,341.02643057127733,16.480527469522627,0.6721206331821933,0.7404416617470735,16.249867630038253,2.8132785996209515,0.6713990246749084,0.8467,High Priority,94.3,32.5,0.22,1250.0
GRID_0098,Odisha Belt,Odisha,19.88,82.78667,0.0694956728044862,0.0851367149660107,0.1898365682297278,0.2337986808870195,0.3435606381146938,0.1772434350708288,2.73159218375521,1.9383437227657003,1.469465812832802,0.1037732553551536,274.2600483101691,8.753955220916298,0.4396394611438541,0.8981743395383447,13.847665721693078,2.4919624854285862,1.961426546340038,0.95,High Priority,93.3,32.5,0.22,1250.0
GRID_0099,Odisha Belt,Odisha,19.88,83.07333,0.0760012328871582,0.1033330062967442,0.2033978263351851,0.3520244794378409,0.3403731780008029,0.1447542590418028,2.676208561361259,2.3513700314163297,0.9668992669063448,0.2675916756784278,253.3023856870787,9.785298897361091,0.9987511279102566,0.049961830410727,28.412157691012737,6.0611165742886906,2.460547272114332,0.6467,Moderate Priority,88.3,32.5,0.22,1250.0
GRID_0100,Odisha Belt,Odisha,19.88,83.36,0.040586250845151,0.1061169046595193,0.1821253972061653,0.1975732998289666,0.2631128476176525,0.143984373054964,4.487256303734697,1.82735816864685,1.3317159562018963,0.0406845271234756,347.73969105551805,9.194446147971316,0.7405427660803592,0.6720092347624773,9.608737486218695,4.191337019590604,3.5083756894753018,0.8333,High Priority,92.8,32.5,0.22,1250.0
GRID_0101,Odisha Belt,Odisha,19.88,83.64667,0.0880352019465449,0.0960120195395848,0.1400979098710883,0.20091356806688,0.3145574449178546,0.2247770871784281,1.5913670373485094,1.399413300764322,1.5656278583698588,0.1783385128999717,355.9630369920174,7.088784500324918,-0.9670982956720228,-0.2544030001951018,16.359578908302066,8.090579362983629,1.2440482474393009,0.8333,High Priority,93.5,32.5,0.22,1250.0
GRID_0102,Odisha Belt,Odisha,19.88,83.93333,0.0888895068247907,0.086409187710774,0.2273779987272633,0.2895184752307472,0.3471135985932488,0.194278194142196,2.557955926333516,1.786674070406072,1.1989300488908357,0.1202181856832441,418.14450803572856,11.806046321611554,-0.993316937056626,-0.1154186404201803,27.09504214506252,0.4257744994447808,0.1867500939570452,0.7867,High Priority,93.3,32.5,0.22,1250.0
GRID_0103,Odisha Belt,Odisha,19.88,84.22,0.0548261940406087,0.092763574409055,0.2246140279910642,0.2238427974716088,0.3756557460474437,0.1804274950125328,4.096763146855547,2.082020060198086,1.678204847713459,-0.0017197392389343,402.28354880354993,7.418349982276394,-0.8399496122343973,-0.5426643980466063,31.79006211032433,6.350594698644832,0.7780798370601202,0.94,High Priority,94.4,32.5,0.22,1250.0
GRID_0104,Odisha Belt,Odisha,19.88,84.50667,0.0997800349634045,0.1579834529717426,0.1980390823616324,0.219908490185829,0.3224410836376324,0.1486638090775011,1.9847367030645136,2.168913313368864,1.4662445143461598,0.0523255952063651,340.337109337678,14.909707459741004,-0.9897285423933356,-0.1429594780767034,13.335599425515824,6.787689523746609,1.6627307382222416,0.71,High Priority,92.2,32.5,0.22,1250.0
GRID_0105,Odisha Belt,Odisha,19.88,84.79333,0.0607560995528177,0.1096831010387682,0.2385179476483269,0.1880218382824965,0.3560656693020407,0.2094410490286872,3.925762575959981,1.7000677321165367,1.8937362745639807,-0.1183851838591114,518.3927691457868,7.93502081708977,0.0836636007241014,-0.9964940551322312,4.202286316748101,4.486735609704546,7.303667818570797,0.8133,High Priority,92.1,32.5,0.22,1250.0
GRID_0106,Odisha Belt,Odisha,19.88,85.08,0.0526397313403399,0.1298373266850786,0.1957872264111024,0.3266226044830562,0.2236821833229067,0.2258989957618506,3.719310530571324,0.9901823263366416,0.6848316540898086,0.2504453781098217,292.7231575451474,11.457100574226754,0.0485006239947996,-0.998823152250745,12.25106012603906,1.4199848499718524,6.138018005234547,0.66,Moderate Priority,89.9,32.5,0.22,1250.0
GRID_0107,Odisha Belt,Odisha,19.88,85.36667,0.0667183153001599,0.1211853883143752,0.1631080043279718,0.2985901702869855,0.2294342970653041,0.1869297843982112,2.44468942155917,1.2273756717168065,0.7683894230522206,0.2934425128050131,220.53185242790943,15.223720543203338,-0.9891436406245474,0.1469518908078976,4.664608097060627,0.3816886127796853,0.5581138203137818,0.7367,Moderate Priority,90.8,32.5,0.22,1250.0
GRID_0108,Odisha Belt,Odisha,19.88,85.65333,0.071186436913361,0.1069602541145029,0.2194660039059131,0.2661775047323612,0.2447685690657733,0.2140573983924836,3.082931671960813,1.1434663199571435,0.919565497266148,0.096184554742367,322.7604029500191,6.2272562899695165,0.8690023980088502,0.4948078740833335,17.123986523205254,0.2,3.999990362369502,0.5967,Moderate Priority,87.6,32.5,0.22,1250.0
GRID_0109,Odisha Belt,Odisha,19.88,85.94,0.0798282716573083,0.1179704700599851,0.2213004538763036,0.3411340305900106,0.3053637855914154,0.244192553661591,2.7721717771183467,1.2504989628620395,0.8951405109679678,0.2130619066956898,324.0957854179297,9.116425679117595,0.9923106523641884,-0.1237722473115803,14.29031070971482,13.791906027009832,0.1204152492281467,0.7267,Moderate Priority,89.8,32.5,0.22,1250.0
GRID_0110,Odisha Belt,Odisha,19.88,86.22667,0.0473265948406016,0.1161759222626748,0.2320650021033485,0.2432312209953501,0.2913022655639106,0.144988743086047,4.903376199127356,2.00912326185054,1.1976302496924514,0.0234931288241143,281.24565486604087,10.62704167129569,-0.7378597162144255,0.674954101541703,16.715209350928006,3.032461345460048,2.1745082060933134,0.6733,Moderate Priority,90.6,32.5,0.22,1250.0
GRID_0111,Odisha Belt,Odisha,19.88,86.51333,0.0693307948154152,0.1333491406036883,0.1367581505707575,0.1859947179745356,0.2554273894864143,0.2245616915283976,1.9725170960142344,1.1374435697575065,1.373297150428939,0.1525514399740448,411.27739050625695,5.259629965718547,-0.1879241279440476,0.982183548088884,15.659414915569569,2.932689198785868,6.07809486658055,0.74,Moderate Priority,89.0,32.5,0.22,1250.0
GRID_0112,Odisha Belt,Odisha,19.88,86.8,0.0506289873668431,0.1354100761780931,0.2205738347577732,0.3689228438948047,0.3229846450921362,0.1996609716810113,4.356584827082612,1.6176572953419024,0.8754778267577425,0.2516532541334422,284.92864626549107,14.333344881013584,-0.4292426875318447,-0.90318919125532,15.845724532706312,0.2,8.018716521897518,0.84,High Priority,93.6,32.5,0.22,1250.0
GRID_0113,Odisha Belt,Odisha,20.16,82.5,0.0813716050618936,0.1341210708621797,0.145881018287726,0.3117770940465314,0.2708955930177485,0.218147957244979,1.792753447880475,1.241791830861403,0.8688730805356666,0.3624883046961838,380.2635465239033,6.60575867491289,-0.0036836612928539,0.9999932152967236,20.03085543966811,7.625150284671463,2.5111653177796573,0.2267,Low Priority / Background,81.9,32.5,0.22,1250.0
GRID_0114,Odisha Belt,Odisha,20.16,82.78667,0.0843069525550796,0.1502812449041078,0.1684968385981239,0.2454066323126477,0.3201668094014452,0.236941513032951,1.9985877190890449,1.3512425664064789,1.3046326488882578,0.1858153248388172,324.761995653555,13.246598232032834,0.3937815911773896,-0.9192040352662748,17.812381593289384,8.514190531929316,0.3842128879607144,0.7867,High Priority,94.1,32.5,0.22,1250.0
GRID_0115,Odisha Belt,Odisha,20.16,83.07333,0.0726693458776509,0.0804606928398497,0.1589502995880324,0.2532923069742795,0.271311084489666,0.2234560648027834,2.187278699012164,1.214153084527075,1.0711340450745352,0.2288501407528488,250.86076505436927,0.5,0.9969390507397384,0.0781826650233233,6.241128058123053,0.3800654412769361,2.7748487859553688,0.6467,Moderate Priority,88.9,32.5,0.22,1250.0
GRID_0116,Odisha Belt,Odisha,20.16,83.36,0.0800927679133009,0.1295592276807691,0.1756192852560686,0.2559571560358459,0.3554000569229285,0.2022898142163461,2.1926710383530854,1.7568768918139552,1.388508428202445,0.1861493745810443,289.9026036996639,7.955900761810319,0.8401009578370663,-0.5424300698166021,13.880387628525138,2.391756824494026,1.5265965425939976,0.85,High Priority,92.4,32.5,0.22,1250.0
GRID_0117,Odisha Belt,Odisha,20.16,83.64667,0.0748103421536399,0.1226882037381502,0.1929486111352133,0.3329766523084256,0.3463374329688968,0.2261747691471793,2.579135804554276,1.531275583917766,1.0401221540480337,0.2662503299537511,425.8928589786765,11.26536140786219,0.9991615865535034,0.0409404928632513,12.866619873293148,0.5347023069596843,1.995847646698235,0.7867,Moderate Priority,91.2,32.5,0.22,1250.0
GRID_0118,Odisha Belt,Odisha,20.16,83.93333,0.0554065940632304,0.1027898321569538,0.1568747957911543,0.3406051795665327,0.2970490298015458,0.1773569238987204,2.831286910096308,1.6748562639421425,0.8721187330763663,0.3693214271023667,405.307327644048,16.815329031653118,0.9899135783323324,-0.1416725359174363,18.63849913506516,2.668331669795511,0.3899368785642016,0.85,High Priority,93.3,32.5,0.22,1250.0
GRID_0119,Odisha Belt,Odisha,20.16,84.22,0.0508689609720808,0.1344894283171986,0.1417726017234752,0.285032676733412,0.3276283271100378,0.1528252307713692,2.786961086942545,2.1437964245822143,1.149437255501791,0.3356559690918602,190.70062664683303,11.982136320821796,-0.2308364987138796,0.9729925543710584,22.384488218362232,3.995056249968056,0.1331491478395983,0.95,High Priority,94.2,32.5,0.22,1250.0
GRID_0120,Odisha Belt,Odisha,20.16,84.50667,0.0779890825356413,0.1561122673765325,0.1921934184175597,0.343837771885358,0.3591571634027134,0.1673695726338719,2.4643315171480635,2.1458799940200977,1.0445510883876203,0.2829015798138958,342.4855833189983,12.248366955066809,0.5303595422825514,-0.8477728209313168,6.2217444844169485,9.15857491084462,6.908449061138567,0.5767,Moderate Priority,88.3,32.5,0.22,1250.0
GRID_0121,Odisha Belt,Odisha,20.16,84.79333,0.061205282758163,0.0989496447179585,0.2136630618292634,0.2349612071096272,0.3480705773324621,0.1908485904378515,3.490868129886015,1.8237952543356808,1.4813896311846504,0.0474742435501663,282.6509375756132,11.25547373000711,-0.702020776757301,-0.7121564638484128,27.33617377481045,0.9196995746157896,4.0053639142455975,0.9733,High Priority,94.6,32.5,0.22,1250.0
GRID_0122,Odisha Belt,Odisha,20.16,85.08,0.0917678246525937,0.097339184007262,0.1314857466624194,0.1847277172092672,0.3155548700797879,0.2128512843306537,1.4327931861411622,1.4825063826404214,1.7082069038692889,0.1683729766657744,226.2179055912884,3.0837341798815574,0.633027508019297,-0.7741293006280533,15.606507346186774,4.51288023769661,2.060105144975748,0.78,High Priority,92.0,32.5,0.22,1250.0
GRID_0123,Odisha Belt,Odisha,20.16,85.36667,0.0992671312128932,0.0909151802045386,0.2034173464857112,0.2608637536208584,0.2770759306866107,0.2261117318789811,2.0491707056462727,1.225388452848846,1.0621439916306732,0.1237316862355045,406.8983079185275,17.32778480407842,0.9884995886063624,-0.1512235541344407,7.39532430297989,2.192496174052104,0.2158540821948895,0.72,Moderate Priority,90.9,32.5,0.22,1250.0
GRID_0124,Odisha Belt,Odisha,20.16,85.65333,0.0711435874544962,0.0854090050873772,0.2160427809386834,0.2267424163820866,0.2972021446288119,0.245609490507375,3.0366720599351766,1.2100547660438294,1.3107421126970888,0.0241643382475447,278.87013752394625,12.081818509214962,0.8928991852335758,-0.4502566434925936,26.70713569775534,2.024840506119234,3.3213274517092084,0.94,High Priority,93.7,32.5,0.22,1250.0
GRID_0125,Odisha Belt,Odisha,20.16,85.94,0.09964836167327,0.1329471351879503,0.1869340100844029,0.3261301020478492,0.2837370102110693,0.1472170811120942,1.875917787585248,1.927324470389118,0.8700090498251224,0.2713029763122265,405.83269125217225,10.342024261355853,0.8918690545917718,0.4522936982333263,8.055845668173781,3.837497130132233,0.3050234511070827,0.47,Low Priority / Background,86.6,32.5,0.22,1250.0
GRID_0126,Odisha Belt,Odisha,20.16,86.22667,0.0670222561754911,0.1404930663116196,0.1617085829086778,0.3129823448974436,0.3431809929421512,0.2512613383375343,2.4127234654978014,1.365827426477014,1.096483242757223,0.3186777636769727,412.9413584886788,7.5974090440744,0.8178461710621902,0.575436912683671,5.557135842710501,24.45327481024028,7.851927291475717,0.7167,Moderate Priority,89.4,32.5,0.22,1250.0
GRID_0127,Odisha Belt,Odisha,20.16,86.51333,0.0723974278168335,0.1473626635501137,0.182514957272645,0.3047171376005519,0.216042397780883,0.2306324504596169,2.520979567876858,0.9367348810432476,0.7089909366146364,0.2508084561860688,363.3540904782282,9.313885736287553,-0.9798197923006108,0.1998829022602679,7.576433970586388,2.232501310097585,0.2751709217171328,0.4533,Low Priority / Background,86.4,32.5,0.22,1250.0
GRID_0128,Odisha Belt,Odisha,20.16,86.8,0.0962174693818637,0.1243041792569901,0.1566629172789628,0.2593963034148567,0.2804964572908704,0.212071320003274,1.628200056448749,1.322645299898355,1.081339141148548,0.2469195107491322,261.02538982134314,13.763456753479982,0.0190778421266894,-0.9998180014081508,14.187601263492049,24.241316326801176,5.719995339984841,0.4067,Low Priority / Background,84.3,32.5,0.22,1250.0
GRID_0129,Odisha Belt,Odisha,20.44,82.5,0.0525106308614401,0.1544476171715132,0.1339639677462571,0.3434899416982383,0.2685121928257844,0.2453569184534083,2.551129445964861,1.094369378898904,0.7817154988083389,0.4388392910144298,376.7392314071903,11.44764012788206,-0.9685355847202748,0.2488751115128938,10.95726163966046,2.579024823711498,0.5717550700999727,0.7433,High Priority,92.3,32.5,0.22,1250.0
GRID_0130,Odisha Belt,Odisha,20.44,82.78667,0.0816970653341477,0.1076879781230228,0.2370732241031897,0.3081944154690664,0.348046501454185,0.1559029607290218,2.901821764487968,2.23244168927259,1.12930460345903,0.1304333060886624,326.3645262911004,21.09194936135957,-0.995673718386522,0.0929184939307389,12.199158293645052,0.9608815422728963,2.094877644649184,0.81,High Priority,92.7,32.5,0.22,1250.0
GRID_0131,Odisha Belt,Odisha,20.44,83.07333,0.0639197816663387,0.0917099193729799,0.1641041306749837,0.1936344618770987,0.2046461432509076,0.1562199546985787,2.567304816946604,1.3099788286773892,1.056862938570609,0.0825470029510801,355.6649924897107,12.383617394605288,-0.2130989712989836,0.977030617960008,3.1855465550346977,3.5275348738864984,1.7368406718796452,0.51,Moderate Priority,87.6,32.5,0.22,1250.0
GRID_0132,Odisha Belt,Odisha,20.44,83.36,0.0463398810557046,0.1312661051752165,0.1459245819011519,0.3039175909795659,0.3170361966316676,0.1582429823754378,3.148938444345533,2.0034644722191794,1.0431615769532956,0.3512179768488073,285.34704788075624,6.900999602666756,-0.032250287427057,0.9994798241889988,13.624058262785333,0.2975854071221184,3.562677040500453,0.9267,High Priority,93.1,32.5,0.22,1250.0
GRID_0133,Odisha Belt,Odisha,20.44,83.64667,0.0990207355158048,0.099134408337274,0.1370699242424635,0.2042769878844857,0.2545895265621672,0.1521254973212776,1.384240778334832,1.673538345029379,1.2462895743134663,0.1968872849499883,311.1823181458771,10.766873000689694,-0.0591664023855035,-0.9982481338969568,4.79420824169325,4.889445714095118,2.2462426676386027,0.5,Moderate Priority,89.1,32.5,0.22,1250.0
GRID_0134,Odisha Belt,Odisha,20.44,83.93333,0.0655650030334222,0.0904568301392159,0.226392505828856,0.2699569297642645,0.2350320521277377,0.1841311221052747,3.452894722184794,1.276431561427189,0.8706247389471942,0.0877694886745704,441.24352492591663,15.43514188807451,-0.9947049285293564,-0.1027721030212361,12.100099824432633,7.333291630850959,0.1,0.6967,Moderate Priority,90.7,32.5,0.22,1250.0
GRID_0135,Odisha Belt,Odisha,20.44,84.22,0.0649692398907857,0.1185075321308258,0.1223030732187668,0.2319626417490068,0.3368521681619842,0.1564531646874798,1.8824476163910893,2.153040597128576,1.4521765808732676,0.3095395754021525,202.1088431225872,10.8251196390062,0.0760834772677089,0.9971014514515832,8.035362601746844,3.969917385008472,1.8174828932607847,0.8867,High Priority,93.0,32.5,0.22,1250.0
GRID_0136,Odisha Belt,Odisha,20.44,84.50667,0.0906614249643769,0.0878466064627395,0.1785889364426133,0.2100097329387968,0.2584416668402108,0.2284828492865359,1.969823071826994,1.1311156900026902,1.230611708381248,0.080856467392781,346.9061002844376,0.5,0.6155038453284983,-0.7881338822724424,11.33032543925197,3.075810804584616,4.611582605683392,0.5067,Moderate Priority,88.7,32.5,0.22,1250.0
GRID_0137,Odisha Belt,Odisha,20.44,84.79333,0.093525081336414,0.1564267749203142,0.2144284063506354,0.2430813791496025,0.3238642470955776,0.192512374886647,2.2927123994357754,1.6822947874986385,1.3323230101193748,0.0626279722949881,417.7925871339269,7.804398663344338,0.2391009811217503,0.9709947068993818,13.46994404594543,5.069538156672787,3.2307337071487865,0.73,Moderate Priority,91.1,32.5,0.22,1250.0
GRID_0138,Odisha Belt,Odisha,20.44,85.08,0.0937070644423921,0.1309335745733766,0.1936720301712074,0.1933304081121379,0.2933134439501367,0.158020280098045,2.066759476077632,1.856164206290122,1.5171536110677175,-0.0008827364960497,442.1349602986496,10.398910138291056,-0.9054354919617912,-0.4244838864973666,24.33277163410981,0.2128305970817717,0.2658118040054356,0.8033,High Priority,93.1,32.5,0.22,1250.0
GRID_0139,Odisha Belt,Odisha,20.44,85.36667,0.0829794032837609,0.0857667468798938,0.128550807331831,0.1824216950469774,0.3721702516939064,0.2285010031350808,1.54917067457767,1.6287395584619662,2.040153236405509,0.1732330481634551,215.28737104703035,5.627736826702068,0.8101116083961166,-0.5862756876605553,18.081592275772884,1.0240357755499985,0.5738786443650657,0.8967,High Priority,94.1,32.5,0.22,1250.0
GRID_0140,Odisha Belt,Odisha,20.44,85.65333,0.0459037389828038,0.132824217576107,0.2117247194666083,0.2330092856650008,0.2037700929855643,0.1498606000971712,4.61226278938045,1.359721855721802,0.8745111504585031,0.0478589855819732,465.781484202401,12.732089953526284,0.6756124652650239,-0.7372569408140671,21.86695331790863,1.1513900947795177,0.3882302671713035,0.85,High Priority,93.3,32.5,0.22,1250.0
GRID_0141,Odisha Belt,Odisha,20.44,85.94,0.076900778082332,0.141970702451023,0.1972685104249356,0.2860604266498316,0.2075512202176945,0.2562186533113261,2.565200900995261,0.8100519126278899,0.7255477351434676,0.183708703752734,285.6481769619857,14.175280576365568,-0.1255181874960288,0.9920913186837752,22.7337121404867,6.893083141025072,5.010268601531631,0.4867,Moderate Priority,88.4,32.5,0.22,1250.0
GRID_0142,Odisha Belt,Odisha,20.44,86.22667,0.0793887164398901,0.090247659709296,0.1605921007193398,0.3656167280652099,0.2404308101318933,0.1846600428605016,2.022832526942352,1.3020115472515872,0.6576016196047562,0.3896252333777957,529.9271575019,2.180216102269185,-0.6515457932505354,-0.7586093060973682,2.312698920073021,14.330176918900978,0.8260461728225593,0.5233,Moderate Priority,88.5,32.5,0.22,1250.0
GRID_0143,Odisha Belt,Odisha,20.44,86.51333,0.047290082578055,0.0957976391887949,0.2264309880251123,0.3091621625310412,0.2514632220630488,0.237913632676234,4.788027164558613,1.0569472723657662,0.8133673494745705,0.1544661651364601,333.28782862135887,11.271609777197348,-0.999498250639602,0.0316740740728939,21.28238862635505,6.518794009673784,4.494326261596779,0.7567,Moderate Priority,90.6,32.5,0.22,1250.0
GRID_0144,Odisha Belt,Odisha,20.44,86.8,0.0793697102608642,0.0941943015575765,0.1854032302676326,0.3769339479049016,0.3687298519694814,0.1451808482956414,2.335914969870823,2.539779292646953,0.9782320636995158,0.3405970376396965,335.9957148057762,9.575327124840785,-0.9886327739927234,-0.1503503847266533,13.48464050169325,8.512848903479231,0.7205310250501586,0.7467,Moderate Priority,91.1,32.5,0.22,1250.0
GRID_0145,Odisha Belt,Odisha,20.72,82.5,0.0703511615771097,0.147256242240896,0.20793618537195,0.2884474410983697,0.3062625842825791,0.2010032656299536,2.955647427322341,1.5236621139493864,1.061758500466759,0.1621953046751612,406.5509645631544,2.0765675837988207,-0.927175411907628,-0.3746274890526859,15.971912962239257,7.159001897927629,0.5233160114673714,0.72,Moderate Priority,90.2,32.5,0.22,1250.0
GRID_0146,Odisha Belt,Odisha,20.72,82.78667,0.0676934484651873,0.0807465295861674,0.1496014637425947,0.3252923430226009,0.3785257912428854,0.1519013719504659,2.209951733627447,2.49190178127251,1.163644443890713,0.3699574659001773,440.0228658915236,15.795921132108722,0.9585855805123475,0.2848046432799257,11.46312823348674,4.049359561738078,3.962321047704407,0.8833,High Priority,93.0,32.5,0.22,1250.0
GRID_0147,Odisha Belt,Odisha,20.72,83.07333,0.0769591270156107,0.0950419787692332,0.1626461482422887,0.3367583568970794,0.299760772543763,0.1406275536251495,2.113382014160362,2.131578294851742,0.8901334629742034,0.3486389454321324,271.510168691776,12.917261952297366,-0.2603957722228814,0.965501963648158,5.300860607114565,0.8060580416755946,1.0941395590465717,0.76,High Priority,91.5,32.5,0.22,1250.0
GRID_0148,Odisha Belt,Odisha,20.72,83.36,0.092599045709692,0.1597067470101797,0.1641971436608218,0.2697221261909085,0.3299727688764927,0.2463434936558089,1.7731864212636776,1.3394769413337433,1.223375887475588,0.2431897974393876,239.3691818771658,2.355178600883596,0.5218456741611226,-0.8530399125242168,22.74317455973748,5.947361343779222,0.1,0.7633,High Priority,92.1,32.5,0.22,1250.0
GRID_0149,Odisha Belt,Odisha,20.72,83.64667,0.0771753602475904,0.1084394408353086,0.2153036797532501,0.1985981279646264,0.3058764080507103,0.1977167467863348,2.7897620341582794,1.5470356759692283,1.540169945283907,-0.0403610496887725,293.57524013426115,10.830480864386669,-0.4816644052261059,-0.876355750102766,25.16789358341837,4.625240663537059,3.3853711734712624,0.9567,High Priority,93.5,32.5,0.22,1250.0
GRID_0150,Odisha Belt,Odisha,20.72,83.93333,0.0882993399808461,0.1015856576102571,0.2190059292216074,0.2796511364526907,0.2138704902441796,0.1470261115092775,2.480238799410212,1.4546330132499694,0.764773310717619,0.1216168180275542,538.6614646089411,15.021559240144128,-0.9648567782414056,-0.2627763259534904,10.104406531544454,7.770369982367988,2.1848874996455643,0.33,Low Priority / Background,84.7,32.5,0.22,1250.0
GRID_0151,Odisha Belt,Odisha,20.72,84.22,0.0664119398773294,0.0917962021365027,0.1593831304331174,0.266803873234775,0.2159480773423311,0.1664734343253453,2.399880666742236,1.297184629084236,0.8093858059043305,0.2520501325170228,501.3449743242131,12.8386525804965,-0.0103827055834455,0.999946098259685,15.139087017274786,2.734406549742989,3.033266387339564,0.37,Low Priority / Background,86.4,32.5,0.22,1250.0
GRID_0152,Odisha Belt,Odisha,20.72,84.50667,0.0871390970848139,0.0894668952738709,0.1691885867635545,0.3479604571271234,0.2690899313479479,0.2086246725472624,1.9415698676452289,1.2898217561742686,0.7733325799059384,0.3456866580124664,407.6758066193072,4.3599331309515135,0.761484471987443,-0.648183152297254,16.091866066005323,2.0361680204431747,0.1,0.5067,Moderate Priority,88.5,32.5,0.22,1250.0
GRID_0153,Odisha Belt,Odisha,20.72,84.79333,0.0414515058334813,0.1465357634940619,0.1527684971967375,0.2836157532477631,0.2537706032459791,0.2528815094138408,3.6853863023486,1.0035118831832095,0.8947659132966986,0.2998434431909535,303.3963498131758,2.8238361972994204,-0.7171187650701584,0.6969509859267372,11.78701862244476,8.113712886243968,1.8385024394473648,0.6667,Moderate Priority,89.2,32.5,0.22,1250.0
GRID_0154,Odisha Belt,Odisha,20.72,85.08,0.0689781323251213,0.0906783977932755,0.1296721816508549,0.325587861394753,0.2893630074239539,0.1924220843138215,1.8798755113309824,1.5037853096255005,0.888737428499196,0.4303370181495439,390.1771282558574,14.050796441106096,0.8406322156089765,0.5416063866687165,18.668655116756103,4.710930064584235,0.4363055985836241,0.7967,High Priority,91.7,32.5,0.22,1250.0
GRID_0155,Odisha Belt,Odisha,20.72,85.36667,0.0850825051617427,0.1325564125013711,0.2347937545300149,0.1937916032712842,0.2102698498072258,0.173862448963184,2.759568427319429,1.2093965181362003,1.08502515708959,-0.0956683536757371,262.2017413243439,6.27903840682063,-0.5555463028758313,0.8314856014153192,8.958311416057226,7.123061267985805,1.792092296595171,0.2633,Low Priority / Background,82.4,32.5,0.22,1250.0
GRID_0156,Odisha Belt,Odisha,20.72,85.65333,0.0866026334173108,0.0852292926051508,0.1785085432408061,0.1867227200366565,0.2112775766219638,0.2487724944013293,2.06121309461278,0.8492768778699716,1.1314983258714375,0.0224902825455214,257.7169810273167,10.457399294602796,0.5300018979361942,-0.8479964552897801,7.213841651048343,2.133520277972683,6.902759811026481,0.64,Moderate Priority,90.2,32.5,0.22,1250.0
GRID_0157,Odisha Belt,Odisha,20.72,85.94,0.0413094038065293,0.1331031748940471,0.235607332105626,0.2920336366923683,0.3686280431659565,0.1462709455143228,5.703341298939004,2.520155467063646,1.262275075796137,0.1069405163415742,193.7454143113457,7.619262951941673,-0.992748002779426,-0.1202139882769923,7.337602896223875,4.165843710739791,1.8704855045169653,0.77,High Priority,92.1,32.5,0.22,1250.0
GRID_0158,Odisha Belt,Odisha,20.72,86.22667,0.0983203197778922,0.1286821818157173,0.1619407646504182,0.2028191569775866,0.2272244291722882,0.1670380315941482,1.6470564575032378,1.3603073904569287,1.1203246884253149,0.1120690016483113,406.7055517388103,12.84832788179422,-0.3752570952613645,-0.9269207692440616,11.302543770648311,3.7052932239272174,0.3657195190238937,0.6833,High Priority,91.5,32.5,0.22,1250.0
GRID_0159,Odisha Belt,Odisha,20.72,86.51333,0.0916083816009661,0.1378251442566787,0.1281202034280001,0.3215670194459537,0.2978368791216763,0.1498070414896134,1.3985489388638013,1.9881234422407563,0.9262018021407568,0.4301798583508291,242.78609880143927,0.5,0.8632091149671076,0.5048465349368091,11.309718685676708,2.6531483587842204,3.157822002942176,0.1,Low Priority / Background,81.0,32.5,0.22,1250.0
GRID_0160,Odisha Belt,Odisha,20.72,86.8,0.0727259121644143,0.0849818484705508,0.1815003178524398,0.3412807234465679,0.2826631779674524,0.1462347893065122,2.495641743212204,1.9329274954367464,0.8282400097868325,0.3056348400895832,551.0009289300001,7.17181811246779,0.9985333644476,-0.0541398197721104,17.614863256636895,0.8998597170870082,1.2023958314151426,0.7367,Moderate Priority,90.3,32.5,0.22,1250.0
GRID_0161,Odisha Belt,Odisha,21.0,82.5,0.0854050903413181,0.1215508687603149,0.1445857528980855,0.3555660156304082,0.3583247338912753,0.2444694110055208,1.6929208715708794,1.465718212758203,1.0077558326268756,0.421831640266734,320.8188731084456,2.965641360865044,-0.0941730170648859,0.9955558461768464,13.633739447180028,11.996592748268403,2.3211317580117616,0.6067,Moderate Priority,87.8,32.5,0.22,1250.0
GRID_0162,Odisha Belt,Odisha,21.0,82.78667,0.0698687504820574,0.0884378959965304,0.1988136125669152,0.3444206321200451,0.2684756013513612,0.2330734221110393,2.845489087841679,1.15188787735557,0.7794969198037668,0.2680367685587778,276.4141550677165,1.7615419822231022,-0.9639674135854918,0.2660203479910841,15.203910823734123,4.308934204698224,3.020143553499828,0.2167,Low Priority / Background,83.1,32.5,0.22,1250.0
GRID_0163,Odisha Belt,Odisha,21.0,83.07333,0.0878748495769536,0.1116776378129963,0.2298108082088452,0.286605773449228,0.2284318681103626,0.2235078941802563,2.6151759478307843,1.0220258524751864,0.7970218755169408,0.1099787599369292,285.6450167682538,14.634823679115224,-0.7816888655147822,0.6236685959146995,12.406718971889456,20.52848561140869,0.4549517711415165,0.55,Moderate Priority,88.3,32.5,0.22,1250.0
GRID_0164,Odisha Belt,Odisha,21.0,83.36,0.0521209401041494,0.094737987139042,0.2272787652009444,0.3108585104649923,0.2273787709800091,0.1928388102042019,4.360520056367796,1.1791070046129648,0.731451872390488,0.1553127681925606,398.3425488114604,6.688882382307265,-0.6734010765933983,0.7392773431147827,15.22203250935859,8.13809942226804,2.1108459842455085,0.56,Moderate Priority,88.7,32.5,0.22,1250.0
GRID_0165,Odisha Belt,Odisha,21.0,83.64667,0.0980275969155502,0.1134208783420079,0.2380932382843797,0.3135839997607254,0.3142408291857095,0.1599145874354942,2.428814098905164,1.965041896322121,1.0020913928455908,0.13683838924633,331.28557349954514,14.435784980559385,0.8517637516817904,0.5239260552033668,14.196346949244246,3.747525573292516,3.8119795342412814,0.6233,Moderate Priority,88.3,32.5,0.22,1250.0
GRID_0166,Odisha Belt,Odisha,21.0,83.93333,0.0934154831810681,0.0863525267714423,0.2077795788408434,0.2174823888195164,0.3544718695682895,0.2382876216633987,2.2242282278825103,1.487573628542821,1.6298802013907192,0.0228160237700786,323.3085287985679,18.13544271459636,0.9193686674796054,-0.393397068185281,16.104711054528856,3.185421433947308,5.171801717876888,0.83,High Priority,92.7,32.5,0.22,1250.0
GRID_0167,Odisha Belt,Odisha,21.0,84.22,0.0675559118303928,0.1086238612260353,0.1793054936700359,0.3456498504874437,0.2603374485267571,0.1608513911762892,2.6541398772074887,1.6184866548948922,0.7531804078006002,0.3168727431694904,434.06200265045527,12.460301056906207,0.5910209618422876,0.8066561985524051,10.60829134160551,2.1381043077802806,1.7954260437606364,0.1533,Low Priority / Background,83.0,32.5,0.22,1250.0
GRID_0168,Odisha Belt,Odisha,21.0,84.50667,0.0849295802177984,0.1320918067905339,0.1945114280974117,0.2504749893219309,0.3514605595552568,0.1965544600877797,2.29024018908856,1.7880986841998583,1.4031706612146877,0.1257643677861138,308.92913408975835,10.170776963307008,0.7127034945019717,0.7014654153446753,14.81326755295178,5.637799722553777,1.1795900907588308,0.8633,High Priority,93.3,32.5,0.22,1250.0
GRID_0169,Odisha Belt,Odisha,21.0,84.79333,0.0811796318011658,0.0855712918529924,0.1409857724611151,0.3511474517811572,0.2408923202642326,0.2404449350291528,1.7366922298218723,1.001856489006669,0.6860127648074087,0.4270413821424901,437.1297297457244,3.943091438889631,-0.9390594977017196,-0.3437546505520964,2.383308117928271,1.195376300823429,0.1012578576316821,0.6933,Moderate Priority,90.4,32.5,0.22,1250.0
GRID_0170,Odisha Belt,Odisha,21.0,85.08,0.0582367840744434,0.1322530232425026,0.2325965782138179,0.3542408964526104,0.3378916597763545,0.2346136811903958,3.993911889169708,1.4401982777119848,0.953844429922074,0.2072875646197836,362.5846969619357,4.545595486277806,-0.550623365253505,0.8347538018103933,19.005395994440967,5.554421087100344,2.465947463659141,0.6867,Moderate Priority,89.8,32.5,0.22,1250.0
GRID_0171,Odisha Belt,Odisha,21.0,85.36667,0.0466593681528088,0.115764443504514,0.1752429925442311,0.352912721904534,0.2983966796338019,0.1856480658764491,3.7557138848610174,1.6073158150571418,0.8455230304547938,0.3363958546768376,296.46718140460774,9.592600229631277,-0.9979887206259094,-0.0633917463354698,12.668834577228164,9.771686477564147,1.036858403754898,0.76,Moderate Priority,90.3,32.5,0.22,1250.0
GRID_0172,Odisha Belt,Odisha,21.0,85.65333,0.0946462096986349,0.1403169522877427,0.2165888132209726,0.1836013111200909,0.3733058642733247,0.2272005190484388,2.2883803327177903,1.643060600284705,2.033230747455854,-0.0824293696048293,392.1684468264445,13.998982390979322,0.9804514247318924,-0.1967612861850685,10.839467404070056,10.308158987072083,0.3583120274432826,0.83,High Priority,93.5,32.5,0.22,1250.0
GRID_0173,Odisha Belt,Odisha,21.0,85.94,0.0822211586476477,0.1232558781315928,0.1315841364234529,0.2283787656517678,0.2022327265299166,0.1962521558557407,1.600348842546684,1.030468659971875,0.885510701671706,0.2689009333166079,429.994190194205,2.726602262035354,0.9562761204403056,-0.2924653508975685,20.300663576653484,0.2467014661997768,6.995887086573536,0.52,Low Priority / Background,87.3,32.5,0.22,1250.0
GRID_0174,Odisha Belt,Odisha,21.0,86.22667,0.0911358324634709,0.1334243746581125,0.1911865884128861,0.3584604996279305,0.2333594323151686,0.1494762994628994,2.097797161093093,1.5611697104086957,0.651002778701163,0.3043291059399131,263.6048778579194,13.304371040026735,0.2161208944774864,0.9763666109460376,10.104012128477637,4.371029696097835,16.16966432658025,0.1733,Low Priority / Background,82.4,32.5,0.22,1250.0
GRID_0175,Odisha Belt,Odisha,21.0,86.51333,0.0913417656302523,0.1217156551234871,0.127636909114397,0.3462747028771419,0.3078161314718979,0.153791959647148,1.3973400984053872,2.0014968967248565,0.8889336702353343,0.4613462233975076,447.51976297824297,12.254923764729304,-0.6892098720869315,0.7245617656334865,17.919699039497228,2.8143452104728715,1.1435466603401494,0.61,Moderate Priority,89.6,32.5,0.22,1250.0
GRID_0176,Odisha Belt,Odisha,21.0,86.8,0.0660757576515227,0.1419103724584125,0.1922308117218157,0.3585046579909692,0.2798084025882538,0.2128507494462505,2.909204666724229,1.3145694283283833,0.7804853182967121,0.3019118133866584,618.7534365696961,15.49810248633466,-0.9560398242403014,-0.2932368572785038,24.49748783163499,1.3553275985830635,2.154556790707242,0.6467,Moderate Priority,90.0,32.5,0.22,1250.0
GRID_0177,Odisha Belt,Odisha,21.28,82.5,0.0462534881685008,0.110760906211585,0.1785200482345517,0.3104448519090945,0.3710955894655166,0.2120781279858027,3.859518401419113,1.7497977900510746,1.1953633369022492,0.2698036890420917,354.3602446372454,17.62772968193839,-0.7463763236408656,-0.6655241419425338,13.366819687986156,2.2459338035474525,1.9187814497016265,0.9833,High Priority,94.9,32.5,0.22,1250.0
GRID_0178,Odisha Belt,Odisha,21.28,82.78667,0.042738924730143,0.0912019278042654,0.1532177169349566,0.3743065381802101,0.2596424612785492,0.1978449269734499,3.5848850437234714,1.3123467601806738,0.6936607863706568,0.4191056619592295,331.5643349282904,12.03415005063596,0.9814738176533973,-0.1915963080564607,6.559638245176494,1.159613492746251,2.180562567973262,0.7233,Moderate Priority,91.1,32.5,0.22,1250.0
GRID_0179,Odisha Belt,Odisha,21.28,83.07333,0.0403303479496252,0.080613122611938,0.1462882570922229,0.1873442725001642,0.2194446357435244,0.1806632779206502,3.6271601255415566,1.214654265188534,1.171337994361892,0.1230572222704984,381.91745104191807,16.03202700710415,-0.0795096565518603,-0.9968340957827462,16.26410421657938,2.5293151328733416,0.2733630303497267,0.89,High Priority,93.7,32.5,0.22,1250.0
GRID_0180,Odisha Belt,Odisha,21.28,83.36,0.077023990967068,0.0891070714781281,0.161426777136203,0.2814823877435617,0.3573600544433316,0.1992255896408142,2.0957714516996284,1.7937367451182913,1.269560016695889,0.2710608609309063,331.9510211068366,8.203996665087626,0.6150095303525732,-0.7885196748182681,10.082619365530627,2.73942092760732,1.5880946322188485,0.91,High Priority,92.9,32.5,0.22,1250.0
GRID_0181,Odisha Belt,Odisha,21.28,83.64667,0.0944566601533933,0.1371226115573485,0.1929486256908844,0.2418745435725564,0.348282269159833,0.2546072613781986,2.042699611419,1.3679142509931748,1.4399234582199807,0.1125188555285433,301.69389483165605,10.660568553934972,0.998857913370536,-0.0477793773197028,14.869205987945332,5.801213827223802,0.364766584370439,0.88,High Priority,93.0,32.5,0.22,1250.0
GRID_0182,Odisha Belt,Odisha,21.28,83.93333,0.0630303329826987,0.1164989207164433,0.16428636261131,0.2042050000970386,0.2754106022337456,0.2301413657370102,2.606423739386954,1.196696667959278,1.3486900585823658,0.108329619621786,288.52271348430816,12.303658409631735,-0.8719509735628362,-0.4895931981786737,12.990150596227585,5.676432558498414,1.3478747918694167,0.89,High Priority,93.6,32.5,0.22,1250.0
GRID_0183,Odisha Belt,Odisha,21.28,84.22,0.0756196474725123,0.0808104947222194,0.196331525569145,0.3626573895152473,0.3102632243020674,0.2448438312159614,2.5962687722359226,1.2671830675829328,0.8555247397331284,0.2975471640145628,288.75626253595624,11.626765863427458,-0.5752452552200782,0.8179809877660893,14.350106025712863,0.766555051037578,0.1,0.8867,High Priority,92.7,32.5,0.22,1250.0
GRID_0184,Odisha Belt,Odisha,21.28,84.50667,0.0653220556076583,0.1036032566123325,0.1783200592557123,0.2954399773469102,0.2078730330156105,0.1547603954148494,2.72981809557002,1.3431840185880422,0.7036025770099036,0.2472130653273513,275.5215793273473,1.1827439825916528,-0.991450454407423,-0.1304837018761902,18.3958961643745,5.281956106258551,5.604710698492104,0.12,Low Priority / Background,81.6,32.5,0.22,1250.0
GRID_0185,Odisha Belt,Odisha,21.28,84.79333,0.0815495696001535,0.1143944861912118,0.2007559946873318,0.2350762348510837,0.2551364297800783,0.2346782191904952,2.4617362658734137,1.087170950458027,1.0853302317500104,0.0787462676953289,489.24653000643286,8.874790684304713,-0.898242045142321,0.4395011130117199,3.0841524280116595,4.3637471492504165,1.39169454891777,0.3667,Low Priority / Background,83.4,32.5,0.22,1250.0
GRID_0186,Odisha Belt,Odisha,21.28,85.08,0.0760644500080139,0.136446869011506,0.2026086022190564,0.2549105774040243,0.2300348363057755,0.1916635206154649,2.663608802652325,1.2001951929710175,0.9024103128167452,0.1143162149220518,280.6813172763581,5.660180854247384,0.1592125636365665,0.9872443261828716,11.41906018644898,5.189783790103037,3.03925014899046,0.0367,Low Priority / Background,80.1,32.5,0.22,1250.0
GRID_0187,Odisha Belt,Odisha,21.28,85.36667,0.0604362499948775,0.085736951107812,0.1691554673874278,0.2422434990126787,0.3218817151523017,0.2126935099343228,2.798861089837228,1.5133522499085394,1.3287472634639883,0.1776568731028266,226.56511281200773,7.333910833811975,-0.0751014636235487,0.997175897302778,25.348327097302032,0.7573304104734127,1.9942022468067613,0.9867,High Priority,94.6,32.5,0.22,1250.0
GRID_0188,Odisha Belt,Odisha,21.28,85.65333,0.0416522031921679,0.120436409432836,0.2356820888541242,0.25684134259716,0.2070192822634841,0.1437146949103212,5.658198428745084,1.440477899039937,0.8060169525403369,0.0429608206047513,303.7903981348602,5.05834534886119,0.1461996542211572,0.9892551041594954,11.829131964604596,7.057314520714552,1.840364113361446,0.58,Moderate Priority,87.7,32.5,0.22,1250.0
GRID_0189,Odisha Belt,Odisha,21.28,85.94,0.0573546863183592,0.1520066546413184,0.133936675224063,0.3711837657910638,0.2565140091279235,0.2466084406770417,2.335194360340007,1.0401629735815865,0.6910682570208517,0.4696832707996172,467.31246375866414,11.663389864891425,-0.1002794252031521,0.9949593141837134,4.762000884360081,2.080510688152398,2.338780490681641,0.5033,Moderate Priority,88.3,32.5,0.22,1250.0
GRID_0190,Odisha Belt,Odisha,21.28,86.22667,0.0492487025907092,0.1242969188286409,0.1850045774892004,0.332380362520974,0.3500569931487653,0.1928529620374909,3.7564608060009057,1.815140272206148,1.0531787657819591,0.2848469075693773,201.37229700497065,5.214690970430722,0.9400775334263074,0.3409607472233569,8.75954219547315,0.296879789041904,1.2576941952509693,0.8867,High Priority,93.6,32.5,0.22,1250.0
GRID_0191,Odisha Belt,Odisha,21.28,86.51333,0.0562148615278469,0.1573133908693126,0.1869250591500052,0.2494554078061015,0.3044841681788652,0.1567036041614834,3.325130204709402,1.9430454504393213,1.2205906869930394,0.1432928604696813,557.4082669749973,5.862769337861095,0.069700420589588,-0.997567968295712,15.75117057200009,4.212615601905684,2.9079709299598626,0.8133,High Priority,92.9,32.5,0.22,1250.0
GRID_0192,Odisha Belt,Odisha,21.28,86.8,0.052078726469346,0.1116110194611454,0.1247351439469079,0.2751092074973653,0.2977444251123793,0.1673299683323851,2.3950806273978174,1.7793743027945774,1.0822732744848471,0.3760805596646161,439.9464971148246,11.196488341267,-0.7291012622939628,0.6844058367090027,24.61470020157972,0.7000608453811547,4.689234874284704,0.9433,High Priority,92.3,32.5,0.22,1250.0
GRID_0193,Odisha Belt,Odisha,21.56,82.5,0.0474892488380109,0.1435368530039524,0.1530921081901628,0.3554181162036378,0.3699275768885716,0.1578555163286139,3.223653527534875,2.343441914798652,1.04082071003919,0.39787913876369,387.7100393902186,9.868317338417596,0.1040654019455403,-0.9945704560853964,15.531640324481378,2.352658106401821,1.0097076571802277,0.8133,High Priority,92.0,32.5,0.22,1250.0
GRID_0194,Odisha Belt,Odisha,21.56,82.78667,0.0521933854651652,0.1409438553102157,0.1663848608187633,0.2822550924401502,0.2886185864002127,0.2092734835079757,3.187792313980004,1.3791389258844502,1.0225415646658245,0.2582694040294566,454.5896715495869,15.37280316994725,-0.9958367973303772,0.0911541172014593,11.978613046499053,4.2610539792233135,9.373912995593804,0.73,Moderate Priority,89.8,32.5,0.22,1250.0
GRID_0195,Odisha Belt,Odisha,21.56,83.07333,0.0520284709317041,0.0887411368247697,0.2224754360346506,0.2678299633267497,0.3524543937572709,0.2471708246234498,4.275950380634857,1.4259489094042666,1.315958354401623,0.0925024175722998,409.3556722280862,0.5,-0.7141466057049459,-0.6999961611038339,25.74238184324985,6.413402087725522,3.538156997133324,0.8867,High Priority,93.8,32.5,0.22,1250.0
GRID_0196,Odisha Belt,Odisha,21.56,83.36,0.0480661077644873,0.1039516470697345,0.1630458630500416,0.340887441535901,0.2501767770346195,0.1652845956640644,3.392046466554876,1.513603021663743,0.733896332499358,0.3529062754161633,325.85855895797937,7.589739977085648,0.0898243117754591,0.9959576261137144,19.139702627754065,6.694564392173502,5.389916809480202,0.6,Moderate Priority,88.2,32.5,0.22,1250.0
GRID_0197,Odisha Belt,Odisha,21.56,83.64667,0.0844285679172111,0.091428022984067,0.2104113506708362,0.3337845564215282,0.3185372928206099,0.2319339119354703,2.492152404204635,1.3733908800639478,0.95431718566737,0.2267069219666701,385.1448207541583,14.815676072423924,0.5284042103666148,0.8489929272183805,9.07855202330779,2.6173851741266763,1.5682214191518933,0.6833,Moderate Priority,90.2,32.5,0.22,1250.0
GRID_0198,Odisha Belt,Odisha,21.56,83.93333,0.0439605906484144,0.1079056427175583,0.1333197718549577,0.3416470420018444,0.3705838446736047,0.1486779770309526,3.03264212892547,2.492510051346768,1.0846947709760448,0.4386134472044355,347.5972141919396,10.135858542445698,0.951896258453486,-0.3064204842079823,17.651644654140444,0.3998831236978604,2.0831894903141808,0.8567,High Priority,93.6,32.5,0.22,1250.0
GRID_0199,Odisha Belt,Odisha,21.56,84.22,0.0876709326694449,0.1365669181813358,0.1260271213756768,0.1945803670735807,0.2725171908738747,0.1754348592857532,1.4374853791674118,1.5533722238051324,1.4005307649566603,0.2138223040490511,273.08576502127016,5.770436045010109,-0.944067223845762,0.3297530543606171,13.07045238898234,11.82821034121445,1.1635933921717487,0.6767,Moderate Priority,90.1,32.5,0.22,1250.0
GRID_0200,Odisha Belt,Odisha,21.56,84.50667,0.0685862191806275,0.0980823198252799,0.1968571250611012,0.3757962230349618,0.3086287572878081,0.1829376900936258,2.8701721313801807,1.6870611521808512,0.8212640710734983,0.3124731324729999,420.07362851328975,6.153971747628624,-0.643893053897676,0.7651155044451291,16.010222751574805,3.496670911016173,1.7899662357183057,0.57,Low Priority / Background,87.3,32.5,0.22,1250.0
GRID_0201,Odisha Belt,Odisha,21.56,84.79333,0.0751518873072111,0.1299827090231522,0.1286130967471815,0.3165234442446805,0.2435477024567953,0.2256743159007908,1.7113527018787038,1.0791951325499038,0.7694435829054881,0.4221399684214329,397.635776935622,12.27461571624982,-0.3239231688802814,-0.9460833899094502,7.066247109986827,7.465972538187141,0.9499298073258196,0.5467,Moderate Priority,88.6,32.5,0.22,1250.0
GRID_0202,Odisha Belt,Odisha,21.56,85.08,0.0698017253690767,0.1027419274342013,0.1360594035599631,0.3059115393783473,0.2097797662681227,0.229837428095144,1.9491990153759624,0.912727118814449,0.6857507923487594,0.3843052450098438,356.52681953425537,7.18214485500295,0.9865121166448187,-0.1636882516033431,14.092273888232636,6.137512127966616,0.1942224139764803,0.52,Low Priority / Background,87.4,32.5,0.22,1250.0
GRID_0203,Odisha Belt,Odisha,21.56,85.36667,0.0903603095413601,0.0803055938126866,0.1496188643042282,0.3281808112304143,0.2569286269512752,0.1522270865679216,1.655784594796568,1.6877872720067195,0.7828850294536503,0.373716396960681,215.4129076526785,6.31333963125326,-0.8350756405167971,0.5501351421382396,20.164529212032644,11.122204538520142,1.706516017629889,0.26,Low Priority / Background,84.2,32.5,0.22,1250.0
GRID_0204,Odisha Belt,Odisha,21.56,85.65333,0.0945965886312635,0.1101854443170554,0.235689409978813,0.1978579049051145,0.3236634679705837,0.1992576848548314,2.4914949037180856,1.6243380719208629,1.6358296743116016,-0.0872601824869897,283.6279623020288,17.05950371846282,-0.9582654782199342,-0.2858798230934123,6.031422425397512,0.2,0.547995967113627,0.81,High Priority,92.5,32.5,0.22,1250.0
GRID_0205,Odisha Belt,Odisha,21.56,85.94,0.0827827630380591,0.1333108330862565,0.2359257006154412,0.3322075580501566,0.3711390873916408,0.2243048601841768,2.849903072260396,1.6546116409392948,1.1171870151990684,0.1694702545501424,288.234810456565,8.577672147878276,-0.9800754711684668,0.1986254535901873,11.371341054538432,2.231829793538785,9.425731537632345,0.6667,Moderate Priority,89.4,32.5,0.22,1250.0
GRID_0206,Odisha Belt,Odisha,21.56,86.22667,0.070024068742612,0.1146183308815763,0.1749239526191152,0.2217765448010327,0.2663672907556631,0.1843775907184612,2.498019006051607,1.4446758146795655,1.2010561799420856,0.118105407936728,363.9776969766236,15.558048198768375,-0.8077298363445944,0.5895528063530313,12.079448114333658,1.1912482217703124,3.2131677704139285,0.8767,High Priority,93.5,32.5,0.22,1250.0
GRID_0207,Odisha Belt,Odisha,21.56,86.51333,0.0683369082497789,0.1504125390337188,0.1458888815011745,0.3155626400620088,0.30939538200549,0.1754361773086199,2.1348163155351845,1.7635679435335296,0.9804532041292632,0.3676949428861278,387.6409526097517,5.940768005391203,-0.9974346459101492,-0.0715830087248033,20.451055614010752,2.5137161029068373,3.746982512498252,0.57,Low Priority / Background,87.2,32.5,0.22,1250.0
GRID_0208,Odisha Belt,Odisha,21.56,86.8,0.0519529164936431,0.1512172002108939,0.1544891515758695,0.2535571975512306,0.2104565513744629,0.1533814654785532,2.973580472894128,1.3721030674388932,0.8300128073435329,0.2427856624661049,213.1295456440332,2.15268347515196,-0.8592021563188211,0.5116362522115571,14.714110436323848,0.2,1.4297269669641215,0.76,High Priority,91.4,32.5,0.22,1250.0
GRID_0209,Odisha Belt,Odisha,21.84,82.5,0.0602407328061455,0.081546210473408,0.1349242078800612,0.262728534983727,0.2887156252005404,0.1885147696705843,2.239713261805393,1.531519754050534,1.0989081422399765,0.3213960119757851,591.2615421612916,13.530719295541108,0.0623128108830236,0.9980566685313296,17.228370321090853,3.659775607924128,3.3953496396716893,0.89,High Priority,92.6,32.5,0.22,1250.0
GRID_0210,Odisha Belt,Odisha,21.84,82.78667,0.0587118314750129,0.141919310252221,0.2127505778251338,0.2842592095308278,0.3756824881902584,0.1550660257715184,3.62357890907844,2.4227103494188578,1.321614758570408,0.1438774238404591,345.8319197610106,8.930371938896617,0.9952106607314516,-0.0977534693321307,15.153408585171386,0.2,1.0414836475549698,0.9167,High Priority,94.2,32.5,0.22,1250.0
GRID_0211,Odisha Belt,Odisha,21.84,83.07333,0.0863885124351203,0.1214368422170063,0.1617714711801945,0.254347858981266,0.2002436526287842,0.1759760633078283,1.8725822917647224,1.1378963193544578,0.7872795397267072,0.2224750416908265,366.4760841236517,10.22899465835208,-0.8197332732089161,0.5727454589904634,18.021319383664032,3.0624072642822298,1.522519877985587,0.13,Low Priority / Background,81.9,32.5,0.22,1250.0
GRID_0212,Odisha Belt,Odisha,21.84,83.36,0.0581749437299915,0.0852555887163492,0.1473882436192438,0.2293207269956049,0.2871338725478363,0.2296933287916032,2.5334912365720768,1.2500694904328555,1.2521006025449102,0.2174948628055545,417.69663873395376,6.872303529326173,-0.2621162766297039,0.9650362985534692,13.7529831385247,14.29939581176022,4.613997707183753,0.7233,Moderate Priority,90.3,32.5,0.22,1250.0
GRID_0213,Odisha Belt,Odisha,21.84,83.64667,0.0994796740938532,0.123558586624021,0.2355322020303847,0.1951210081233501,0.2658225346870468,0.1670457521608119,2.3676176722342683,1.5913062136709242,1.3623400929689182,-0.0938367556945712,312.4803619676063,8.570282064596947,-0.6955230344963638,-0.718503798518122,16.359615340821332,0.7947600783391258,4.999990037443963,0.6867,Moderate Priority,90.6,32.5,0.22,1250.0
GRID_0214,Odisha Belt,Odisha,21.84,83.93333,0.0781572824298237,0.1110532564901596,0.2008956354643275,0.2319809958485665,0.2621345975289579,0.2500983011758388,2.5703691178821195,1.0481220710995005,1.1299781975325118,0.0718109648908372,491.299475562683,8.816595382986948,-0.6367404539051422,0.7710782024935431,2.9857323557538766,6.150238259218661,0.1926660374222182,0.7667,Moderate Priority,90.4,32.5,0.22,1250.0
GRID_0215,Odisha Belt,Odisha,21.84,84.22,0.0488381826567382,0.0806273272617533,0.1957106148274996,0.2695346850820836,0.2241694731624096,0.2549520945268124,4.007245907513112,0.8792577065144607,0.8316875485119591,0.1586773936062063,189.23389728819413,10.83133260503076,-0.003792340320895,-0.9999928090515904,10.820373383225064,1.6058758829254645,4.934658907052556,0.85,High Priority,91.9,32.5,0.22,1250.0
GRID_0216,Odisha Belt,Odisha,21.84,84.50667,0.0675798922241596,0.1237261713625836,0.1719379202651363,0.188779988528601,0.229834960367628,0.1934649966490269,2.544179495216397,1.1879863353175146,1.2174687830538995,0.0466902839104982,372.46257853890194,12.015377864883073,0.99872972646507,0.0503878306241379,16.22656430788353,16.17337177429394,0.6579241405241347,0.75,Moderate Priority,90.6,32.5,0.22,1250.0
GRID_0217,Odisha Belt,Odisha,21.84,84.79333,0.0970857886217099,0.159585543517276,0.2054067366895258,0.3762287463583644,0.3025171603220786,0.1711450139811308,2.1157022454401595,1.7675968799099913,0.8040756034051774,0.2936920476062598,552.4309623286853,3.865716979332353,0.4432176739103016,0.8964140190411691,14.976466489078376,1.0542697055766683,4.719247308468735,0.59,Moderate Priority,89.3,32.5,0.22,1250.0
GRID_0218,Odisha Belt,Odisha,21.84,85.08,0.0944739276267771,0.1554961274256176,0.2352162725286536,0.2842919277442944,0.3759154234384707,0.2308772248561326,2.489721648243803,1.628197824514266,1.322282008283321,0.0944654208045913,354.1379052585848,9.617995816739407,-0.9802684945212498,-0.1976706317312779,6.540056429563407,1.4207104998989797,3.070084657384059,0.7267,High Priority,92.0,32.5,0.22,1250.0
GRID_0219,Odisha Belt,Odisha,21.84,85.36667,0.0799960287427971,0.0930159795046852,0.1878102374943307,0.3343253821957215,0.2898012196164695,0.1414523740131329,2.347715164499044,2.0487402413572946,0.8668212712175791,0.2806069123984528,224.95922660302824,12.72031896859915,0.9003096840245136,-0.435249897015129,16.817430910090597,0.501308115183345,1.6795330523405356,0.6033,Moderate Priority,90.3,32.5,0.22,1250.0
GRID_0220,Odisha Belt,Odisha,21.84,85.65333,0.0417501858187158,0.1184712117282407,0.1994920814041281,0.2037005247196303,0.2519992890036498,0.1877403950602588,4.778117734675252,1.3422681179223488,1.2371006518016758,0.0104377729497286,421.41034997200927,3.9514848833656586,-0.999640965324633,0.0267944107014117,4.380437199104303,12.531249964185864,9.043436359761618,0.6633,Moderate Priority,90.4,32.5,0.22,1250.0
GRID_0221,Odisha Belt,Odisha,21.84,85.94,0.0746273551622992,0.1085696927440402,0.2145058903030535,0.23020027665246,0.3015333251900332,0.1830294153829847,2.8743215609744213,1.6474492753517778,1.309868170910558,0.0352915075708157,228.8828070719219,13.28843853579936,0.933414329500542,0.3588003476629496,4.842374019666728,0.2,0.1100505168339812,0.92,High Priority,94.4,32.5,0.22,1250.0
GRID_0222,Odisha Belt,Odisha,21.84,86.22667,0.0505133063263496,0.14934162836048,0.1538974492772432,0.3700918341150591,0.3046920127380548,0.1923937027722519,3.046611157698232,1.5836819223590335,0.8232853615407435,0.4125923546485975,353.25755774085616,12.471538584257416,-0.9984800194366508,0.0551148871520729,29.80533226189975,1.6598842419936322,1.3064606175678797,0.8067,High Priority,93.5,32.5,0.22,1250.0
GRID_0223,Odisha Belt,Odisha,21.84,86.51333,0.093645658151995,0.1557165210520324,0.2271069872983769,0.2638895987914627,0.3404657905412387,0.1971602879961318,2.4251478032431915,1.7268389449145736,1.2901777937541796,0.0749140373296164,204.8824309948441,9.945599734692754,-0.5418095684369858,-0.8405012739729353,10.695672825826932,9.656149226451774,0.6960829797393092,0.73,High Priority,91.7,32.5,0.22,1250.0
GRID_0224,Odisha Belt,Odisha,21.84,86.8,0.0442694971104059,0.0855206074090253,0.2328941424603729,0.2813840875923669,0.2736941729270633,0.2373054297209502,5.260707641921423,1.1533365246314715,0.972667653673086,0.0942871932180137,247.3780361254973,7.846447410927489,-0.9379040758236228,-0.3468947168139583,19.746365921972057,7.37284866529631,3.1895966170416616,0.77,Moderate Priority,90.5,32.5,0.22,1250.0
GRID_0225,Odisha Belt,Odisha,22.12,82.5,0.0490957044880059,0.1500706466813645,0.184691346328321,0.2364944852740007,0.2765410733787849,0.1445085308478689,3.7617870334543535,1.9136528349117057,1.1693291863833588,0.1229932539642916,384.7676483538336,7.807471461489015,7.310332390405483e-05,0.999999997327952,18.14142080228164,0.2809178457824846,10.844452608836328,0.6833,High Priority,91.4,32.5,0.22,1250.0
GRID_0226,Odisha Belt,Odisha,22.12,82.78667,0.0535675198749803,0.1043358975709024,0.1564731014706032,0.2260833324234699,0.200265287975536,0.2275213752905595,2.9209898245421844,0.8802004098268814,0.8857990548430695,0.1819602098547669,100.0,15.478181063882335,-0.8147926376348237,0.5797524968950862,18.92333251403824,2.746352896936128,1.0826122261780475,0.7833,Moderate Priority,90.5,32.5,0.22,1250.0
GRID_0227,Odisha Belt,Odisha,22.12,83.07333,0.0595177080413818,0.137009706647881,0.2180135359806763,0.2163227935513205,0.2667693814683977,0.248232823609898,3.662941336513839,1.074669751240784,1.2331948191594075,-0.0038926942595,290.24898053083587,16.400664377643285,-0.5392062361800399,-0.8421737557443565,10.409444387938638,3.9317644317620526,3.7066053700704833,0.87,High Priority,93.7,32.5,0.22,1250.0
GRID_0228,Odisha Belt,Odisha,22.12,83.36,0.0500392782400636,0.1424505373940445,0.1900527336616934,0.3704443571395189,0.2076360136772405,0.171839136506656,3.797995142032043,1.2083091755993685,0.560503754941217,0.3218416377118467,372.8576527517897,2.8519095681209885,-0.9751211154954988,-0.2216727545613442,18.75760912095864,7.114901324549239,0.3244798381157822,0.6633,Moderate Priority,91.2,32.5,0.22,1250.0
GRID_0229,Odisha Belt,Odisha,22.12,83.64667,0.070831267852406,0.1207112444472844,0.1643136924258649,0.3665849725139344,0.3489511375771798,0.2236651258291564,2.31975761058854,1.5601429867110062,0.9518944087908758,0.3809971891977098,317.93323744428085,18.07845110160545,-0.4762684738193797,0.8792999151858021,20.52478504418898,9.89132135435786,0.9609116307863236,0.7733,High Priority,91.7,32.5,0.22,1250.0
GRID_0230,Odisha Belt,Odisha,22.12,83.93333,0.0884242542320021,0.0956192482365193,0.1614410342693865,0.2471220908539685,0.3761345843100453,0.2427844668497512,1.825734465470828,1.549246704057528,1.5220535766619765,0.2097126284857067,442.4161823855903,14.761931711247584,-0.3802021682622483,-0.924903406442362,19.62536073322859,14.695877652546008,2.0570776239631674,0.7733,High Priority,93.3,32.5,0.22,1250.0
GRID_0231,Odisha Belt,Odisha,22.12,84.22,0.0628310625921936,0.0930428269545272,0.2143446782713269,0.3268887864151183,0.2691839069343443,0.1430232096751075,3.4113901315402204,1.8820863093445503,0.8234699220382091,0.2079396555224764,198.21262533191907,8.393368596370259,-0.9600672570054068,-0.2797693014362268,15.159244536285165,17.061586182015414,0.1591541641276849,0.5967,Moderate Priority,88.6,32.5,0.22,1250.0
GRID_0232,Odisha Belt,Odisha,22.12,84.50667,0.0702877358982717,0.137476315785804,0.2235168565379015,0.215851122381558,0.3440006267174627,0.2063248490862254,3.1799811688375725,1.667268683206541,1.5936865615311335,-0.0174471447101154,481.96444944773,5.516237398748197,-0.7488808540052936,0.6627046600894716,12.32076148300387,0.8555623193815549,1.112268834667297,0.9067,High Priority,93.3,32.5,0.22,1250.0
GRID_0233,Odisha Belt,Odisha,22.12,84.79333,0.0574027319177462,0.1497131227352683,0.2007243593050677,0.3393362794382745,0.2450842217826498,0.2149848919528398,3.4967127153455047,1.140001418494998,0.7222437280936317,0.2566594443844221,471.19439853864,11.175627390552352,-0.5564211830040044,0.8309003954171789,14.418481093046294,1.69580835284943,1.0992088935883857,0.71,Moderate Priority,90.5,32.5,0.22,1250.0
GRID_0234,Odisha Belt,Odisha,22.12,85.08,0.0611775102071414,0.1297033959239688,0.1600859958802523,0.3265398101180561,0.2728149294032965,0.148202384037195,2.616703076590534,1.8408144400726192,0.8354696287568597,0.3420564017149159,286.0235472555867,6.833554526950699,0.4099854905563863,-0.9120920444413706,19.59187852975745,5.782963935159129,1.2124506260714931,0.46,Low Priority / Background,84.7,32.5,0.22,1250.0
GRID_0235,Odisha Belt,Odisha,22.12,85.36667,0.0433951393688029,0.109913683761025,0.2333338299233164,0.3083468794597116,0.3208662467600972,0.2158738584365168,5.376833822481864,1.4863530152792466,1.0405981948775531,0.138481784112361,314.0231354210914,4.032785412630828,-0.999982565967637,0.0059048929525086,12.23441076923866,1.61702370654051,1.697001552137943,0.8767,High Priority,93.0,32.5,0.22,1250.0
GRID_0236,Odisha Belt,Odisha,22.12,85.65333,0.0988221244565311,0.0854002037347057,0.1822441193256714,0.2158729364024421,0.3747217781737539,0.1535964205672957,1.844144478611728,2.439635879233902,1.735836129263796,0.0844694597316551,297.1963002147045,16.811190885937503,-0.959508856748568,-0.2816784582126502,10.319835124890304,2.747214115099548,1.2763491867954613,0.8233,High Priority,93.2,32.5,0.22,1250.0
GRID_0237,Odisha Belt,Odisha,22.12,85.94,0.0638567427131722,0.1011421010526911,0.1446399526448159,0.276607939511778,0.2483360760921693,0.17449539978767,2.265033909740445,1.4231587379129231,0.897787600539914,0.313277944047161,370.7267329398944,10.312049516663128,-0.6061187899847493,-0.7953741336172703,13.49969434835424,0.4829233816040338,2.741715143276472,0.57,Low Priority / Background,87.2,32.5,0.22,1250.0
GRID_0238,Odisha Belt,Odisha,22.12,86.22667,0.0774189266974159,0.131880385609495,0.1520882433429049,0.183022136842895,0.3737027665018049,0.1701071654829323,1.9644586326892133,2.196853780892136,2.041833469516956,0.0923092897735642,368.56925897410594,15.354601287585254,-0.6374598971964147,-0.7704835361422958,20.082054443263186,1.876430992420446,0.948640773097698,0.9933,High Priority,94.9,32.5,0.22,1250.0
GRID_0239,Odisha Belt,Odisha,22.12,86.51333,0.0758600969621622,0.1492876506889353,0.2336080474708074,0.2011811608807515,0.2278691502675895,0.2533683510539696,3.079418263452292,0.8993556218212507,1.1326508735665508,-0.0745805355483913,405.14762752395234,11.532651473802236,0.9560377257439616,0.2932436989166406,23.985902588747813,5.6989199317458885,1.5735147345118303,0.7033,Moderate Priority,90.2,32.5,0.22,1250.0
GRID_0240,Odisha Belt,Odisha,22.12,86.8,0.0409236935014785,0.126634084544341,0.150372184701553,0.2700508492285781,0.3723645827150871,0.1878842381170921,3.674363124946079,1.9818724794282416,1.3788632952478292,0.2846618053879242,422.47238578942586,8.265775026136529,-0.8836494635177855,-0.4681491489095434,16.52271486348535,18.86281737842832,0.3223985292618829,0.8967,High Priority,93.9,32.5,0.22,1250.0
GRID_0241,Odisha Belt,Odisha,22.4,82.5,0.0404991965336315,0.1146866234106091,0.131115057966164,0.3296768699352462,0.3646187594927406,0.192082516725051,3.237393128630514,1.8982303412044303,1.1059849408889877,0.4309133234170768,306.32357627617824,2.770403046675943,-0.986115743301726,-0.1660594496332099,14.094845264671036,4.7504228892607285,3.045750724059504,0.9133,High Priority,93.7,32.5,0.22,1250.0
GRID_0242,Odisha Belt,Odisha,22.4,82.78667,0.0545213247988526,0.1371242178702501,0.1309669783598131,0.2198540672933601,0.3579446083978067,0.2286467780871879,2.402079860735675,1.565484744230995,1.6280935108954708,0.2533680252848813,341.3244249451056,6.856278239817756,0.9998824608197552,0.0153318147990026,8.776897364913866,0.3228328516165735,1.8426781660264064,0.9433,High Priority,94.3,32.5,0.22,1250.0
GRID_0243,Odisha Belt,Odisha,22.4,83.07333,0.0839640084871699,0.1285385379773949,0.2007446002317695,0.1962298357072478,0.3712683278318217,0.2406190200611629,2.390812599780108,1.542965243446698,1.891997893673083,-0.0113729065221438,399.96851103029337,12.124010219136736,-0.4103085208757724,0.911946773499822,5.597482638015395,4.795777283987891,4.074654558704506,0.8567,High Priority,93.6,32.5,0.22,1250.0
GRID_0244,Odisha Belt,Odisha,22.4,83.36,0.0842750436012415,0.1217159219333504,0.1282150463200293,0.2542225876860255,0.3657379895234043,0.2101338691708911,1.5213700221463713,1.740491670737281,1.43864695189143,0.3294843411766846,370.6774779834416,2.269926568862826,0.7356053105651135,-0.6774103830532885,15.709211860942505,11.28548230029503,3.294004853238196,0.7733,High Priority,91.9,32.5,0.22,1250.0
GRID_0245,Odisha Belt,Odisha,22.4,83.64667,0.0872432216051399,0.1163476338454124,0.1956296663347389,0.2296767217486415,0.3269829494510275,0.1913121600444005,2.2423223307572435,1.709150323872861,1.423659843721702,0.0800528191323771,549.2515353168119,6.550045354974935,-0.3897505095668898,0.920920485325606,11.125693655829476,0.2,1.0745113757089164,0.8667,High Priority,94.1,32.5,0.22,1250.0
GRID_0246,Odisha Belt,Odisha,22.4,83.93333,0.0701578745578078,0.0844940861877951,0.1789314875259798,0.3654221257716855,0.2189707792594049,0.2317328873690605,2.550375681675853,0.9449234280986752,0.5992252920419076,0.3425903513813492,172.6495666050387,17.871508911372196,0.9979322819752002,-0.0642741051417247,7.890502134030633,0.8687456019759164,0.5247128103846568,0.7167,Moderate Priority,90.6,32.5,0.22,1250.0
GRID_0247,Odisha Belt,Odisha,22.4,84.22,0.0442295167385886,0.0948517363920994,0.1997063261986761,0.3563381223687016,0.3465426234064091,0.2222161171849381,4.51512532351772,1.5594776306903588,0.9725079331812574,0.2816888377983834,316.8691616816677,7.244934694715123,0.9302224976334792,-0.3669960556961505,14.597634539128643,3.83454791469922,1.3242997137517731,0.8333,High Priority,92.0,32.5,0.22,1250.0
GRID_0248,Odisha Belt,Odisha,22.4,84.50667,0.0612273495241861,0.1462844478324865,0.2147151417983622,0.2415591663361491,0.3644819198971867,0.2543378020403007,3.5067929066673007,1.4330566825561812,1.508865991547558,0.0588329547078474,184.0244414521937,4.84507801900486,-0.0353930365491003,-0.9993734702121296,5.81976425167305,14.161338022406763,6.270159332678361,0.7233,Moderate Priority,90.9,32.5,0.22,1250.0
GRID_0249,Odisha Belt,Odisha,22.4,84.79333,0.0461540777550153,0.1114184594617133,0.1864045427699726,0.280626494510308,0.2348953522286407,0.2430580125401785,4.038657323022648,0.9664128467147935,0.8370361308984731,0.2017462277085498,442.1801501977252,12.172095492441455,-0.7754390952052997,0.6314223702302493,11.663590741818808,4.715057297135249,0.5243654672199103,0.8567,High Priority,92.7,32.5,0.22,1250.0
GRID_0250,Odisha Belt,Odisha,22.4,85.08,0.0804187250484944,0.0943402604591424,0.2032739508612188,0.2259196321507937,0.2211592340270396,0.1598341388171549,2.527662843147513,1.3836709228252808,0.9789244652937406,0.0527632038844747,509.09049049045177,10.504472260710326,0.8488850574174626,0.5285774865555203,24.46783503955209,0.4362625076201045,0.1,0.7633,High Priority,91.4,32.5,0.22,1250.0
GRID_0251,Odisha Belt,Odisha,22.4,85.36667,0.0499448906179132,0.1512684427986517,0.1489844210042018,0.2508542654434431,0.2189621872066399,0.1666833565697804,2.982916495451742,1.313633694923099,0.8728626318430074,0.2547767215013064,592.6716486345522,11.948319214123131,0.9995736439742194,0.0291981210371557,13.123479070809925,1.3341932089252793,0.7436688884160689,0.8567,High Priority,93.0,32.5,0.22,1250.0
GRID_0252,Odisha Belt,Odisha,22.4,85.65333,0.0975917681628073,0.1293040388740579,0.1868254131806515,0.2631550207046644,0.2772099800174259,0.2049086004605697,1.914336653193231,1.352840371531391,1.0534054257057417,0.1696283485853031,290.7073466951978,14.886670133452588,0.8813843211779561,0.4723999136131098,20.33131310798625,3.4668635507154195,1.5928712000222167,0.5333,Low Priority / Background,86.6,32.5,0.22,1250.0
GRID_0253,Odisha Belt,Odisha,22.4,85.94,0.092231617976163,0.1305135136974701,0.1839004879699178,0.2030789284357834,0.309014820078214,0.154064468681628,1.993876916921579,2.0057370592029584,1.521641367802277,0.0495592015844011,260.4653677636976,8.163546223779008,-0.9344937677032992,-0.3559794911560109,11.162891465902142,11.30121060443565,0.6856609161904607,0.82,High Priority,92.9,32.5,0.22,1250.0
GRID_0254,Odisha Belt,Odisha,22.4,86.22667,0.0704683038375267,0.1135417328932817,0.1221748849254875,0.3385516227145626,0.2124282631366279,0.1969106025172344,1.733731969414266,1.0788001337708653,0.6274601018693882,0.4696414566115345,221.55696255924,19.12883015921443,-0.9265771258658432,-0.3761048122826843,19.75085916562853,1.4602739846099724,0.1,0.64,Moderate Priority,90.3,32.5,0.22,1250.0
GRID_0255,Odisha Belt,Odisha,22.4,86.51333,0.0834066197412947,0.1228525279478063,0.2203341243848698,0.3442776725801388,0.3517987102018189,0.1982113591975448,2.6416546242211423,1.7748575902434267,1.0218428796803545,0.2195195519150628,459.6469233810884,7.184452206267045,0.3012736791507817,-0.953537713072195,16.002367181371238,10.70913332417349,1.8838190280135223,0.5067,Low Priority / Background,86.9,32.5,0.22,1250.0
GRID_0256,Odisha Belt,Odisha,22.4,86.8,0.0445419836385872,0.1110260871933545,0.2164245191355124,0.3603548057092457,0.2366250936495672,0.1480368334430326,4.8587791265070415,1.5984095966969452,0.6566429342905856,0.2495409090323469,320.2389037883305,8.759340131856101,-0.2593913003577677,-0.965772309242042,19.64417686293609,17.220390602646056,0.206650972077382,0.7033,High Priority,91.5,32.5,0.22,1250.0
GRID_0257,MP-MH Belt,Madhya Pradesh / Maharashtra,20.8,78.5,0.0788990804471257,0.0859284338059893,0.16505627141598,0.3407629090386893,0.2780250018960142,0.2596618824683541,2.0919658190537738,1.0707152260388928,0.8158874649616961,0.3473697658024852,162.34472939581258,12.788701506847612,0.9824180801376388,0.1866941772489858,6.474206822385488,0.3559425313132252,1.3840794419121645,0.7367,Moderate Priority,91.0,32.5,0.22,1250.0
GRID_0258,MP-MH Belt,Madhya Pradesh / Maharashtra,20.8,78.65333,0.0678543111843535,0.1378190201791043,0.1988075381665929,0.3217531310458308,0.2015054627378343,0.1661200879496643,2.9298743856094087,1.213003509818643,0.6262715635782522,0.2361787279982534,202.90912428124017,9.059706301491936,0.0333793506995426,0.9994427542120043,26.66081349251374,8.160837477457024,4.445900186951632,0.2433,Low Priority / Background,81.8,32.5,0.22,1250.0
GRID_0259,MP-MH Belt,Madhya Pradesh / Maharashtra,20.8,78.80667,0.0729051497796137,0.0853170660621017,0.2119818059439101,0.2967427175462728,0.3407527958884326,0.2302096390875008,2.907598420499572,1.4801783151252006,1.148306689375142,0.1666142304416898,358.3826627929361,16.347066153415767,0.7718113527304534,0.6358515831515933,20.44548340366796,6.778887608141981,0.5585586667905365,0.99,High Priority,94.9,32.5,0.22,1250.0
GRID_0260,MP-MH Belt,Madhya Pradesh / Maharashtra,20.8,78.96,0.0516985119940173,0.1512327613775462,0.2099973358142484,0.3616456977400646,0.3365687578095057,0.2116586367188362,4.0618823604862895,1.5901414319093623,0.9306562452048608,0.2652846054963813,502.6186317361662,13.528574158891152,-0.4751701894656696,-0.8798939089703711,15.863547553236216,5.003681439657029,0.5105033200516286,0.8333,High Priority,93.8,32.5,0.22,1250.0
GRID_0261,MP-MH Belt,Madhya Pradesh / Maharashtra,20.8,79.11333,0.0684352732069661,0.1373117689566479,0.1525131237979638,0.2204508361049069,0.2564888254803948,0.16898007535914,2.228542213815925,1.5178553274990836,1.1634687649339368,0.1821557508368501,312.9491901409971,3.674948413696111,-0.5472438608055217,0.8369732115251161,5.765752398203565,0.4004767544422319,3.57372403456154,0.6033,Moderate Priority,88.8,32.5,0.22,1250.0
GRID_0262,MP-MH Belt,Madhya Pradesh / Maharashtra,20.8,79.26667,0.0629679258661832,0.1457464757268287,0.1991412922368924,0.3392482901082737,0.2489502870953208,0.2230830706953269,3.1625327810115773,1.1159482894469868,0.7338269949389331,0.2602330027042666,353.10448977623565,10.44239586507146,-0.7557933733998738,-0.6548101837363549,13.683031972551383,1.9615979526792973,0.9421268595490446,0.53,Moderate Priority,88.2,32.5,0.22,1250.0
GRID_0263,MP-MH Belt,Madhya Pradesh / Maharashtra,20.8,79.42,0.0514555951042986,0.1355712767114982,0.1462458735597512,0.2990606531854978,0.2476343048465643,0.2194362733752642,2.8421210782276205,1.1284970007036124,0.8280376377541296,0.3431668463874149,405.2299937679524,12.815339201407005,-0.9976765811352188,0.0681281106030477,8.303454039645416,2.831217998206428,0.1,0.8533,High Priority,92.2,32.5,0.22,1250.0
GRID_0264,MP-MH Belt,Madhya Pradesh / Maharashtra,20.8,79.57333,0.0555745869565029,0.0826941123099571,0.2255022927121497,0.2286793366437061,0.3003206905231415,0.1446775184793356,4.057578247237269,2.075779415491016,1.3132772801146175,0.0069950802303078,493.4734979664344,4.440952822842978,-0.5983119122766454,0.8012632873331111,20.98799125100943,10.951561116018706,1.180419679626408,0.7867,High Priority,92.7,32.5,0.22,1250.0
GRID_0265,MP-MH Belt,Madhya Pradesh / Maharashtra,20.8,79.72667,0.094057653741428,0.1596926138799023,0.2190498796948737,0.3489742695510458,0.2448215724996362,0.2092042878629307,2.32886471346967,1.1702456233326228,0.7015441891186084,0.2287299955444804,425.6788679986982,12.75610957306121,-0.7783705146940159,0.6278051782639045,13.415979088023905,0.6967739778697819,0.1,0.5867,Moderate Priority,89.9,32.5,0.22,1250.0
GRID_0266,MP-MH Belt,Madhya Pradesh / Maharashtra,20.8,79.88,0.0616256096284891,0.1426990600860189,0.1879416829470085,0.2425555978420708,0.3177815609886895,0.1678421816370573,3.049683960873381,1.893324220198934,1.310133650520601,0.1268620975557859,299.6210415896063,16.007064615295498,0.2422213940454724,0.970221003826792,17.778499270392047,9.073696303464502,2.89901388274188,0.89,High Priority,94.0,32.5,0.22,1250.0
GRID_0267,MP-MH Belt,Madhya Pradesh / Maharashtra,20.8,80.03333,0.0738037210427584,0.1299691238491625,0.2237319896242036,0.2973873013117814,0.3045710683798723,0.2588814988478919,3.031404854095792,1.1764838092003471,1.024152823216003,0.1413403257725491,314.85857642862675,17.035360114744485,-0.9643864463164664,-0.264497225242718,5.875889849009576,4.542256167094156,7.9008645123487025,0.7333,Moderate Priority,90.6,32.5,0.22,1250.0
GRID_0268,MP-MH Belt,Madhya Pradesh / Maharashtra,20.8,80.18667,0.0957483712009277,0.1073524222484392,0.1833212959466034,0.2223271797139722,0.379213599709799,0.2577341489441523,1.9145952986146304,1.4713305548866735,1.7056479308995456,0.0961566231630155,294.68078165651133,15.033059401815446,-0.9760538531714642,-0.2175290226823487,17.29589386734937,4.496654568445091,0.1644711791759023,0.8333,High Priority,93.6,32.5,0.22,1250.0
GRID_0269,MP-MH Belt,Madhya Pradesh / Maharashtra,20.8,80.34,0.0672858605531596,0.1339829041733928,0.2013037936660421,0.2546245236844767,0.3695045575984454,0.1600828438684137,2.99172516017452,2.308193935561493,1.4511685719940746,0.1169495533392988,546.2587190530795,10.016630523315312,-0.9453416625494724,-0.3260814944890302,6.129903497199297,0.8492378198547863,3.031312462477169,0.9133,High Priority,93.4,32.5,0.22,1250.0
GRID_0270,MP-MH Belt,Madhya Pradesh / Maharashtra,20.8,80.49333,0.0759581269683662,0.0943484808231392,0.2046166974684676,0.2710343983467312,0.3201969064885675,0.2404840495724181,2.69377368638902,1.331462837535543,1.181384086513101,0.1396350430548052,436.7632083906136,12.353855518010777,-0.9503542624790924,-0.3111700110676164,21.985203082203004,9.105580186750542,4.8707768663386055,0.9867,High Priority,94.7,32.5,0.22,1250.0
GRID_0271,MP-MH Belt,Madhya Pradesh / Maharashtra,20.8,80.64667,0.0976552088157294,0.1228748063081694,0.1786194759191886,0.260377439978146,0.2276643877119568,0.2087128679458427,1.829064204778124,1.090796648793033,0.8743595964822014,0.1862377043222171,388.632331781156,9.079879505562452,-0.4992242422725283,-0.866472824690665,3.565606213373396,0.2669477234958443,0.1,0.6967,Moderate Priority,90.0,32.5,0.22,1250.0
GRID_0272,MP-MH Belt,Madhya Pradesh / Maharashtra,20.8,80.8,0.0654001086491918,0.086765230247779,0.1928216346648167,0.3561946011279315,0.35892466697337,0.2190854492158679,2.9482930587477028,1.638278717182176,1.0076617056381287,0.2975734745872121,461.2905667380932,11.92955787972426,-0.656142843227004,0.7546367134469295,11.953352584707696,1.0948462850360547,4.011667975708922,0.8033,High Priority,91.3,32.5,0.22,1250.0
GRID_0273,MP-MH Belt,Madhya Pradesh / Maharashtra,20.90667,78.5,0.0571911729356273,0.1442112249882343,0.2396685479884323,0.1860052010658785,0.3615258558423677,0.2147156640318389,4.190583006143011,1.6837345041312646,1.9436225984440416,-0.1260665497349173,346.6387435296287,12.046334104635104,-0.818554406225356,0.5744290069704479,12.905474017085496,0.3468390182076232,11.108099569792406,0.7933,High Priority,93.0,32.5,0.22,1250.0
GRID_0274,MP-MH Belt,Madhya Pradesh / Maharashtra,20.90667,78.65333,0.0890184344363102,0.1482037936996776,0.2325558277720673,0.197020697223957,0.2694075666524,0.1485241866852802,2.612416370028182,1.8138847199247443,1.3674004967390012,-0.0827211119772597,301.53712359960355,7.031789791663451,0.1928885352438691,-0.9812206749612824,9.770789277107056,1.5637152419979117,0.3193436759709399,0.6767,Moderate Priority,90.9,32.5,0.22,1250.0
GRID_0275,MP-MH Belt,Madhya Pradesh / Maharashtra,20.90667,78.80667,0.0500494653456464,0.0917820450841672,0.2367692157494758,0.3318585013836947,0.3741970637485211,0.192768858380949,4.730609677939202,1.9411596132889108,1.1275767672412549,0.1672256127225269,437.4517074132523,7.076056479182798,0.8874020986253054,-0.4609962205435136,7.910391162142149,0.6944657242346085,0.8890104952687026,0.89,High Priority,93.9,32.5,0.22,1250.0
GRID_0276,MP-MH Belt,Madhya Pradesh / Maharashtra,20.90667,78.96,0.0613191849084332,0.1339195366516584,0.1275077810663341,0.2221013879330685,0.3456242552525017,0.1576306308300525,2.079376982583075,2.1926072415321887,1.5561483083048029,0.2705688085030959,273.88136151855247,13.96532504368903,0.8268167065169701,0.5624714515639264,11.71855066441878,0.4318043191951981,1.9880750506120248,0.9633,High Priority,94.1,32.5,0.22,1250.0
GRID_0277,MP-MH Belt,Madhya Pradesh / Maharashtra,20.90667,79.11333,0.0581451706767121,0.1250726691587083,0.216456586858017,0.2074296976305486,0.3045258352197713,0.2006610512467836,3.722628409383954,1.5176055129888562,1.4680847082824606,-0.0212954942452676,384.9800024567908,5.481754314210954,0.9889886290082032,-0.1479915257454778,8.920122506801826,3.0770808575299577,1.097854088864141,0.8767,High Priority,93.1,32.5,0.22,1250.0
GRID_0278,MP-MH Belt,Madhya Pradesh / Maharashtra,20.90667,79.26667,0.0893428726711212,0.0845582981597894,0.1702328729901996,0.2716862848262876,0.3305010937338414,0.2089145090108253,1.905367071078666,1.58198448405626,1.2164761186566329,0.2295740758633096,347.53427192685064,15.08263115204776,-0.7616166870751089,0.6480277941328874,18.09014413942283,1.8834808803283205,2.3167186047522206,0.8433,High Priority,93.8,32.5,0.22,1250.0
GRID_0279,MP-MH Belt,Madhya Pradesh / Maharashtra,20.90667,79.42,0.090406484706352,0.1591560904772045,0.2267423173252515,0.2542934525248753,0.235129973099357,0.1987271044887906,2.508003823596264,1.1831742354922912,0.9246366594503528,0.0572744890337752,344.75955494225303,17.66847482314971,0.1054811645333746,-0.9944213010232048,11.453307781145112,9.823236611522212,1.566695286184504,0.33,Low Priority / Background,84.0,32.5,0.22,1250.0
GRID_0280,MP-MH Belt,Madhya Pradesh / Maharashtra,20.90667,79.57333,0.0596939863407003,0.1163191928959759,0.2114936350409842,0.2052004055727988,0.2353554588569631,0.254173379079571,3.542904488392297,0.9259605933109548,1.1469485708442997,-0.0151027222664219,453.5825238417568,11.17877657203591,-0.4779746720852343,-0.8783736180265278,6.469353504460186,3.3630423765726603,3.1047604116679253,0.78,Moderate Priority,91.2,32.5,0.22,1250.0
GRID_0281,MP-MH Belt,Madhya Pradesh / Maharashtra,20.90667,79.72667,0.0537896035478571,0.1242129814221398,0.1646607906296276,0.3123334519258378,0.2254202378071669,0.2085052900207371,3.061144136133928,1.0811196045200726,0.7217270986829586,0.3095893797704673,291.1133173261304,6.232319060276349,0.9807359728109656,0.1953380445139381,16.651916038370185,1.6823141569534437,7.856978757121612,0.65,Moderate Priority,89.7,32.5,0.22,1250.0
GRID_0282,MP-MH Belt,Madhya Pradesh / Maharashtra,20.90667,79.88,0.0981955915207114,0.1257008375949677,0.1371601347198871,0.2549096486759162,0.3435918074026785,0.1840868874436484,1.396791198103425,1.8664552685893367,1.3478911500457094,0.3003271831075425,306.9614523602984,10.522778878344472,-0.8266535277852491,0.5627112447785296,8.930609279537158,7.9463725144594495,0.577563493656051,0.8,High Priority,93.4,32.5,0.22,1250.0
GRID_0283,MP-MH Belt,Madhya Pradesh / Maharashtra,20.90667,80.03333,0.080365876864748,0.0976403410748517,0.1461849041462606,0.354814354661037,0.2449404114932414,0.1715896815821613,1.818969578627274,1.4274691914196904,0.6903320509543294,0.4164258338138355,403.481733634591,15.530412261200778,-0.9999986058107052,0.0016698432996856,13.149190250023477,2.163303292421713,0.2954080307826227,0.6133,Moderate Priority,89.6,32.5,0.22,1250.0
GRID_0284,MP-MH Belt,Madhya Pradesh / Maharashtra,20.90667,80.18667,0.0691678291128954,0.1536591720274108,0.1248070942860833,0.2382921826987587,0.2373573685170266,0.1685775984398835,1.8043835046329413,1.407992299815389,0.996072845344824,0.3125447585858298,231.61148239475008,9.686898059854482,0.210168233586877,-0.9776652359529676,19.3399253733026,7.147588734519326,0.5034536703368955,0.59,Moderate Priority,88.4,32.5,0.22,1250.0
GRID_0285,MP-MH Belt,Madhya Pradesh / Maharashtra,20.90667,80.34,0.069235921246003,0.1143988171296847,0.1916292828655987,0.3799115406500877,0.3385008009347685,0.1877438843620912,2.767732582804022,1.8029828193982853,0.8909966497961413,0.3294286612768267,311.49781882871366,11.72345043133418,0.1902423374876702,0.981737160867015,10.403801036958086,3.5726790505528023,2.86454229282214,0.5633,Low Priority / Background,87.2,32.5,0.22,1250.0
GRID_0286,MP-MH Belt,Madhya Pradesh / Maharashtra,20.90667,80.49333,0.0946363430328653,0.1207883207640366,0.1801530773550875,0.1900486019645964,0.2062840794781203,0.2061391954299646,1.903615122547604,1.0006979912280354,1.0854223178880855,0.0267300188850436,238.9996428114073,15.398371356336613,0.8466081786446923,0.5322166775401883,12.688073531024576,0.2,1.7882724945731332,0.7167,Moderate Priority,89.4,32.5,0.22,1250.0
GRID_0287,MP-MH Belt,Madhya Pradesh / Maharashtra,20.90667,80.64667,0.0542487134051354,0.0839691498671069,0.2069517944217154,0.2023185999914495,0.3094975100013989,0.1737259700200267,3.814799773709491,1.7815167671762249,1.529745561055276,-0.0113205918945527,308.3805595114746,4.91468797431839,-0.9482101792650892,0.3176435989250648,22.574702111306188,0.6704365744556661,4.445396418956591,0.98,High Priority,94.1,32.5,0.22,1250.0
GRID_0288,MP-MH Belt,Madhya Pradesh / Maharashtra,20.90667,80.8,0.0542159994943989,0.1341914503911098,0.1878937865809195,0.3658289434423374,0.2697180532355565,0.1479398226601328,3.465588068929019,1.8231482587817205,0.7372771367417327,0.3213428415898745,288.5049561851664,16.902347234644786,0.9952158388913336,0.0977007370484933,14.8270670292847,2.1162395363326136,0.1,0.7533,High Priority,91.5,32.5,0.22,1250.0
GRID_0289,MP-MH Belt,Madhya Pradesh / Maharashtra,21.01333,78.5,0.0976895394744467,0.133429432536065,0.2319846105311167,0.2330992814858144,0.3100634500206189,0.2214199961951165,2.374688601159765,1.4003344549465877,1.3301719244791568,0.0023967042873909,436.91545924968966,7.950072132892582,-0.3259290938611177,0.9453942171257822,15.988049880676044,1.624944869983028,0.9922532777060517,0.8067,High Priority,92.8,32.5,0.22,1250.0
GRID_0290,MP-MH Belt,Madhya Pradesh / Maharashtra,21.01333,78.65333,0.0978016192267622,0.0808227596748553,0.2059259967890573,0.3212492325110524,0.3120841173709635,0.2588130615304239,2.105526400183653,1.205823653960462,0.9714673665184864,0.2187565169148477,403.3400851237562,5.102562308369258,0.4759033760529461,0.8794975705830052,6.323777024882929,2.924138463799997,0.9075690747573492,0.7967,High Priority,91.5,32.5,0.22,1250.0
GRID_0291,MP-MH Belt,Madhya Pradesh / Maharashtra,21.01333,78.80667,0.0606032021306586,0.1467657432204502,0.2322581416232995,0.2171466144010371,0.2670516076796239,0.2514356674538472,3.8323768560233873,1.0621028761791191,1.2298159867712015,-0.0336255755955294,382.40570282215606,4.835388745829497,0.8107576041319192,0.5853820182942675,13.66881059427574,3.480938595079946,0.8497103653711408,0.71,Moderate Priority,89.6,32.5,0.22,1250.0
GRID_0292,MP-MH Belt,Madhya Pradesh / Maharashtra,21.01333,78.96,0.068257615146084,0.1329530906109609,0.2101412564344851,0.3307736165419826,0.3040204002849359,0.2485231729992628,3.0786041583871904,1.223303136334499,0.9191164771446392,0.2230150123783584,398.4878681532132,12.547386922348965,0.3423151396016113,0.9395851984783122,18.19408172007803,0.2,0.7164748827909682,0.87,High Priority,93.6,32.5,0.22,1250.0
GRID_0293,MP-MH Belt,Madhya Pradesh / Maharashtra,21.01333,79.11333,0.0798114156348071,0.1128957991106036,0.1682887511159174,0.3569173776459227,0.361201312663731,0.2491010316864303,2.1085535349029665,1.4500135154193017,1.011999760410368,0.3591509257970119,463.5620147182944,5.021679194147646,0.9907763724106672,-0.1355071211145708,10.986348952952683,2.093569592886348,1.6861337089619663,0.6233,Moderate Priority,87.9,32.5,0.22,1250.0
GRID_0294,MP-MH Belt,Madhya Pradesh / Maharashtra,21.01333,79.26667,0.0898569502633041,0.0895912874778169,0.2081911016873873,0.2862909828378611,0.2518301616816786,0.1991383501439389,2.3168912831568083,1.264592665887754,0.8796270129027695,0.1579424728460777,300.72447888059213,13.511542652274008,0.4038037837263373,-0.9148456177127884,4.251212059382064,0.8980593310915677,0.3718740617067069,0.7933,Moderate Priority,90.9,32.5,0.22,1250.0
GRID_0295,MP-MH Belt,Madhya Pradesh / Maharashtra,21.01333,79.42,0.0728017409243278,0.1521930426628882,0.1612749223869222,0.3266000214445246,0.318559043889158,0.2517865897171377,2.215231464355905,1.2651896157671332,0.9753767532024314,0.3388670852660845,376.402008133367,15.725590750480457,-0.8341841280213553,-0.5514860293400469,12.699580913574556,1.9785247627584628,0.1,0.81,High Priority,92.4,32.5,0.22,1250.0
GRID_0296,MP-MH Belt,Madhya Pradesh / Maharashtra,21.01333,79.57333,0.0895930644514878,0.1440784560322692,0.1325345421720181,0.29537147622654,0.2835167056700397,0.1542450914610934,1.4792781528935,1.8380803233614071,0.959861627230943,0.3805427979749877,435.9313791122973,10.670095341308674,-0.9975543052912031,-0.0698956936798326,9.923354462409725,0.2,3.225135316230092,0.4867,Low Priority / Background,86.5,32.5,0.22,1250.0
GRID_0297,MP-MH Belt,Madhya Pradesh / Maharashtra,21.01333,79.72667,0.0719375125570872,0.0882612007100038,0.1407028652335634,0.2935948594632161,0.2533443704323919,0.2525978874381579,1.9558767652015008,1.0029512520890125,0.8629017142666239,0.3520433875010787,159.2192442122609,6.128267451492242,0.3111049033381568,0.9503755779264093,14.777002706048595,3.061791397719096,0.770572704108454,0.75,Moderate Priority,89.9,32.5,0.22,1250.0
GRID_0298,MP-MH Belt,Madhya Pradesh / Maharashtra,21.01333,79.88,0.0768382183795139,0.1002286494600089,0.1893158105213307,0.2518417493965381,0.3482394007901274,0.2384835392920135,2.4637914663093974,1.4602179320468405,1.3827652438856135,0.1417312153862501,319.83661164647395,0.5,0.7601619059516121,-0.6497336967866238,12.02840337145066,8.192133421825595,1.1932921848889546,0.8867,High Priority,92.3,32.5,0.22,1250.0
GRID_0299,MP-MH Belt,Madhya Pradesh / Maharashtra,21.01333,80.03333,0.0525435624224107,0.0867750673500245,0.176003174506129,0.2764264197839683,0.3513635678725233,0.1665486435735277,3.349598253216435,2.109662682750832,1.2710879700252549,0.2219638692547132,470.0261749738829,7.915773870615705,-0.894899315562994,0.4462680976777132,9.246746562891849,1.806900628753184,8.089323076193713,0.9333,High Priority,94.4,32.5,0.22,1250.0
GRID_0300,MP-MH Belt,Madhya Pradesh / Maharashtra,21.01333,80.18667,0.0471186259444948,0.1546999538401176,0.2020639742202412,0.2863144305373462,0.2058786309412092,0.197071543018641,4.288318724309592,1.0446844993609044,0.719062296275209,0.1725102563629268,126.36709716858547,4.837051145582469,-0.8320263301633675,-0.5547361408046884,12.125469251029706,17.72838368881519,2.4779026111056703,0.5267,Moderate Priority,87.5,32.5,0.22,1250.0
GRID_0301,MP-MH Belt,Madhya Pradesh / Maharashtra,21.01333,80.34,0.0828851965866367,0.0854760362052813,0.1701200394980393,0.2032716970328991,0.3103032503965718,0.2526178589856985,2.052453200940659,1.2283455464983275,1.5265367898687845,0.0887849556016013,291.3468730436065,11.008973819308569,0.7914387210973314,-0.6112485179923306,1.5,8.968126358031533,5.056868041146542,0.8467,High Priority,92.9,32.5,0.22,1250.0
GRID_0302,MP-MH Belt,Madhya Pradesh / Maharashtra,21.01333,80.49333,0.0767098612061932,0.1098766356106164,0.1506403648515893,0.2011748636426258,0.2638815830275797,0.1895807020649263,1.9637423238761305,1.3919148322510988,1.3116960367390096,0.143638907753988,464.3836726420391,15.208058402756052,0.4263939882938899,0.9045375430278336,21.719584216385748,2.5147776669135355,0.6018679363133765,0.9667,High Priority,94.1,32.5,0.22,1250.0
GRID_0303,MP-MH Belt,Madhya Pradesh / Maharashtra,21.01333,80.64667,0.0494087623190083,0.1461841719789796,0.1250298260059509,0.2638365751804242,0.2302766580379733,0.2455196258814169,2.5304680722548403,0.9379116610316632,0.8727970528098569,0.3569513637579163,198.5529690819233,11.447169451026571,-0.015250503843259,-0.9998837043039188,16.12128717919206,13.613594879810318,7.445872611251069,0.6267,Moderate Priority,89.7,32.5,0.22,1250.0
GRID_0304,MP-MH Belt,Madhya Pradesh / Maharashtra,21.01333,80.8,0.0781248614117146,0.1303856523547766,0.1683852759820587,0.3304795764607576,0.2956329233031677,0.2212925685473953,2.1553077679961445,1.3359309321267097,0.8945546103471901,0.3249256281723138,324.4069438330247,17.31871182550885,-0.8925091087071275,0.4510293680846168,10.98428231700944,0.7916752741484376,5.368022070837478,0.69,Moderate Priority,89.3,32.5,0.22,1250.0
GRID_0305,MP-MH Belt,Madhya Pradesh / Maharashtra,21.12,78.5,0.0724177919074184,0.1475732727272179,0.1717562047609217,0.255808097076607,0.3647109318531,0.1701403121058081,2.3717076774837413,2.1435765796039714,1.4257152541525149,0.1965825850565027,344.3411511100104,15.485368554071483,-0.0884485453443915,-0.9960807471417472,18.037659226970234,1.966777602199934,0.1201837713681802,0.9133,High Priority,94.5,32.5,0.22,1250.0
GRID_0306,MP-MH Belt,Madhya Pradesh / Maharashtra,21.12,78.65333,0.0563199163206613,0.0805103234725272,0.2374025744468227,0.3731494419639495,0.2711279535450149,0.2274045025207575,4.215175994211079,1.192266460308129,0.7265915380349701,0.2223342836223054,173.5404090722953,15.886053620478002,-0.9399620519148212,0.3412789781983044,6.92710015865122,14.664373762425988,1.533538438344946,0.6167,Moderate Priority,89.6,32.5,0.22,1250.0
GRID_0307,MP-MH Belt,Madhya Pradesh / Maharashtra,21.12,78.80667,0.0869978789773628,0.1012742760505695,0.2388398764552378,0.1851539197528702,0.3086351851702018,0.2191407177981592,2.74532131060429,1.4083817005325778,1.6669024273410775,-0.1266193764227641,277.039753019259,11.626377927728964,-0.3766976669981186,0.9263362605869288,16.66101032350715,1.259490644510413,1.1011128559167522,0.78,High Priority,93.3,32.5,0.22,1250.0
GRID_0308,MP-MH Belt,Madhya Pradesh / Maharashtra,21.12,78.96,0.0727875125036874,0.1133754734851661,0.1392270721171807,0.2141872804841696,0.2752660618693039,0.2308739573930601,1.912761606580812,1.192273362938488,1.2851593058549644,0.212102297806919,234.8131615413226,6.217880789413311,0.1040648808089462,0.9945705106136116,12.651526276910092,5.419387148993198,2.767299488863657,0.6467,Moderate Priority,88.7,32.5,0.22,1250.0
GRID_0309,MP-MH Belt,Madhya Pradesh / Maharashtra,21.12,79.11333,0.0497811468288931,0.0987050266474451,0.1228449304373422,0.3469894411388807,0.3754443072887392,0.1562551444153629,2.467650317684652,2.402749080322412,1.082001873182639,0.4770703192260076,399.1207665411996,8.388867791138562,-0.4457765471384312,0.8951442732997503,10.436580967878186,0.2009434426542708,2.55959476305937,0.9267,High Priority,93.2,32.5,0.22,1250.0
GRID_0310,MP-MH Belt,Madhya Pradesh / Maharashtra,21.12,79.26667,0.0635737065335907,0.0822921942062123,0.1899902870775068,0.1822605073178045,0.3417269524668691,0.1767719387244046,2.988457162238292,1.933140643204636,1.8749266232666943,-0.0207649227648684,339.3778506157989,10.435726798342827,0.599493219812897,-0.8003798344525963,10.976919483050736,18.21005822664992,2.3570946833457835,0.8633,High Priority,93.2,32.5,0.22,1250.0
GRID_0311,MP-MH Belt,Madhya Pradesh / Maharashtra,21.12,79.42,0.0565143508622204,0.1367551091707179,0.1525790403051253,0.360848658281513,0.2674499546913277,0.2059842275331446,2.699780466321439,1.2983938600562652,0.741167266071455,0.4056446757840188,340.0905699758731,7.287307048972172,-0.8690560041368037,0.4947137168845955,10.455097407585171,1.281427847696821,5.09981667652306,0.6767,Moderate Priority,89.3,32.5,0.22,1250.0
GRID_0312,MP-MH Belt,Madhya Pradesh / Maharashtra,21.12,79.57333,0.0958239052101595,0.0876288737018402,0.174007036731147,0.2474908557928458,0.3567239219823391,0.1500229897616022,1.815885299855204,2.37777919750832,1.4413562047913289,0.1743392933292603,415.5040613781789,13.048117847588898,0.3167383052155766,0.9485129656515848,9.349794863457657,3.3916414309481366,1.75076446026831,0.79,High Priority,92.2,32.5,0.22,1250.0
GRID_0313,MP-MH Belt,Madhya Pradesh / Maharashtra,21.12,79.72667,0.0600640707393249,0.1115657852255139,0.1835928704316279,0.2122734716776766,0.3029592580910467,0.2366518795159983,3.05656629005564,1.2801841190804777,1.427205333249249,0.0724500310968555,289.349661178426,12.051568878268162,0.8062361781189711,0.5915938007553111,9.161823817182192,2.62509251776947,3.415465599465454,0.9233,High Priority,93.5,32.5,0.22,1250.0
GRID_0314,MP-MH Belt,Madhya Pradesh / Maharashtra,21.12,79.88,0.0434008259299501,0.0827738163380853,0.167029267553269,0.3194327384275961,0.2348183617321668,0.2169805377507502,3.848438722897321,1.0822043394397272,0.7351082039362964,0.3132889222830682,215.4416599895034,12.35527757605907,-0.6094759456679936,0.7928045608169172,12.04647585708127,1.764035057938895,0.7840699572937685,0.79,High Priority,92.8,32.5,0.22,1250.0
GRID_0315,MP-MH Belt,Madhya Pradesh / Maharashtra,21.12,80.03333,0.0646782383239738,0.0992425268144119,0.2006860611950044,0.3452129369096571,0.321156583564019,0.2389220536699219,3.102789494671871,1.3441841573300195,0.9303117551944784,0.2647497274527257,239.63301714696308,8.511448490525993,-0.9971356366823484,-0.0756341328904348,22.40857401359645,1.577966232167478,0.2541571875118148,0.8767,High Priority,92.3,32.5,0.22,1250.0
GRID_0316,MP-MH Belt,Madhya Pradesh / Maharashtra,21.12,80.18667,0.0995549077292658,0.0924961206344479,0.2386105192756177,0.3754559865132895,0.3428872587034471,0.2191307554498397,2.396748969679425,1.564753853222043,0.9132531049367236,0.2228508526303848,235.83281782606096,14.73756200606221,0.969452937039401,-0.2452773998265617,15.342489917445835,3.1525637222570446,2.897939909028765,0.6167,Moderate Priority,89.5,32.5,0.22,1250.0
GRID_0317,MP-MH Belt,Madhya Pradesh / Maharashtra,21.12,80.34,0.0646714285521694,0.1141989163272214,0.1596341601002501,0.2928463633369072,0.3531034150427209,0.1641834053607575,2.468349552877509,2.1506513622098105,1.205759242696312,0.2944036305057177,368.5175536829914,11.914501888828775,-0.8958796569145361,0.4442967930637054,22.81749522416532,0.2,5.1175230766798965,0.9833,High Priority,94.2,32.5,0.22,1250.0
GRID_0318,MP-MH Belt,Madhya Pradesh / Maharashtra,21.12,80.49333,0.0424083315451219,0.151193070109029,0.2390355296686371,0.2388134924353555,0.2378573401314428,0.2318436036629649,5.636389939660144,1.0259343386625412,0.9959920677587364,-0.0004646588322921,379.54272865648846,12.638498390101615,0.602140210169694,0.7983903602228654,11.623243412064628,0.6731182095832187,11.61142775604107,0.7333,High Priority,91.7,32.5,0.22,1250.0
GRID_0319,MP-MH Belt,Madhya Pradesh / Maharashtra,21.12,80.64667,0.0804303338962002,0.1477509779543162,0.1589195252821821,0.3152967499041209,0.3069635289155475,0.2123780144147536,1.9758409761955944,1.445357159046234,0.9735671409291448,0.3297585997062289,423.56219972457467,18.018095089469767,0.4311024862120238,-0.9023029681774364,19.50780602399817,1.282677220495336,3.5364195084600576,0.7567,High Priority,91.8,32.5,0.22,1250.0
GRID_0320,MP-MH Belt,Madhya Pradesh / Maharashtra,21.12,80.8,0.0539999693589596,0.1300264135963563,0.2096493920554834,0.2237427777813078,0.2107897941550355,0.1557168491593009,3.882326457176817,1.353664947808234,0.9421034910792744,0.0325187075078541,273.41399099136976,14.827990343468022,0.278971926261667,0.9602992577097282,15.952621156602865,6.6241388747645065,1.2525461727966518,0.79,Moderate Priority,90.1,32.5,0.22,1250.0
GRID_0321,MP-MH Belt,Madhya Pradesh / Maharashtra,21.22667,78.5,0.0687117021951713,0.1543087639876452,0.1598365805683014,0.2730673867878972,0.2024628346569226,0.1497918464005806,2.326157689364364,1.3516188491103929,0.7414363743767357,0.2615604226283416,242.9147581315561,18.60138589212876,-0.2979126147964577,-0.9545931457668956,10.724944484173534,5.45060929574356,10.08328225769852,0.2733,Low Priority / Background,83.5,32.5,0.22,1250.0
GRID_0322,MP-MH Belt,Madhya Pradesh / Maharashtra,21.22667,78.65333,0.0430250064161325,0.1512307456684213,0.189225744157345,0.2927839133511247,0.2900501363373968,0.148327290308502,4.397938826281471,1.95546065915095,0.9906594332937908,0.2148462229633585,262.9743776482775,10.883369876159598,0.8410854094795642,-0.540902333106998,9.213117509975984,12.460748078922748,1.5656118743212384,0.6133,Moderate Priority,88.8,32.5,0.22,1250.0
GRID_0323,MP-MH Belt,Madhya Pradesh / Maharashtra,21.22667,78.80667,0.0485968875221584,0.1371775066801628,0.1552024105729211,0.2850940614711786,0.3256099013909306,0.2480316933442484,3.193604053306963,1.312770090913021,1.1421099324228308,0.2950088500286635,413.8660168643103,14.761532462892175,-0.9038433212374352,-0.427863588839343,13.306078588710614,0.2,0.9521754429729936,0.9833,High Priority,95.0,32.5,0.22,1250.0
GRID_0324,MP-MH Belt,Madhya Pradesh / Maharashtra,21.22667,78.96,0.0530734827776046,0.1329467668091198,0.1960453919718635,0.2986922765409447,0.2029238197777016,0.2274533665340777,3.693778661835344,0.8921517879380838,0.6793719032704273,0.2074769794680479,375.2589927379091,15.242644471777558,-0.34805234895281,-0.9374750996098145,6.526436530312671,2.098308970011672,0.4336080821256972,0.7367,Moderate Priority,91.0,32.5,0.22,1250.0
GRID_0325,MP-MH Belt,Madhya Pradesh / Maharashtra,21.22667,79.11333,0.0456651338596288,0.1465214666489779,0.2302077050497869,0.3099576093528599,0.218618140674887,0.1882432660265889,5.04110345223032,1.161353518433374,0.7053139808935265,0.1476395365217579,438.1407528923571,13.245109131455116,0.6763452513995668,0.7365847547358394,6.214942160106617,0.2,2.3315396570407483,0.68,Moderate Priority,90.7,32.5,0.22,1250.0
GRID_0326,MP-MH Belt,Madhya Pradesh / Maharashtra,21.22667,79.26667,0.0910690441255589,0.156610531701807,0.1878893940735947,0.2828922655479788,0.2153101493880634,0.2058647361851119,2.0631305922565524,1.045876566824404,0.761100300394202,0.2017977288091914,274.2143803994124,16.38208159640904,0.643569616604682,-0.7653875806304298,4.4670891480786725,1.3741525333169735,0.2993458983147633,0.66,Moderate Priority,89.3,32.5,0.22,1250.0
GRID_0327,MP-MH Belt,Madhya Pradesh / Maharashtra,21.22667,79.42,0.0588951066753337,0.0877315867430201,0.141227634098878,0.3774672317159092,0.2799386402431914,0.2038246119806019,2.397911204511342,1.373422297242179,0.7416217226298379,0.455449162383311,477.69653860881874,11.521105664957688,0.8854036146201395,-0.4648230192423688,9.093707145619216,5.581447001277347,3.438920623069308,0.4533,Low Priority / Background,86.6,32.5,0.22,1250.0
GRID_0328,MP-MH Belt,Madhya Pradesh / Maharashtra,21.22667,79.57333,0.058914366078967,0.0906567939309302,0.195887550775861,0.2056651724377529,0.3041286514812794,0.2232106553667571,3.324897455670625,1.3625124144237375,1.4787490226343725,0.0243494732999661,186.7397254312677,14.660760891623646,-0.7165528794583298,0.6975327740973727,18.91836999014607,3.4653258392632806,3.930770010972332,0.98,High Priority,94.2,32.5,0.22,1250.0
GRID_0329,MP-MH Belt,Madhya Pradesh / Maharashtra,21.22667,79.72667,0.0771503641219502,0.0949311951838146,0.1230827573843289,0.2369082771353867,0.2797460671407715,0.2140527133314387,1.5953412980459656,1.3068965858471948,1.1808151648738718,0.3161889954118523,313.85372333060144,11.874007171456537,0.7095452095045303,0.7046599149016298,29.328117955412694,3.8976056681816296,0.2698796726889159,0.8867,High Priority,93.2,32.5,0.22,1250.0
GRID_0330,MP-MH Belt,Madhya Pradesh / Maharashtra,21.22667,79.88,0.0434216148402171,0.0884386741968828,0.1902705220647135,0.2888689775268642,0.2420733425666139,0.216532897021471,4.381830130793706,1.1179466397476352,0.8380010433728847,0.2057819273181804,285.78053474657287,18.86888921823009,0.9998944956504552,-0.0145257553305133,13.883187805537418,1.8391915821910128,2.8529408222333967,0.88,High Priority,92.2,32.5,0.22,1250.0
GRID_0331,MP-MH Belt,Madhya Pradesh / Maharashtra,21.22667,80.03333,0.0938761176066242,0.1447939536242319,0.18997562629195,0.3260443435514498,0.2656680446374038,0.2169158633718509,2.0236627533453886,1.2247459257327582,0.8148193185144553,0.2636883483645896,213.4175844584561,9.329638106047163,-0.9543747767726416,-0.2986114288840445,1.8474915000771224,12.114686572842846,0.1,0.4633,Low Priority / Background,86.5,32.5,0.22,1250.0
GRID_0332,MP-MH Belt,Madhya Pradesh / Maharashtra,21.22667,80.18667,0.0589463890749697,0.0845505118222117,0.2119832779465952,0.3204214908227585,0.259643399372537,0.2210795482648487,3.596143633723849,1.174428964512477,0.8103157762298235,0.2036758788824098,430.8924722279011,16.41652637331065,0.2839129512452875,-0.958850059245548,10.525727982991103,2.657520859413309,8.187664414602812,0.6433,Moderate Priority,89.5,32.5,0.22,1250.0
GRID_0333,MP-MH Belt,Madhya Pradesh / Maharashtra,21.22667,80.34,0.055052745993442,0.0896357871997252,0.1901451735911349,0.3738643624568358,0.2680110584708936,0.1474444116354538,3.4538099117503287,1.817696837752592,0.7168651749647884,0.3257371575946499,357.857702971915,0.5,0.8507403218585063,0.5255862486443924,1.61025567449159,2.5599996218896064,0.3669984628342045,0.77,High Priority,92.2,32.5,0.22,1250.0
GRID_0334,MP-MH Belt,Madhya Pradesh / Maharashtra,21.22667,80.49333,0.0929964160855734,0.1131860524417081,0.1664729293709809,0.3119380545860948,0.2795660157676022,0.2177880162569415,1.7900812342764183,1.2836552576084823,0.8962199880311632,0.3040582805052922,281.40019582805786,10.776370523153904,-0.2816091215877326,0.9595292088511874,17.065177934889906,0.821027132820909,1.946909715293784,0.5233,Low Priority / Background,87.4,32.5,0.22,1250.0
GRID_0335,MP-MH Belt,Madhya Pradesh / Maharashtra,21.22667,80.64667,0.0761084040367268,0.1265389317936949,0.1681754134906851,0.2476168818732522,0.2228283240590754,0.1870090940674734,2.209653532558626,1.191530998207395,0.899887852902054,0.1910600032957077,400.5965553455865,6.722775089170241,0.9667303085568084,0.255797792245473,14.484749778331876,4.522178070501361,6.165138110623012,0.03,Low Priority / Background,80.2,32.5,0.22,1250.0
GRID_0336,MP-MH Belt,Madhya Pradesh / Maharashtra,21.22667,80.8,0.0746188967450609,0.1076384682978756,0.2163614257831584,0.2880557786374842,0.2142704512336145,0.2079020672375896,2.89951387258492,1.0306266957992896,0.7438479741637019,0.1421327625093773,281.8944839385321,9.080671000141734,0.9579363256386212,-0.2869808286662676,18.823515985284324,0.7743265081481421,0.4926629736749003,0.7067,Moderate Priority,90.5,32.5,0.22,1250.0
GRID_0337,MP-MH Belt,Madhya Pradesh / Maharashtra,21.33333,78.5,0.0659662890605091,0.1276543859329223,0.1296738486203522,0.3679137178050331,0.3359240511401352,0.2103948701940395,1.9657295375804755,1.5966285404286986,0.9130486900449292,0.4787888734987757,577.1449745422797,8.180211595672175,-0.880352824849382,0.4743194111352741,9.759621418884564,14.140944351988985,0.3983521864566791,0.7633,Moderate Priority,90.2,32.5,0.22,1250.0
GRID_0338,MP-MH Belt,Madhya Pradesh / Maharashtra,21.33333,78.65333,0.0925080171172691,0.1576752199683694,0.141258422786715,0.3244132128407571,0.2072513933800397,0.1886507390166986,1.5269692316333738,1.098592541263003,0.638848068847624,0.3933123315421991,439.8648458684901,21.85092073014222,-0.3917364662318555,0.9200774646866308,17.190469298753953,5.577531266739928,1.9691612722719527,0.2567,Low Priority / Background,84.0,32.5,0.22,1250.0
GRID_0339,MP-MH Belt,Madhya Pradesh / Maharashtra,21.33333,78.80667,0.0885805021759533,0.1560426256763527,0.1226479378418749,0.3765042544512077,0.2155037850314624,0.2377264135122513,1.384577308231394,0.9065163409114212,0.5723792230883465,0.5085739619196479,282.5065981209448,8.18615804920736,0.3689677478583951,-0.9294421988700016,6.41188140946365,0.2805528589407426,2.744833462843609,0.44,Low Priority / Background,86.1,32.5,0.22,1250.0
GRID_0340,MP-MH Belt,Madhya Pradesh / Maharashtra,21.33333,78.96,0.0941441965666405,0.1106572292757801,0.1459599333156992,0.2685154691865631,0.2087052879887805,0.2384585101376329,1.5503704770787936,0.8752231683622976,0.7772532113990142,0.2956876076200621,502.9296550839533,11.466283834665662,0.7974044968359115,-0.603445166047311,21.25008690544138,8.041776604383907,2.426933786831172,0.2,Low Priority / Background,82.3,32.5,0.22,1250.0
GRID_0341,MP-MH Belt,Madhya Pradesh / Maharashtra,21.33333,79.11333,0.0895559385130009,0.1305167034066416,0.2141286567855356,0.299712598643552,0.2745453922788199,0.2549535031911365,2.3909778554394268,1.07684072586471,0.9160258110454824,0.1665568390955875,577.2434720446881,14.000667050259514,0.9828567621522416,0.1843707815561122,20.61756639645596,1.0218445033475796,0.1843087260862396,0.8333,High Priority,92.5,32.5,0.22,1250.0
GRID_0342,MP-MH Belt,Madhya Pradesh / Maharashtra,21.33333,79.26667,0.0762615591828862,0.1410953815480256,0.1828081645106409,0.2253545250639291,0.3199739558047463,0.1496126871931523,2.397089298724506,2.1386676701019858,1.4198629286500772,0.1042384750040708,543.5320336598404,4.526533752422054,0.9163994681644386,0.4002649306995731,12.73899855324859,1.13007553366833,1.466737719275184,0.8133,High Priority,93.0,32.5,0.22,1250.0
GRID_0343,MP-MH Belt,Madhya Pradesh / Maharashtra,21.33333,79.42,0.0430690123372238,0.1118234752743278,0.1814048936537641,0.276658856993265,0.2689011380725473,0.2406975929684903,4.211860731160795,1.1171695470099778,0.971955747374992,0.2079486867412348,351.88190497405986,4.727555437070972,0.3800198158832787,0.924978345441686,14.75913923010833,4.17376599720744,6.312026902292862,0.6667,Moderate Priority,88.8,32.5,0.22,1250.0
GRID_0344,MP-MH Belt,Madhya Pradesh / Maharashtra,21.33333,79.57333,0.0734724205396044,0.156783281632388,0.1258433818079915,0.1996015369561482,0.2079318550826686,0.1622332220400248,1.7127742370475072,1.2816769018769034,1.041729520343473,0.2266372103489531,276.5441903134529,19.46652896377774,0.2825198817877556,0.9592614431919134,17.57838241470592,14.591161503671442,5.538622445327623,0.4667,Low Priority / Background,85.9,32.5,0.22,1250.0
GRID_0345,MP-MH Belt,Madhya Pradesh / Maharashtra,21.33333,79.72667,0.0577967489294255,0.0861750024181174,0.1403864487862868,0.2053888827509945,0.2221910802738104,0.2022274026398881,2.428925890482463,1.0987135208176977,1.0818014855346352,0.1879898305234323,278.2983850872064,4.219370804350138,-0.0658921601733687,0.9978267501062932,15.914961740551943,0.7690002775422554,1.4444776032810869,0.82,High Priority,91.7,32.5,0.22,1250.0
GRID_0346,MP-MH Belt,Madhya Pradesh / Maharashtra,21.33333,79.88,0.0732839081969412,0.086140644951099,0.1205024932353549,0.3140868667593834,0.3155275130242583,0.1892946571999534,1.644301619530233,1.666850247340677,1.0045835780914705,0.4454410206576424,363.1020762078698,0.5,0.1502569270270281,0.9886469824362965,12.059372794732376,2.0426360042939256,0.5846970873141253,0.83,High Priority,91.8,32.5,0.22,1250.0
GRID_0347,MP-MH Belt,Madhya Pradesh / Maharashtra,21.33333,80.03333,0.0459054513460821,0.1565376347111479,0.1919231670050598,0.3257312568473205,0.2567654737879011,0.1871776555392818,4.180745001572409,1.3717668451465912,0.7882715585894647,0.2584887237275788,317.2982682390229,9.039444492923028,0.902219708062648,0.4312767074435507,17.724485331676544,3.958530795843908,1.9335846523724136,0.5467,Moderate Priority,88.5,32.5,0.22,1250.0
GRID_0348,MP-MH Belt,Madhya Pradesh / Maharashtra,21.33333,80.18667,0.0953460570193674,0.0858187958222934,0.1536720975885499,0.2499875707141428,0.3408366461983018,0.2591017544194365,1.6117130658509482,1.3154497217214225,1.36340891595417,0.2386050479740297,454.0188564792752,12.262217012979656,-0.8744149131261273,0.4851788945354354,11.910239278511256,1.2722513987642767,1.5291416269571294,0.8433,High Priority,93.3,32.5,0.22,1250.0
GRID_0349,MP-MH Belt,Madhya Pradesh / Maharashtra,21.33333,80.34,0.0645803721575511,0.1582576534821246,0.1417070281654678,0.3398315942209564,0.2601546885511598,0.2277044414931392,2.1942399709278826,1.1425053650243937,0.7655377764676962,0.4114398002673565,521.2040284017893,2.135635705772823,-0.8682833433388026,0.4960685796141407,16.03834315624854,0.3073419293196108,3.533458928177468,0.4533,Low Priority / Background,86.0,32.5,0.22,1250.0
GRID_0350,MP-MH Belt,Madhya Pradesh / Maharashtra,21.33333,80.49333,0.0483992426033057,0.1132654854414728,0.1858306098065626,0.2605478969493661,0.2935301016445413,0.2595831570558343,3.8394561640868767,1.1307704791144308,1.1265835514229203,0.1673851196391446,378.2002625016856,11.793021052860457,0.6079254765896583,-0.7939940899737459,9.029615271238104,0.7136380217502092,0.5185519910209594,0.9667,High Priority,94.8,32.5,0.22,1250.0
GRID_0351,MP-MH Belt,Madhya Pradesh / Maharashtra,21.33333,80.64667,0.096956386374737,0.1503681197369409,0.2288450352498026,0.3783065551654773,0.2374967702015332,0.1826527204836874,2.3602640686427363,1.3002569538283444,0.6277875420638869,0.2461679687695083,330.2062271015318,19.305578521735985,0.4905960840923671,-0.8713871024253429,20.856199497411097,4.285316942396236,0.5282712349255326,0.4633,Moderate Priority,87.8,32.5,0.22,1250.0
GRID_0352,MP-MH Belt,Madhya Pradesh / Maharashtra,21.33333,80.8,0.0683043902511063,0.1242777420967879,0.1884344326477668,0.2220214385824703,0.3336088506054116,0.1430238913785283,2.758705161555164,2.3325230132319104,1.502590696397078,0.0818283437040175,176.74559756456463,15.421034979971669,-0.3907544492157029,-0.9204949540427328,10.25540772604574,1.5133859130711893,3.561869421343417,0.85,High Priority,93.2,32.5,0.22,1250.0
GRID_0353,MP-MH Belt,Madhya Pradesh / Maharashtra,21.44,78.5,0.0740434566493644,0.1436994887565109,0.2082030223427788,0.3020215844072469,0.2878719815559465,0.1559818550801028,2.811865084360316,1.8455360456642105,0.953147202951486,0.1838766240331653,296.8545448640785,2.944632585855449,-0.5842177001613217,-0.8115969928592738,2.91554969283251,0.2,2.0569613106592066,0.4667,Low Priority / Background,86.0,32.5,0.22,1250.0
GRID_0354,MP-MH Belt,Madhya Pradesh / Maharashtra,21.44,78.65333,0.0571375593137345,0.1387686640568428,0.122873551832458,0.2969655622611581,0.3694653627510917,0.1609291120533799,2.1504488966511706,2.295812499207988,1.2441311908583728,0.4146626408115948,361.9556924598485,5.9895167495196215,-0.7101299378740419,-0.704070643710565,13.6289594962359,3.998449535949602,1.5695324051138009,0.9167,High Priority,93.2,32.5,0.22,1250.0
GRID_0355,MP-MH Belt,Madhya Pradesh / Maharashtra,21.44,78.80667,0.0712826212884244,0.1517259726775208,0.143555316277328,0.1845129023410694,0.3550996792458382,0.2092540498865487,2.013861160286473,1.696970655849699,1.924514493165101,0.1248443430207401,372.43396567780826,14.068078996425914,-0.9294034094546584,0.3690654447304118,23.35278841698733,12.2116195243503,2.54675826928442,0.8233,High Priority,93.8,32.5,0.22,1250.0
GRID_0356,MP-MH Belt,Madhya Pradesh / Maharashtra,21.44,78.96,0.0508471090337427,0.1015038092024158,0.1438373492276886,0.2293714055191466,0.2551547808831865,0.2066160544103826,2.8287649621785995,1.23491636066207,1.1124039977942677,0.22918494279304,306.12540799517063,2.9981348815694187,-0.6632927236112196,-0.7483600489098882,25.176478954143576,0.4254747576855111,0.2756493589590451,0.9467,High Priority,94.2,32.5,0.22,1250.0
GRID_0357,MP-MH Belt,Madhya Pradesh / Maharashtra,21.44,79.11333,0.0503097676214595,0.1214461998432275,0.1456793614437976,0.2366568806985154,0.2720563105111389,0.2374239348812455,2.8955901158156783,1.145862420251753,1.149576383039272,0.2379509742366512,456.8379333694016,12.718544003148333,-0.410065380028231,0.91205612990775,13.3558712557159,4.157343152448335,3.263259225306469,0.8433,High Priority,93.2,32.5,0.22,1250.0
GRID_0358,MP-MH Belt,Madhya Pradesh / Maharashtra,21.44,79.26667,0.0807439962697382,0.1545392322653206,0.2396339300894003,0.324031492186188,0.2516998176569271,0.2455702882753212,2.9677867503872903,1.0249562130192311,0.7767733907138586,0.1497296251142026,449.94190326779113,8.755138588773491,0.9830455558135792,0.183361487764391,16.70534825127509,0.7432268527692112,5.879364930924753,0.5367,Moderate Priority,87.8,32.5,0.22,1250.0
GRID_0359,MP-MH Belt,Madhya Pradesh / Maharashtra,21.44,79.42,0.0700034955514652,0.1339914562443324,0.1486879660890035,0.3316080842022433,0.3368009980931777,0.177511762988996,2.123977394847344,1.897333985579708,1.015656729982005,0.3808478898679869,215.0423788448468,8.131538044426279,-0.1467396522619838,0.9891751485222584,17.358202834468532,1.8076158425404136,4.568279826762268,0.66,Moderate Priority,89.8,32.5,0.22,1250.0
GRID_0360,MP-MH Belt,Madhya Pradesh / Maharashtra,21.44,79.57333,0.0859515186330845,0.1353324521493233,0.235876677032016,0.2587110672212631,0.2235291182461563,0.2206050631092873,2.744267192901352,1.0132501124206226,0.8640073137948504,0.0461684388384576,368.7538784413962,12.389934710280734,0.9634176552514884,0.2680045177785709,23.73499004540608,3.51049506125729,1.1227267769401574,0.5433,Low Priority / Background,87.3,32.5,0.22,1250.0
GRID_0361,MP-MH Belt,Madhya Pradesh / Maharashtra,21.44,79.72667,0.0656479916900013,0.1316174860675731,0.2094257691229001,0.2264449381802686,0.2729585649164516,0.1722993885189955,3.1900835600312294,1.5842016797678833,1.2054027866870165,0.039046280756945,409.6441137581753,7.145713685397686,-0.5397853810830375,0.8418026742467857,22.04859185224221,11.364902787360888,5.614828691697516,0.66,Low Priority / Background,87.4,32.5,0.22,1250.0
GRID_0362,MP-MH Belt,Madhya Pradesh / Maharashtra,21.44,79.88,0.0509688033123535,0.1565033505210689,0.1652011728515355,0.2478481322347672,0.2112376389100004,0.1983408384925859,3.2411577466592982,1.0650180542613883,0.8522831490485603,0.2000893314095568,280.7245142301957,8.685961545191384,0.9128388534627818,-0.4083200063782742,11.275798518083338,8.272864815043215,6.250075217260761,0.5167,Low Priority / Background,87.1,32.5,0.22,1250.0
GRID_0363,MP-MH Belt,Madhya Pradesh / Maharashtra,21.44,80.03333,0.0581479790476881,0.1486958496995659,0.2228677124843749,0.3329301900769747,0.2264051205227326,0.2228387416280874,3.8327020720621823,1.015999744339121,0.6800357769735756,0.1980257195280283,364.9363482271189,11.638631332245977,0.8713674276720753,-0.4906310283626084,27.324102779498684,3.572573327067221,0.3833396929017659,0.6033,Moderate Priority,89.5,32.5,0.22,1250.0
GRID_0364,MP-MH Belt,Madhya Pradesh / Maharashtra,21.44,80.18667,0.0587238426791212,0.1441916824442906,0.223370165531462,0.207460006543114,0.3714296154317704,0.1794587141418331,3.8036741409760815,2.06971028126244,1.7903586877401023,-0.036928987546876,350.8828138267395,15.41371533492666,-0.9252054501599318,0.3794665663722668,18.652542398536248,14.570733988268428,1.1259116621971268,0.8233,High Priority,93.2,32.5,0.22,1250.0
GRID_0365,MP-MH Belt,Madhya Pradesh / Maharashtra,21.44,80.34,0.0915103872730932,0.0905349522748965,0.2046049087624311,0.3283955459027972,0.3219901834162377,0.1702777683362183,2.235840968641837,1.890959081759756,0.9804919918723636,0.2322519686519757,343.5311394967481,10.32793344106982,0.3306548156900305,0.9437517644280152,12.777637231750411,9.455623958741024,1.450590380753512,0.6367,Moderate Priority,88.7,32.5,0.22,1250.0
GRID_0366,MP-MH Belt,Madhya Pradesh / Maharashtra,21.44,80.49333,0.0500967153104627,0.1469153753975896,0.1858691557968086,0.2178391584780709,0.3296691197455602,0.20133363661874,3.71013238118646,1.637418803252629,1.5133532864131964,0.0791906491894672,530.651621066201,6.129132870598758,-0.8801856453839398,0.4746295709920077,27.768611549286707,8.846939419221181,3.707307188211329,0.9133,High Priority,94.1,32.5,0.22,1250.0
GRID_0367,MP-MH Belt,Madhya Pradesh / Maharashtra,21.44,80.64667,0.0463240826437877,0.1471083089523255,0.2005215576639492,0.3194048332008599,0.2653369112726969,0.2455135467388408,4.328574202572727,1.080738045045215,0.8307203053046264,0.2286536113036263,292.82539580439385,11.496733796458887,0.5475618742564952,-0.8367651963727425,14.436347764419724,4.989890319927591,0.9464314296780064,0.8367,High Priority,92.7,32.5,0.22,1250.0
GRID_0368,MP-MH Belt,Madhya Pradesh / Maharashtra,21.44,80.8,0.0549275073243506,0.1553646575590876,0.1557926945080947,0.3351010593437998,0.2707619236772742,0.1567104884941645,2.836281233497665,1.7277732875809977,0.8079983877374043,0.3652684479284604,368.7295549823218,10.107527936438348,-0.1515993967110841,0.9884420179842798,12.414973940507997,2.303326388933802,1.3257291576902996,0.5767,Moderate Priority,88.3,32.5,0.22,1250.0
GRID_0369,MP-MH Belt,Madhya Pradesh / Maharashtra,21.54667,78.5,0.0606454970709665,0.1216435069843886,0.1728797860109152,0.3559829253454029,0.2909937425102282,0.2009309405826282,2.8506145343995217,1.448220435568651,0.817435063192485,0.3462198963602613,331.8550930752483,9.521483488609082,-0.854754736007282,-0.5190321196931088,4.679433209199242,2.742570250984601,4.612243806755168,0.0467,Low Priority / Background,80.7,32.5,0.22,1250.0
GRID_0370,MP-MH Belt,Madhya Pradesh / Maharashtra,21.54667,78.65333,0.0517427584059789,0.1456202655155911,0.1978496536674021,0.2637939547559049,0.2824451509850963,0.1707976648623315,3.823642884907658,1.6536730612780557,1.0706995941087991,0.1428464664923256,524.5871336135157,10.379457222590052,0.9025279052669092,-0.4306313739319571,23.90741947212372,4.532322288144664,16.371553891901463,0.7133,Moderate Priority,88.8,32.5,0.22,1250.0
GRID_0371,MP-MH Belt,Madhya Pradesh / Maharashtra,21.54667,78.80667,0.0661157367793932,0.1536553120622895,0.1614020207909479,0.1909465413849971,0.2367635791463172,0.1902434171993221,2.4411673753574075,1.2445231383492124,1.239940443479938,0.083850027829171,278.53193230095684,12.345759572562166,0.6862105864128382,0.7274029358580764,14.89651684105518,13.211871371146206,1.6891781908639734,0.5567,Moderate Priority,89.5,32.5,0.22,1250.0
GRID_0372,MP-MH Belt,Madhya Pradesh / Maharashtra,21.54667,78.96,0.0471484403197628,0.1209914256585685,0.1618598288950356,0.2549649848699995,0.3118395123480273,0.2262461735914643,3.432910927411186,1.3783134056344837,1.2230631960848666,0.2233670586137146,321.1607799699701,9.520804525687538,-0.9462850702123142,0.3233335211407496,11.277245089015498,2.087013768734169,1.7619507229092066,0.95,High Priority,93.7,32.5,0.22,1250.0
GRID_0373,MP-MH Belt,Madhya Pradesh / Maharashtra,21.54667,79.11333,0.0805352064140463,0.1207115256055904,0.2233734823225588,0.3532071350091513,0.2017839251884076,0.2333655567779839,2.7735783974498247,0.8646651344321681,0.5712890083439885,0.2251782727438195,377.7358461964676,9.89974459367329,0.1051611761651306,-0.9944551910606964,15.489643597468676,24.227070263269304,5.845884280757832,0.0067,Low Priority / Background,80.0,32.5,0.22,1250.0
GRID_0374,MP-MH Belt,Madhya Pradesh / Maharashtra,21.54667,79.26667,0.0458420136274732,0.1365097597447996,0.1614695503044975,0.1813964523760696,0.2726265744248599,0.1681705306069965,3.5222280894668416,1.6211220379623377,1.5029239432737782,0.0581184596819805,187.44006333405483,7.635750086633743,-0.8836959579449915,0.4680613783593814,20.179295234781986,0.2,1.1037240408478273,0.9633,High Priority,94.3,32.5,0.22,1250.0
GRID_0375,MP-MH Belt,Madhya Pradesh / Maharashtra,21.54667,79.42,0.0544699128584657,0.0986853888854888,0.1281823943718555,0.2174248540821003,0.2999989225794116,0.1749633287405293,2.3532264771276687,1.7146290603286771,1.3797757577906606,0.2582185468936638,166.88551216616497,4.472002759304068,-0.7030748972037705,0.7111158055632765,13.904492929986546,2.0035517767770354,0.338836641589293,0.9433,High Priority,93.7,32.5,0.22,1250.0
GRID_0376,MP-MH Belt,Madhya Pradesh / Maharashtra,21.54667,79.57333,0.0972041727629257,0.0848181555920238,0.1557180333081936,0.2396132402340008,0.2576722315052387,0.1597144211926891,1.6019521274652258,1.6133209278167904,1.0753627633048977,0.212214414406652,441.601031979109,8.268420096221206,-0.7497230958973734,-0.6617516750851923,15.73179290539028,0.6610671744528562,0.2194404394839402,0.7433,High Priority,91.5,32.5,0.22,1250.0
GRID_0377,MP-MH Belt,Madhya Pradesh / Maharashtra,21.54667,79.72667,0.0945657702211525,0.0952103013054964,0.2185500185471645,0.2889261742214272,0.2140141735295785,0.2546537829725681,2.3110656950223247,0.8404090079573827,0.7407201281993745,0.1386784601891538,408.6165800392784,8.144137818025838,0.8726801686834055,0.4882922518192388,23.4191986175598,13.651135311510124,7.19735856046441,0.4733,Low Priority / Background,86.7,32.5,0.22,1250.0
GRID_0378,MP-MH Belt,Madhya Pradesh / Maharashtra,21.54667,79.88,0.0891774921728587,0.1510553079729043,0.1439063623004491,0.2368368591423457,0.2520143344857905,0.1852464717202038,1.6136891171192822,1.360419832700501,1.0640796002733808,0.2440759218609939,356.86370484277154,14.197346237555106,0.843922884037998,0.5364645056264092,1.5,5.87606292773439,0.5502059622431361,0.61,Moderate Priority,89.3,32.5,0.22,1250.0
GRID_0379,MP-MH Belt,Madhya Pradesh / Maharashtra,21.54667,80.03333,0.0586185089262728,0.1202676104484923,0.2155728673828172,0.3278938466477454,0.316196184153894,0.1586927912696204,3.677493573921754,1.992492470084588,0.964321908034074,0.2066746126129797,264.3501762590801,10.439516695367509,0.6965299021506719,-0.7175277662989603,10.978975028676206,1.600944361885238,9.34689167480742,0.7867,High Priority,91.6,32.5,0.22,1250.0
GRID_0380,MP-MH Belt,Madhya Pradesh / Maharashtra,21.54667,80.18667,0.0972179564697813,0.1081861643402031,0.1251720130737988,0.2158189878656363,0.2705992028180372,0.2537335637563075,1.2875268118384522,1.0664656750427068,1.253819006729372,0.2658331413701917,340.5376207350712,11.815610131485627,0.6310240312165877,0.7757632835003001,10.70384087038735,19.884828678910107,1.4419393871508994,0.6633,Moderate Priority,89.8,32.5,0.22,1250.0
GRID_0381,MP-MH Belt,Madhya Pradesh / Maharashtra,21.54667,80.34,0.0865140723339433,0.1074072866248905,0.195320265259057,0.2184032169480073,0.2262837834734532,0.2525676967481757,2.2576443617261472,0.8959296476042322,1.036077904701454,0.0557930523371772,468.18910929599616,12.16408641737003,0.4202963274057533,0.9073869059939292,6.503628781642833,5.048137477576721,1.319972957647133,0.55,Low Priority / Background,87.2,32.5,0.22,1250.0
GRID_0382,MP-MH Belt,Madhya Pradesh / Maharashtra,21.54667,80.49333,0.0489104068986208,0.1277173660330835,0.2177260704802897,0.2564246988919946,0.2238083687177267,0.1636025836775387,4.451437492517292,1.3679918476532338,0.872800073022298,0.0816165432914799,239.20169579570924,6.484164819296237,-0.7815882544560363,-0.6237946781564958,7.850046117087423,4.593286205970265,3.5729709438342683,0.5867,Moderate Priority,87.8,32.5,0.22,1250.0
GRID_0383,MP-MH Belt,Madhya Pradesh / Maharashtra,21.54667,80.64667,0.0617501190718907,0.1459198121503983,0.1444905193386912,0.2738081495036308,0.3441689698774575,0.1616190377279143,2.339885033831938,2.1294944285117814,1.256966651776893,0.3091506874075146,479.6063061781396,5.017794324388968,0.1585974664598524,0.987343326119398,7.340282977782506,0.2867731550269619,2.82338566942299,0.82,High Priority,93.7,32.5,0.22,1250.0
GRID_0384,MP-MH Belt,Madhya Pradesh / Maharashtra,21.54667,80.8,0.0544482289643903,0.1109445793641504,0.1296696974743816,0.209432650218989,0.2536359023892519,0.1507711400672188,2.381479039109721,1.6822464831776824,1.2110561131128823,0.2352172377157772,464.7061377840431,5.224179107298332,0.935045690279566,-0.3545272303922651,13.727210143225973,13.022476861313056,0.5291182500372167,0.83,High Priority,91.7,32.5,0.22,1250.0
GRID_0385,MP-MH Belt,Madhya Pradesh / Maharashtra,21.65333,78.5,0.0979499391830999,0.0964635501591537,0.2089879330160195,0.2893354529794623,0.3592061709674167,0.2064791906603757,2.1335980518303943,1.7396640802131418,1.2414825967086625,0.1612353764364469,210.9778074846537,10.709926476821964,0.8646483034470982,0.5023776580880711,12.522547268307695,2.3267305016637416,4.279145606679618,0.8167,High Priority,91.5,32.5,0.22,1250.0
GRID_0386,MP-MH Belt,Madhya Pradesh / Maharashtra,21.65333,78.65333,0.0603294089453684,0.1561649957311202,0.208551332279856,0.299485848514684,0.3585611288980554,0.1459527090019379,3.4568194700736647,2.456677061172146,1.1972516678991163,0.1789915003880457,409.5702250175515,8.918522931551433,0.9895566911238513,0.1441442161587305,3.980793999957616,6.811037704843597,7.547633137872879,0.6667,Moderate Priority,90.4,32.5,0.22,1250.0
GRID_0387,MP-MH Belt,Madhya Pradesh / Maharashtra,21.65333,78.80667,0.0654262071958554,0.1073706080089516,0.2353860878565079,0.2689704865655081,0.288028712080871,0.1821979846810286,3.5976789770635187,1.5808469656684194,1.0708522147038864,0.0665884689993746,364.3048769878952,13.82325394832296,-0.9970756695571864,0.0764206070185816,10.753247764790943,2.843106479415647,5.660950091509204,0.4933,Low Priority / Background,86.0,32.5,0.22,1250.0
GRID_0388,MP-MH Belt,Madhya Pradesh / Maharashtra,21.65333,78.96,0.0617953211005486,0.1435148106761481,0.2329190787089324,0.3046420746136014,0.33349291174134,0.2366116774449362,3.7691415048794,1.409446507019682,1.094700452863833,0.1334227037029439,456.687008837604,8.503042687465724,0.3165571858452468,0.9485734278851258,20.562185844148647,2.569788210734281,3.360331246953585,0.7633,Moderate Priority,89.6,32.5,0.22,1250.0
GRID_0389,MP-MH Belt,Madhya Pradesh / Maharashtra,21.65333,79.11333,0.0670210231468475,0.1399170520688318,0.1628378915362396,0.3069488282208059,0.2335555648737154,0.2299243323973948,2.4296176673070016,1.0157887451481258,0.7608916617659941,0.306757564372041,208.4732808075813,10.983403190849256,0.9655270676051124,-0.2603026732899081,13.300937729918108,1.216931809890208,10.258498681576224,0.4233,Low Priority / Background,85.0,32.5,0.22,1250.0
GRID_0390,MP-MH Belt,Madhya Pradesh / Maharashtra,21.65333,79.26667,0.0829075011890132,0.1565707866031837,0.1712526054432411,0.2750200681383441,0.3616319389133035,0.2030059208294461,2.065561468212079,1.7813773906611006,1.3149244941896283,0.2325197941037244,516.4801829240453,5.437873303120616,0.3285117766847181,-0.9444998743141524,19.087593040119582,0.6588068904692833,0.69194002295794,0.8333,High Priority,94.6,32.5,0.22,1250.0
GRID_0391,MP-MH Belt,Madhya Pradesh / Maharashtra,21.65333,79.42,0.0400566049160578,0.0831412041318928,0.2372740587812315,0.2284707390273524,0.3193959277107203,0.2406919638559534,5.923321159076978,1.3269848964171134,1.3979668954700892,-0.0189015548724222,232.06308783673828,10.775144738849669,-0.990561967635882,-0.1370656349101769,23.11231011630076,7.342874683334662,11.116291126435437,0.8167,High Priority,92.9,32.5,0.22,1250.0
GRID_0392,MP-MH Belt,Madhya Pradesh / Maharashtra,21.65333,79.57333,0.0744137968016026,0.1073312890152481,0.1978157468280284,0.1936881418485252,0.3615315172978856,0.1543257213605836,2.658285117077257,2.342637192772138,1.8665554188918945,-0.0105429206604704,415.839251192249,14.536018019319668,-0.5740403673403734,-0.8188270004486473,10.702372492010998,2.501370110125041,1.9241452513756327,0.9533,High Priority,94.0,32.5,0.22,1250.0
GRID_0393,MP-MH Belt,Madhya Pradesh / Maharashtra,21.65333,79.72667,0.0912728435921308,0.1072003508847913,0.2243579621774605,0.1976268861953383,0.3398237186975535,0.2417057159665683,2.4580750995874965,1.4059341187050682,1.7195129960640616,-0.0633459062316871,322.000669812552,4.2443616870109615,0.8623362606724252,0.5063360282751951,15.886876834900429,5.043720997085616,0.6562856207861183,0.77,High Priority,91.9,32.5,0.22,1250.0
GRID_0394,MP-MH Belt,Madhya Pradesh / Maharashtra,21.65333,79.88,0.0527047517231451,0.0833197860407925,0.1586481042234875,0.291948932266735,0.3544282845195192,0.2200312936950417,3.0100719378188647,1.6108012081660448,1.2140036538720684,0.295830911917744,533.8100707961636,12.648937057220955,-0.9813875431596176,-0.1920377310091155,13.496436470763948,13.308114335561378,2.249711208607966,0.92,High Priority,93.8,32.5,0.22,1250.0
GRID_0395,MP-MH Belt,Madhya Pradesh / Maharashtra,21.65333,80.03333,0.0555342564875883,0.0842261349091777,0.207130182178062,0.2042605996011068,0.254499523088954,0.2038965089460677,3.729706051224482,1.2481737732081413,1.2459489379597273,-0.0069753036012168,551.527511046064,15.807900074151462,0.8647302616989172,0.5022365722467074,22.74815165338595,17.502691032642314,3.901794059929589,0.8567,High Priority,93.2,32.5,0.22,1250.0
GRID_0396,MP-MH Belt,Madhya Pradesh / Maharashtra,21.65333,80.18667,0.0953562254256374,0.1409769646651341,0.191006036267088,0.2184046738272689,0.3200034173406523,0.2148055479151888,2.0030578219375785,1.4897284111981444,1.4651790483874256,0.0669219684846491,200.3800845923998,8.877861542683245,-0.1790834416879849,-0.9838338888822574,29.00987021081068,2.035651422110911,2.197614926787196,0.8033,High Priority,91.8,32.5,0.22,1250.0
GRID_0397,MP-MH Belt,Madhya Pradesh / Maharashtra,21.65333,80.34,0.0518533543407086,0.1444139517888301,0.1422932345638449,0.1969932579778932,0.2785242847442883,0.2189968927407274,2.744094230330363,1.271812624580979,1.4138700670937543,0.1612202766576174,181.08169620327385,7.879313166838662,-0.3574166179802022,-0.9339450525548032,17.30472641070058,12.796759337628536,2.09370632181545,0.8,High Priority,92.7,32.5,0.22,1250.0
GRID_0398,MP-MH Belt,Madhya Pradesh / Maharashtra,21.65333,80.49333,0.0596730396410955,0.1389705931165311,0.1244055532179679,0.2749538012087302,0.26053821096866,0.2504643062123066,2.0847516602897125,1.0402167665800994,0.9475674177112262,0.376973443462814,330.5323337642003,10.13163165865844,-0.9982798518424716,-0.0586288103697579,12.378339433939011,3.3181165307975946,0.2678153425958061,0.7867,Moderate Priority,90.0,32.5,0.22,1250.0
GRID_0399,MP-MH Belt,Madhya Pradesh / Maharashtra,21.65333,80.64667,0.0983476834016741,0.1214408345100878,0.1937023493182813,0.2273219565415014,0.2870296553192247,0.1914979390349986,1.9695469488611788,1.4988576791371504,1.2626514263499948,0.0798517494205364,301.17261575484554,12.849970717320572,0.9407919236297684,0.3389845961588817,23.45233684433699,0.3197415758048822,2.5797873369424007,0.7667,High Priority,92.0,32.5,0.22,1250.0
GRID_0400,MP-MH Belt,Madhya Pradesh / Maharashtra,21.65333,80.8,0.0471526265704344,0.0829168840660494,0.126329274259466,0.3468328216416882,0.221235047053051,0.145418163729475,2.679099858221197,1.521361018583611,0.6378704533654378,0.4660201720978812,352.8790813738482,15.298951261463138,0.996962336453788,-0.0778851699144568,12.724528232068591,2.738421661806102,0.1222239075895466,0.7567,High Priority,92.0,32.5,0.22,1250.0
GRID_0401,MP-MH Belt,Madhya Pradesh / Maharashtra,21.76,78.5,0.0669447108480925,0.1262090464509707,0.1885088464502573,0.246485338434873,0.2567959725193644,0.1527948342723917,2.815846512975348,1.6806477332462468,1.0418263914744932,0.1332807672340685,271.8843621868885,8.830899366546193,-0.9945682453587448,0.1040865280621243,15.68319404333155,6.0343131667104855,1.007281840912502,0.5333,Low Priority / Background,85.3,32.5,0.22,1250.0
GRID_0402,MP-MH Belt,Madhya Pradesh / Maharashtra,21.76,78.65333,0.0778462252103572,0.1164519639551902,0.1778420807732318,0.3315553120750316,0.2507453040075053,0.1781647534033424,2.2845012175150816,1.4073709409229331,0.7562676229513656,0.3017544488947511,451.6093521646967,13.931328259335384,-0.6391797517816448,-0.7690573742656364,13.817583400817009,3.952775611979838,0.8620231087511334,0.6,Moderate Priority,88.6,32.5,0.22,1250.0
GRID_0403,MP-MH Belt,Madhya Pradesh / Maharashtra,21.76,78.80667,0.0605965293438669,0.1481638732643754,0.1871061758122149,0.282948438751356,0.2179243484372052,0.1419233787746147,3.087686541648617,1.5354962291804946,0.7701883043094068,0.2038955816496883,339.5657207013108,11.769881725023955,-0.6039970154223899,-0.7969865779050769,15.411907768634595,13.48308223448412,2.571697912775748,0.0667,Low Priority / Background,80.4,32.5,0.22,1250.0
GRID_0404,MP-MH Belt,Madhya Pradesh / Maharashtra,21.76,78.96,0.0475669193425246,0.1265377221978781,0.2119616655725582,0.2612833073148037,0.3583707946294642,0.2178419544028837,4.455979334439154,1.6450878368399515,1.3715741228870952,0.1042198868409274,295.9896906401215,11.12632889582369,0.7344844403070795,0.6786255277741887,18.85469640945152,1.853084928372473,0.6761692723890662,0.9967,High Priority,95.0,32.5,0.22,1250.0
GRID_0405,MP-MH Belt,Madhya Pradesh / Maharashtra,21.76,79.11333,0.0945295898630117,0.1408320053829986,0.2011678042692007,0.2401932639263243,0.2331280589690384,0.2307741305586694,2.1280709721659568,1.010195762449242,0.9705812918186366,0.0884205111161369,196.24152035508249,9.347929394133558,-0.6689219152206397,-0.743332678776839,13.442103250462992,3.1607966021174843,0.4803595491633203,0.4967,Low Priority / Background,86.4,32.5,0.22,1250.0
GRID_0406,MP-MH Belt,Madhya Pradesh / Maharashtra,21.76,79.26667,0.0990792686554503,0.0967277891671691,0.1356423756051918,0.2207069747773792,0.3384310039687503,0.1910606791126211,1.3690150162681274,1.7713180661898322,1.5333881990902882,0.2387105809798241,325.4121244249566,8.363335977547681,0.2146547166794126,0.9766899982119612,14.298026337801588,2.951378748969702,5.089160944666738,0.8333,High Priority,92.6,32.5,0.22,1250.0
GRID_0407,MP-MH Belt,Madhya Pradesh / Maharashtra,21.76,79.42,0.0931143327224539,0.0869365254076512,0.1846035722521227,0.3626459372558541,0.2698350957916196,0.2395478997714042,1.9825260443665604,1.1264301194833988,0.744071073186111,0.32533978847056,240.1379574822188,16.392269292719785,-0.3787257967945689,0.9255089253174812,8.53198818144742,6.033355841550835,4.34854988063027,0.4367,Low Priority / Background,86.5,32.5,0.22,1250.0
GRID_0408,MP-MH Belt,Madhya Pradesh / Maharashtra,21.76,79.57333,0.0957642090309492,0.0963841927244967,0.2157597642263068,0.3277092106793927,0.2114830201256476,0.1864667769452248,2.2530078136891865,1.134153168929402,0.6453354617398447,0.2059901220348203,228.1284671325124,5.588166655908829,-0.1069430117321787,0.994265151879342,7.463900020487004,5.1469809991990045,3.794101470915831,0.1433,Low Priority / Background,82.6,32.5,0.22,1250.0
GRID_0409,MP-MH Belt,Madhya Pradesh / Maharashtra,21.76,79.72667,0.0985970582389005,0.1101761425966111,0.2162208202143367,0.2669061926608991,0.3565160609266963,0.1616789049573564,2.1929521136251915,2.205073419734682,1.3357304363829707,0.1049108540507079,464.60301441420654,6.501828318193421,0.6190685790027494,-0.7853369305537061,7.494739521321126,6.781152938586439,0.7775997132570158,0.81,High Priority,92.4,32.5,0.22,1250.0
GRID_0410,MP-MH Belt,Madhya Pradesh / Maharashtra,21.76,79.88,0.0435074792342126,0.1039943517978453,0.1769170397842116,0.2136040104385357,0.2638635121381499,0.1879979621952282,4.066265769296161,1.4035370677426393,1.2352870917982328,0.0939434037934565,561.6746821479651,10.538194051978522,-0.6644007102402916,0.7473765424685177,10.187461358985468,0.8228576022456812,2.7324771772928464,0.95,High Priority,94.2,32.5,0.22,1250.0
GRID_0411,MP-MH Belt,Madhya Pradesh / Maharashtra,21.76,80.03333,0.0798843522946507,0.113546774433543,0.2041317104837123,0.2621463086982024,0.2908347118359383,0.1408823653465312,2.5553083840800848,2.064365165614629,1.1094323770867407,0.1244203488209195,457.036516022993,15.723515898723951,0.2389455771457166,0.9710329609042632,14.924288466210632,2.7299895897809288,2.0911367391507234,0.5833,Moderate Priority,90.1,32.5,0.22,1250.0
GRID_0412,MP-MH Belt,Madhya Pradesh / Maharashtra,21.76,80.18667,0.0945958094895831,0.1373809500692605,0.1898484157349068,0.3395609362682145,0.3555859279620752,0.194826568608472,2.0069219750568084,1.825131476524584,1.0471901882465522,0.28279107117351,345.7631589458327,0.5,-0.2076690858383346,0.9781991365703973,10.910308816237135,5.972856590439909,0.2606732784440565,0.7133,Moderate Priority,90.2,32.5,0.22,1250.0
GRID_0413,MP-MH Belt,Madhya Pradesh / Maharashtra,21.76,80.34,0.0917775773987811,0.1184447952669014,0.1282504687706984,0.2899434510326622,0.2750895702156264,0.245329928583515,1.397390027233106,1.1212999999793385,0.9487664593540976,0.3866450179212922,402.6536683672307,7.851651822132398,-0.3545836404060463,-0.9350243001956664,2.8282991907557165,3.1687986608871324,5.852781594141686,0.28,Low Priority / Background,83.7,32.5,0.22,1250.0
GRID_0414,MP-MH Belt,Madhya Pradesh / Maharashtra,21.76,80.49333,0.0582941874631038,0.095414111718936,0.1354885496317057,0.2395718796780422,0.3404086556672078,0.1965951638234314,2.3241807004644963,1.731512197628324,1.4208981255502582,0.2775100874485771,361.2321165469812,7.311858555081327,0.8679162379513545,-0.4967105836403808,11.073956154326003,14.060755292789032,1.260335759269224,0.9167,High Priority,93.9,32.5,0.22,1250.0
GRID_0415,MP-MH Belt,Madhya Pradesh / Maharashtra,21.76,80.64667,0.0992874445572781,0.1188184364612285,0.1414996701948181,0.3582280183587019,0.2828639671642688,0.2251605612205429,1.4251373442877222,1.2562711220820109,0.7896176821751262,0.4336920275504107,377.8348634644669,7.708539868303895,0.9800740484844518,-0.1986324733957077,13.41301512740034,4.655712567820531,1.6776945383221853,0.0233,Low Priority / Background,80.0,32.5,0.22,1250.0
GRID_0416,MP-MH Belt,Madhya Pradesh / Maharashtra,21.76,80.8,0.0416263991401739,0.1426801202070327,0.1212615869449984,0.3323779788754968,0.3607948088818621,0.1919407905268607,2.9130233800259373,1.8797095092815224,1.0854922597767815,0.4653825249262139,239.2058329085004,2.3134627242634167,0.6412473907532201,-0.767334206100697,29.826169327783408,10.920657427566516,6.731067371051273,0.8033,High Priority,91.4,32.5,0.22,1250.0
GRID_0417,MP-MH Belt,Madhya Pradesh / Maharashtra,21.86667,78.5,0.060148981878492,0.1292055803211758,0.2312289074575036,0.3724116997882703,0.2916126272759686,0.1943389766341192,3.8442057709112056,1.500528261485711,0.7830362053758119,0.2338851242791879,374.3657223702714,5.094062169402566,0.9791587134150016,-0.2030965631010997,9.945116173800084,33.59782080761886,0.1696040939587006,0.4667,Low Priority / Background,87.0,32.5,0.22,1250.0
GRID_0418,MP-MH Belt,Madhya Pradesh / Maharashtra,21.86667,78.65333,0.0747125090922118,0.0866057726428221,0.1385424995988622,0.2679125883545797,0.2918828236423594,0.1710550890037429,1.854316592570592,1.70635740207981,1.0894662918554798,0.3182879838437463,192.84219213208223,7.386543519622926,0.9446107605921594,-0.328192795432048,12.451515740815696,16.989779113062543,8.685347590485971,0.3867,Low Priority / Background,84.9,32.5,0.22,1250.0
GRID_0419,MP-MH Belt,Madhya Pradesh / Maharashtra,21.86667,78.80667,0.0600926974082191,0.1256683149023009,0.2291514469333133,0.1812367645281793,0.3459230426607665,0.2538043463346703,3.8132359434746967,1.3629462407172028,1.9086697717846848,-0.1167542446705616,354.5491476330752,12.512513904452677,0.0890818431211619,0.9960243095558144,11.964578196442272,5.903054343219857,3.963322404701145,0.8933,High Priority,93.7,32.5,0.22,1250.0
GRID_0420,MP-MH Belt,Madhya Pradesh / Maharashtra,21.86667,78.96,0.0997252907755273,0.1030008959507007,0.184586412224217,0.286664709571921,0.2730161467005028,0.1602994272610904,1.85093028918222,1.7031529570150543,0.9523850868253438,0.2166107962732159,185.74466463668787,21.30192818591564,0.989811000695018,0.142387439414884,13.75669630650659,3.9239781378005087,3.5620367489313107,0.4267,Low Priority / Background,84.7,32.5,0.22,1250.0
GRID_0421,MP-MH Belt,Madhya Pradesh / Maharashtra,21.86667,79.11333,0.0709100217031953,0.1592228136467953,0.1933609987497271,0.2541947425184338,0.3389873649708508,0.160455501389797,2.7268116310473927,2.112643377081672,1.3335682242839615,0.1359240922085836,193.69656934287465,4.6924315097149885,0.4154783768276711,-0.9096030553975968,13.491081952041544,7.899746297875579,2.577526687481754,0.7933,High Priority,91.5,32.5,0.22,1250.0
GRID_0422,MP-MH Belt,Madhya Pradesh / Maharashtra,21.86667,79.26667,0.0605241660794533,0.1447982994946778,0.148594760466371,0.2248765959599591,0.2908105263298705,0.1713019095154506,2.455090503532132,1.6976391536632995,1.2931947492966402,0.2042502856798056,501.0110679930411,0.5,-0.2060561959205769,0.978540159688268,17.548493055718318,4.233813830778963,5.972788584991586,0.5567,Low Priority / Background,87.0,32.5,0.22,1250.0
GRID_0423,MP-MH Belt,Madhya Pradesh / Maharashtra,21.86667,79.42,0.0483670141723096,0.1255365170503542,0.2241575552077083,0.2966211514559796,0.3292425520628603,0.1846452281374649,4.6344171668730025,1.7830992562585506,1.109972908114793,0.1391444315534115,340.8293975854874,6.005037198076566,0.6154884332829056,-0.7881459182758953,11.714021564399657,17.016131322534825,9.520138940077317,0.7967,High Priority,91.5,32.5,0.22,1250.0
GRID_0424,MP-MH Belt,Madhya Pradesh / Maharashtra,21.86667,79.57333,0.0548578985842863,0.1078441564381856,0.2274666889048662,0.3733244441792215,0.2798190385104879,0.1785196454769077,4.146395475938727,1.5674323704295787,0.7495311205634189,0.2427757409632073,404.62736095576656,18.778833110655683,0.9891423574514818,-0.1469605276777578,15.626642209382196,6.668000560401078,0.1591182131615446,0.7067,High Priority,91.4,32.5,0.22,1250.0
GRID_0425,MP-MH Belt,Madhya Pradesh / Maharashtra,21.86667,79.72667,0.0429576695658649,0.1109030164116436,0.1624167830472864,0.2431266430734304,0.2883835572804038,0.1784880298773885,3.780768461608574,1.6156934545417516,1.1861405541339656,0.1990160752502104,290.1562419418953,5.650354490566082,-0.1570285032657663,0.9875940710444312,6.074448163620193,4.296540020920419,12.284372299830206,0.5967,Moderate Priority,89.6,32.5,0.22,1250.0
GRID_0426,MP-MH Belt,Madhya Pradesh / Maharashtra,21.86667,79.88,0.0544960765861457,0.1345025688425947,0.2059181632250069,0.3014648833586132,0.2159441011345959,0.2212246730993091,3.778517603591149,0.9761258632837684,0.7163135633418142,0.1883124248327339,137.63169826751707,10.652862922791597,-0.9978580371145808,-0.0654166474671091,10.053275664226536,1.1847539870973125,5.528312237285382,0.69,Moderate Priority,89.8,32.5,0.22,1250.0
GRID_0427,MP-MH Belt,Madhya Pradesh / Maharashtra,21.86667,80.03333,0.0418212283319802,0.1475050290926645,0.1752394860771318,0.2235175879863289,0.2240800660989142,0.2543968601098847,4.19010399651831,0.8808252789631369,1.0025119974031855,0.1210711583021484,470.6608154863915,3.127744645346586,-0.2777906960519141,-0.9606416237010518,11.70663656860309,1.36397893255261,0.7206511366779976,0.89,High Priority,93.8,32.5,0.22,1250.0
GRID_0428,MP-MH Belt,Madhya Pradesh / Maharashtra,21.86667,80.18667,0.0646686601887992,0.1363225162073325,0.1460943518660683,0.2533357759405963,0.2703651368314092,0.2571747835322492,2.2590864315593207,1.0512853625563316,1.0672163006242956,0.2684853948749726,281.9504056324994,4.882695508888479,-0.0372242984167759,-0.999306935634582,8.643022416091522,7.519265086281551,5.862615086392929,0.4467,Low Priority / Background,84.7,32.5,0.22,1250.0
GRID_0429,MP-MH Belt,Madhya Pradesh / Maharashtra,21.86667,80.34,0.0906918451246305,0.1087740448978454,0.2024681212152819,0.242566839504844,0.2109629977823329,0.224187831872353,2.2324596933423946,0.9410058298642164,0.8697072052625511,0.0901021980890648,348.01263646316886,9.517308553850762,0.8781789297097583,-0.4783322772025983,20.280048963685623,1.812707995578756,5.007993947682405,0.3133,Low Priority / Background,84.4,32.5,0.22,1250.0
GRID_0430,MP-MH Belt,Madhya Pradesh / Maharashtra,21.86667,80.49333,0.057635005630296,0.1157061087989249,0.207242223241696,0.3185840458449577,0.377726325016196,0.1670193229059118,3.59570759589142,2.26155906325832,1.18563733590942,0.2117460032011254,426.02134963301177,14.877644349410236,-0.5085088566493123,0.8610567592843164,23.62454752086344,0.8501597712233924,4.180539021943432,0.9667,High Priority,94.6,32.5,0.22,1250.0
GRID_0431,MP-MH Belt,Madhya Pradesh / Maharashtra,21.86667,80.64667,0.0740961169761261,0.1019732695830324,0.1769321896976609,0.2467553194139595,0.3042764125019229,0.2466800732977599,2.3878417530693934,1.2334809818775263,1.2331048429664222,0.1647982614933364,544.8342644789814,14.61299118661798,-0.1175239642326837,-0.9930700467897694,2.204426035118132,1.003019919199958,2.104341643732747,0.9567,High Priority,94.3,32.5,0.22,1250.0
GRID_0432,MP-MH Belt,Madhya Pradesh / Maharashtra,21.86667,80.8,0.059368587606871,0.1006486114538731,0.1756782500928456,0.2066568516164346,0.3669942319535733,0.2441242517503087,2.9590613169850264,1.5033030353162111,1.7758542880564223,0.081024526287461,341.71393274640843,7.28665794931528,-0.9868110818895486,0.1618761522274936,15.90745030457405,8.250188411079545,4.380011528506634,0.9433,High Priority,94.3,32.5,0.22,1250.0
GRID_0433,MP-MH Belt,Madhya Pradesh / Maharashtra,21.97333,78.5,0.0468379532271544,0.1315126365654211,0.2201189754899278,0.2954706802439335,0.316353327541056,0.1950036175311567,4.69948537112729,1.6222863414529705,1.070672246084238,0.1461463739034497,297.43690660146154,10.145831560030611,-0.766343765273135,-0.6424307226674283,13.25012161811471,1.731184464073511,2.365196557624965,0.95,High Priority,93.3,32.5,0.22,1250.0
GRID_0434,MP-MH Belt,Madhya Pradesh / Maharashtra,21.97333,78.65333,0.0480049801313924,0.1353314721578654,0.2154013844314164,0.2126708899486313,0.2187763557233388,0.1574618579344831,4.486969828381017,1.3893838749857246,1.0287036795327391,-0.0063785679840432,269.50405798958604,10.3544997753985,0.2042575712851054,-0.9789171796289562,20.32352546843872,0.5642301959700797,3.1456631289244226,0.8133,High Priority,92.4,32.5,0.22,1250.0
GRID_0435,MP-MH Belt,Madhya Pradesh / Maharashtra,21.97333,78.80667,0.0920799755137053,0.1462548695458762,0.1951265650776961,0.1950557433303347,0.2202314648916823,0.1459170784531789,2.119075780736634,1.509281558709317,1.1290635798154052,-0.0001815089109024,289.2527712379693,8.180371032894897,0.9980077299078896,-0.0630917668487821,17.455426621594015,4.71286630451339,5.404952829156251,0.3967,Low Priority / Background,86.6,32.5,0.22,1250.0
GRID_0436,MP-MH Belt,Madhya Pradesh / Maharashtra,21.97333,78.96,0.0826210900427399,0.0890002504421305,0.2083104487648738,0.2350197763118248,0.3150394124590471,0.1809154368371586,2.521243999723513,1.741353179217273,1.3404747333531644,0.0602468899914057,335.05685139889107,11.443944300330598,0.1542273124445358,0.988035392127294,13.012634182263955,5.964982786210586,3.87651528483952,0.8767,High Priority,92.9,32.5,0.22,1250.0
GRID_0437,MP-MH Belt,Madhya Pradesh / Maharashtra,21.97333,79.11333,0.0901827146446239,0.157955144851078,0.2370722302987982,0.1930553515132927,0.3479310780955225,0.2175571920388857,2.6287698531048544,1.5992552375749391,1.802225492029802,-0.1023342336379194,262.0717217588012,11.568678039374412,-0.8097076711043925,-0.5868334408967344,10.750945997322551,2.2493855857565976,5.252837008681727,0.7367,High Priority,91.8,32.5,0.22,1250.0
GRID_0438,MP-MH Belt,Madhya Pradesh / Maharashtra,21.97333,79.26667,0.0820899460879099,0.1167474924475165,0.1266121842190597,0.2653789455646605,0.284424489149219,0.2514266639472963,1.54234041941084,1.1312378466390218,1.0717633110672196,0.3540039475337545,342.83531141883515,3.746803764548956,-0.1584092456608481,-0.9873735417202352,20.24548449684424,0.3416902929515955,10.788160962543838,0.6667,Moderate Priority,88.9,32.5,0.22,1250.0
GRID_0439,MP-MH Belt,Madhya Pradesh / Maharashtra,21.97333,79.42,0.0616035941158435,0.1182293883930508,0.1626340769084307,0.31650234602324,0.3192017884993267,0.2258386772634962,2.6399666979804715,1.4133999497656964,1.0085257944662886,0.3211359867767046,259.94096474639383,4.902467719295148,0.7082220901032283,0.7059897103285675,12.06809380124449,4.5525664613706,6.113652639733176,0.6,Low Priority / Background,86.2,32.5,0.22,1250.0
GRID_0440,MP-MH Belt,Madhya Pradesh / Maharashtra,21.97333,79.57333,0.093449928897378,0.1159230208295969,0.1751164425855688,0.1953938366016034,0.3207377045797464,0.2385511304447414,1.8738865910885787,1.3445182987122497,1.6414850574260995,0.0547281423132898,360.8803709705408,7.901632101497893,-0.8482130428567334,0.5296552028704348,4.922259400398396,10.4827540771773,0.835889425365331,0.8133,High Priority,93.0,32.5,0.22,1250.0
GRID_0441,MP-MH Belt,Madhya Pradesh / Maharashtra,21.97333,79.72667,0.0730342380724818,0.0953994520508661,0.1322254516967468,0.3622241002783915,0.3476913507617796,0.2312041882163809,1.810433637055077,1.503821577033044,0.95987647044492,0.465160060319256,156.32472974975352,6.573901285859767,-0.2878868991548433,-0.9576644158028474,15.202709026041902,4.366576211608102,0.6195603318163879,0.81,Moderate Priority,91.2,32.5,0.22,1250.0
GRID_0442,MP-MH Belt,Madhya Pradesh / Maharashtra,21.97333,79.88,0.0512939319861427,0.0947398921258139,0.126840286506232,0.2975596898743369,0.3512626719659314,0.1420997856784866,2.472764493390845,2.471926318273066,1.1804740475439597,0.402259685696428,318.08300853974055,10.430811252399534,-0.9061716754417874,0.4229100313624919,10.440050662220395,1.9781102311442496,1.290569578145552,0.8667,High Priority,93.7,32.5,0.22,1250.0
GRID_0443,MP-MH Belt,Madhya Pradesh / Maharashtra,21.97333,80.03333,0.0757807898498065,0.1019370311299317,0.123193003929322,0.3270457036203192,0.3126169843294615,0.2096907198866791,1.6256280588447536,1.4908408615199733,0.955878719671764,0.4527648189903848,434.310533232324,15.232773598907436,0.9618250159695808,0.2736651944532143,8.7844858687045,0.695488642223212,3.3828483035599537,0.8133,High Priority,92.1,32.5,0.22,1250.0
GRID_0444,MP-MH Belt,Madhya Pradesh / Maharashtra,21.97333,80.18667,0.0915160064189499,0.1570186067088911,0.1954016541059333,0.2168202646721914,0.2190170621808075,0.2375421165844109,2.135140360813557,0.9220097190354908,1.01012722396918,0.0519588057591393,315.7034833843346,18.40250891940542,-0.9805244336518836,0.1963971359558301,21.45940598287678,6.0747850140101125,5.395595602112111,0.4467,Low Priority / Background,86.3,32.5,0.22,1250.0
GRID_0445,MP-MH Belt,Madhya Pradesh / Maharashtra,21.97333,80.34,0.0433728343275927,0.1398016509397203,0.2221023308786514,0.2372270084916628,0.3152805093187855,0.1776994476604366,5.120652446845327,1.7742246205324546,1.3290189102180392,0.0329276695150281,230.54770602339647,11.2861147905763,-0.9719580204344656,-0.2351544312002541,10.796870423647794,3.4097585324907627,7.38949242161242,0.8933,High Priority,93.2,32.5,0.22,1250.0
GRID_0446,MP-MH Belt,Madhya Pradesh / Maharashtra,21.97333,80.49333,0.0527028623288782,0.0915392016894482,0.2110772198224836,0.2801239064667862,0.3641213202287188,0.1575937468591811,4.004966818282448,2.310491482016718,1.2998534290341368,0.1405667503231466,284.61200863479,4.435658486439976,0.8332471123538073,0.552900759408089,18.053059986078715,5.751045226909061,2.7018768680329908,0.9667,High Priority,93.5,32.5,0.22,1250.0
GRID_0447,MP-MH Belt,Madhya Pradesh / Maharashtra,21.97333,80.64667,0.0852896475017398,0.1047570061156945,0.1737565987658628,0.2610943352660837,0.3771361035139725,0.1750698748087265,2.037229213933665,2.1541910036493053,1.4444383049954954,0.2008447695987587,254.1221543813225,3.91371089751675,-0.3948059027458256,-0.9187645504464426,15.885696530438215,1.5440897817890549,6.784782407180005,0.8167,High Priority,92.3,32.5,0.22,1250.0
GRID_0448,MP-MH Belt,Madhya Pradesh / Maharashtra,21.97333,80.8,0.046208503818795,0.1325250161919721,0.2288382622125892,0.2137498876796459,0.3742988528178659,0.1943460032498614,4.952190421908673,1.92593066298352,1.7510984720626634,-0.0340911532436282,331.2563024689139,10.678923420739617,0.9479282100706236,-0.3184840789620473,16.281841054409266,1.0431378793646342,1.086075031131514,0.9267,High Priority,93.9,32.5,0.22,1250.0
GRID_0449,MP-MH Belt,Madhya Pradesh / Maharashtra,22.08,78.5,0.0455810445557605,0.0915094373074663,0.1325592528415777,0.2645887087483115,0.3432041077263655,0.1569660265059608,2.908146269731671,2.186472632921618,1.2971181281008752,0.3324431603149256,384.8341739246127,5.959764701084668,0.9454382767998226,0.3258012657461323,22.07986058860689,3.8531190485584825,3.391463239338621,0.98,High Priority,94.2,32.5,0.22,1250.0
GRID_0450,MP-MH Belt,Madhya Pradesh / Maharashtra,22.08,78.65333,0.0809602691477655,0.1302987212047994,0.151932164224477,0.1878012841525636,0.2820020207582195,0.2469168661628844,1.8766030451817608,1.1420883597470874,1.5015899408823568,0.105579873043309,223.87881481476907,15.479641648861367,-0.0526015176287873,0.9986155818647876,15.527598619225516,0.8933384264307671,3.53080141695596,0.8967,High Priority,93.9,32.5,0.22,1250.0
GRID_0451,MP-MH Belt,Madhya Pradesh / Maharashtra,22.08,78.80667,0.0804576144220014,0.1583964357886622,0.238272088074336,0.3173357223448259,0.243850662556795,0.2358267005756719,2.961424202815756,1.034020439335746,0.7684287552822863,0.1423009008997584,371.66831189642863,8.634924696352897,-0.5347859363251758,0.8449875752393079,23.14115187337424,2.811846783490352,1.727506394475396,0.29,Low Priority / Background,82.5,32.5,0.22,1250.0
GRID_0452,MP-MH Belt,Madhya Pradesh / Maharashtra,22.08,78.96,0.0586222533464872,0.1409703696360259,0.2323411876999806,0.3681501718468922,0.2314606312774881,0.2449692379587879,3.963293990641392,0.9448520489922836,0.6287108366824611,0.2261627179559654,213.35523731059368,6.0113118671200905,0.4102805646627376,0.9119593512103624,19.108863425334192,1.5598551563164251,7.298362787229635,0.6333,Moderate Priority,89.0,32.5,0.22,1250.0
GRID_0453,MP-MH Belt,Madhya Pradesh / Maharashtra,22.08,79.11333,0.0779907204937463,0.1376843728718297,0.1508582821330915,0.323877631114964,0.2050618711300262,0.1850385614927616,1.9342858598072328,1.1082055614255648,0.6331441825108786,0.3644531195143613,249.43986243105343,11.62073882775595,-0.8966310926907499,0.4427783685097905,18.195383484320843,2.597626301992397,2.719344949325349,0.1067,Low Priority / Background,81.6,32.5,0.22,1250.0
GRID_0454,MP-MH Belt,Madhya Pradesh / Maharashtra,22.08,79.26667,0.0464470331577344,0.0813530239937285,0.2291477312856361,0.2339260017534365,0.3475418605004826,0.259922036056664,4.933421626432822,1.3370952639408131,1.485685097895617,0.0103185730658235,228.3340787473149,6.911484188793287,-0.8538191514201839,-0.5205697423670693,8.939590709257775,16.82654105015206,7.424192334961384,0.87,High Priority,92.9,32.5,0.22,1250.0
GRID_0455,MP-MH Belt,Madhya Pradesh / Maharashtra,22.08,79.42,0.0701725312039351,0.1436088226021379,0.1362895023719881,0.3754876368408024,0.3735835821264776,0.1596474749455005,1.942178197872212,2.340038526857262,0.9949264650713452,0.4673863851174755,290.35885920311205,8.653682024076545,0.99070435849795,-0.1360326212831514,11.30717719302331,0.462753273299877,1.256679447694948,0.7967,High Priority,91.6,32.5,0.22,1250.0
GRID_0456,MP-MH Belt,Madhya Pradesh / Maharashtra,22.08,79.57333,0.0988830000544768,0.1303746876207362,0.1699393135687389,0.2133077026994539,0.377511823511065,0.2385018811115754,1.7185724027660347,1.582839677875669,1.7697910058689386,0.113160113790038,466.53274178021616,8.475920541556313,0.3483299383068698,0.9373719934365076,12.96713435774916,0.6413158960559024,2.6079966153466607,0.8667,High Priority,93.8,32.5,0.22,1250.0
GRID_0457,MP-MH Belt,Madhya Pradesh / Maharashtra,22.08,79.72667,0.0957258052723295,0.1197394742404787,0.2211534578947436,0.2691773239719616,0.3275450382382086,0.2278247284743801,2.3102563306650903,1.437699949130382,1.2168328913153,0.0979415731413327,304.0343227727003,5.140708984983308,-0.759598057780732,-0.6503927971739384,12.818056110714108,3.826433555246808,16.73766183746002,0.6467,Moderate Priority,88.4,32.5,0.22,1250.0
GRID_0458,MP-MH Belt,Madhya Pradesh / Maharashtra,22.08,79.88,0.0684720137573464,0.1452845405691459,0.1718480742079941,0.3392781445239418,0.3071746642916195,0.2463914529802878,2.5097197388884696,1.2466886082594195,0.9053744365060532,0.3275702490102714,288.9218054914129,17.7844842940755,-0.7290489702879522,-0.684461539403111,5.137910823113431,2.701125777246215,0.4675485189547544,0.78,High Priority,92.1,32.5,0.22,1250.0
GRID_0459,MP-MH Belt,Madhya Pradesh / Maharashtra,22.08,80.03333,0.0456135644147401,0.0813337240479706,0.2248241117094257,0.2272949824477389,0.2380712148707182,0.2283242480511279,4.928779099264507,1.0426845778238594,1.0474061719302796,0.0054650761384966,356.78385139169376,0.9103270052973862,0.8526764891703138,0.5224392833776836,12.406269069316773,7.1850173142149485,0.4660207050669638,0.82,High Priority,92.4,32.5,0.22,1250.0
GRID_0460,MP-MH Belt,Madhya Pradesh / Maharashtra,22.08,80.18667,0.0405171401555068,0.0815978346062422,0.1903922084885472,0.2710789810495881,0.2932427628035335,0.1408955768500663,4.698937506949491,2.0812625072899027,1.0817573531919764,0.1748464466337533,453.65155835044345,17.44639461482744,0.3523360857462087,-0.9358735398979074,10.479963354168744,6.5879328358132,0.7958796100204835,0.9133,High Priority,93.7,32.5,0.22,1250.0
GRID_0461,MP-MH Belt,Madhya Pradesh / Maharashtra,22.08,80.34,0.0887885202689035,0.1270744992362761,0.1452915719315887,0.2273440951707666,0.3130454836225166,0.2395927511854932,1.6363594655266285,1.3065678135326542,1.3769616775210285,0.2201944426919206,195.5062653323241,7.573127434915284,-0.7416928587603105,0.6707396687716911,10.414845790193263,3.3461787092205646,0.6854350228620008,0.83,High Priority,93.0,32.5,0.22,1250.0
GRID_0462,MP-MH Belt,Madhya Pradesh / Maharashtra,22.08,80.49333,0.0776081578038906,0.108699400843431,0.2394774212009219,0.2760367030523776,0.2874594091141303,0.2079022144892806,3.085685091520432,1.382659762237354,1.0413773406148998,0.0709179617269428,544.8244325134776,17.8685916132634,-0.5157078373146999,-0.8567645105466233,11.655608513550868,3.389983146863323,0.6407523142433265,0.7367,Moderate Priority,90.4,32.5,0.22,1250.0
GRID_0463,MP-MH Belt,Madhya Pradesh / Maharashtra,22.08,80.64667,0.0678361758072934,0.0996654869618059,0.2297810579821985,0.2470813626992694,0.371407522616007,0.2039666348113653,3.38724387104414,1.8209140041237155,1.5031729442706403,0.0362793705005672,420.34401331388943,19.69717904822414,0.7262990630635251,0.6873788409552957,9.202221054997768,4.876941001226755,1.7765094246484363,0.8933,High Priority,93.6,32.5,0.22,1250.0
GRID_0464,MP-MH Belt,Madhya Pradesh / Maharashtra,22.08,80.8,0.0866790982942562,0.0976376384799495,0.1397479270115202,0.2612664461927536,0.3667853689793086,0.2252506178014894,1.6122262175697195,1.6283362248814148,1.4038693848934696,0.3030270839999266,325.2286157497046,12.513819397395311,0.5047790155621485,0.8632486000267294,1.5,20.859119113914257,3.2935035159143444,0.7433,High Priority,91.5,32.5,0.22,1250.0
GRID_0465,MP-MH Belt,Madhya Pradesh / Maharashtra,22.18667,78.5,0.0571242441078053,0.1268646715372195,0.1331378839282792,0.3731673337615167,0.2314612978190058,0.2177636381666257,2.330631334844272,1.062896619798757,0.6202597511045175,0.4740796013299185,432.27827808340027,5.668070446364607,-0.9858334700226424,0.1677270681288973,20.195340874121584,11.149884873066316,0.2456700494114483,0.6133,Moderate Priority,90.0,32.5,0.22,1250.0
GRID_0466,MP-MH Belt,Madhya Pradesh / Maharashtra,22.18667,78.65333,0.0598548859468117,0.0998629983704676,0.2385616754478505,0.2578779559333747,0.3318702858632718,0.2221670196657205,3.985600942567918,1.4937806366668431,1.2869227140388044,0.0389095478179964,506.3900144899533,6.965456708926335,0.9807428896646024,-0.1953033137771233,9.536683608046497,2.64772605401502,0.8009927010029378,0.86,High Priority,93.3,32.5,0.22,1250.0
GRID_0467,MP-MH Belt,Madhya Pradesh / Maharashtra,22.18667,78.80667,0.0411790889648108,0.1503514445445756,0.2358731797657061,0.2483140774063136,0.2609312382965851,0.1408510175329245,5.727845317849215,1.852520417292509,1.0508070674646468,0.025694339869518,445.13062442994834,12.37104065649607,0.7963081420584832,0.6048911826860816,16.600836989854233,4.789350851774627,0.137693808614972,0.74,High Priority,92.3,32.5,0.22,1250.0
GRID_0468,MP-MH Belt,Madhya Pradesh / Maharashtra,22.18667,78.96,0.0773528194277369,0.1047134178275012,0.1642470186565015,0.333946283659376,0.3459683346810699,0.1880427952207796,2.1233213805291062,1.8398285052419472,1.0359968522275966,0.340628674824301,299.1437746724319,9.446267840545453,-0.990602854511423,0.1367698235497162,17.529472675709776,3.3070534120651933,6.834623732549657,0.6233,Moderate Priority,88.0,32.5,0.22,1250.0
GRID_0469,MP-MH Belt,Madhya Pradesh / Maharashtra,22.18667,79.11333,0.0944656746190107,0.0869933446296867,0.2323791997572271,0.3451069683040831,0.34243592857628,0.1641093607622627,2.45990663579961,2.086619802587281,0.992257380375962,0.195203936609182,390.96361186839937,11.606377416701168,0.969897009540754,-0.243515483868896,14.758476976601706,4.287662442969723,3.108181046282384,0.59,Moderate Priority,88.3,32.5,0.22,1250.0
GRID_0470,MP-MH Belt,Madhya Pradesh / Maharashtra,22.18667,79.26667,0.0410181477589279,0.1568293419697704,0.1253505711280972,0.2086123905446804,0.2025226131546902,0.2080230119952913,3.0559038394651727,0.9735540200968452,0.9708035166194872,0.2493137852346003,232.23889921882272,10.894041358885373,-0.8975918588661227,0.4408274661330196,17.105120594944562,0.2,2.342758494659999,0.7333,High Priority,91.8,32.5,0.22,1250.0
GRID_0471,MP-MH Belt,Madhya Pradesh / Maharashtra,22.18667,79.42,0.0675737786503313,0.1199174355376634,0.1286655822402225,0.3168870722138615,0.2905796746745542,0.2318178619833517,1.9040474095521391,1.2534772718167448,0.9169788961903488,0.4224440493126645,231.10365804650385,9.77553930642347,-0.802531251445964,-0.5966100824261813,14.808244808616829,4.748154952106526,0.5130906149552005,0.63,Moderate Priority,87.6,32.5,0.22,1250.0
GRID_0472,MP-MH Belt,Madhya Pradesh / Maharashtra,22.18667,79.57333,0.0977402834488724,0.1214692370668256,0.1287478142245986,0.3053665808830134,0.2455758032623058,0.2364432142252763,1.3172306489298906,1.038620479959511,0.8041973629033862,0.4068475079411389,338.1491278285088,0.5,-0.9997615631257424,0.0218361373958903,14.7719176877253,0.710529710953729,2.3750300013624925,0.4667,Low Priority / Background,86.0,32.5,0.22,1250.0
GRID_0473,MP-MH Belt,Madhya Pradesh / Maharashtra,22.18667,79.72667,0.072774856007851,0.0871578498248309,0.1701580902608296,0.3506569597134404,0.3541076519590388,0.1519085197903617,2.3381118353657424,2.331043192340511,1.0098377696842176,0.3465693299227779,326.40834706878763,8.169016399730314,-0.7081453736390704,0.7060666610126705,16.350659134081656,0.5332824398536797,2.927627454637593,0.7933,High Priority,91.8,32.5,0.22,1250.0
GRID_0474,MP-MH Belt,Madhya Pradesh / Maharashtra,22.18667,79.88,0.0613640379471486,0.1431131170372693,0.1480428538590436,0.3078403658779919,0.2424228562236593,0.2256392339734584,2.4124951081517647,1.0743777913834949,0.7874927904255069,0.3505221393956632,283.9139237773145,11.175295631385293,0.7164210010409199,0.6976682229165424,20.13920584008792,2.7890782801250875,0.5261342125941053,0.5933,Moderate Priority,88.0,32.5,0.22,1250.0
GRID_0475,MP-MH Belt,Madhya Pradesh / Maharashtra,22.18667,80.03333,0.0820208733319941,0.1407094507534359,0.1326955824327358,0.2812279705389289,0.3466325100846651,0.2523395649861196,1.6178072633824552,1.3736693904277033,1.232563307472915,0.3588392788971878,414.55877121741935,10.087215569641112,-0.2223658586611215,-0.9749632941305544,20.471201276377684,3.396050871559142,1.9154231197116909,0.8433,High Priority,93.5,32.5,0.22,1250.0
GRID_0476,MP-MH Belt,Madhya Pradesh / Maharashtra,22.18667,80.18667,0.0694187493645897,0.1477428001495796,0.2198329850025662,0.2607039984880422,0.2599939747766945,0.1990313628846955,3.166721099034979,1.3062899470641145,0.9972726886117592,0.0850526178775517,317.22628497320005,3.2261407254624546,-0.962104663329346,0.2726804298073584,16.511888124901436,3.332358439125339,1.2196020054044423,0.37,Low Priority / Background,84.4,32.5,0.22,1250.0
GRID_0477,MP-MH Belt,Madhya Pradesh / Maharashtra,22.18667,80.34,0.0464092595778394,0.0991076128322885,0.233913740610718,0.2410199373639053,0.2303946720860663,0.1952807349985992,5.040129978553495,1.1798065604431416,0.9559114432378342,0.0149624718571655,398.6184791561938,1.2278271010490958,-0.3192314717288945,-0.947676773724989,9.494603174233488,16.83657729493674,1.421304810572733,0.6267,Moderate Priority,89.7,32.5,0.22,1250.0
GRID_0478,MP-MH Belt,Madhya Pradesh / Maharashtra,22.18667,80.49333,0.0554936087955989,0.0994773635253408,0.174931753524496,0.3319040297433888,0.2370778731539252,0.2251155352568921,3.1522296907942,1.0531339818435963,0.714294306829942,0.3097097160288901,145.6063305347404,9.74376793573843,-0.9868234766727012,0.1618005744353302,11.981969878192924,2.0679876018768097,2.4885307170457662,0.4633,Low Priority / Background,86.0,32.5,0.22,1250.0
GRID_0479,MP-MH Belt,Madhya Pradesh / Maharashtra,22.18667,80.64667,0.0522987539695546,0.1393596312900938,0.1262734923922511,0.3505085289751001,0.2356753495559002,0.2449277638049997,2.4144184782543907,0.9622199773299532,0.6723792937813182,0.4703083510393726,482.0414009783834,6.0650395824703685,0.9068888472841532,-0.4213699309058726,13.827183831953471,0.4274541536937936,0.6543940926406344,0.84,High Priority,93.4,32.5,0.22,1250.0
GRID_0480,MP-MH Belt,Madhya Pradesh / Maharashtra,22.18667,80.8,0.0966259829327208,0.1581191728918309,0.1651511195196506,0.3646572042027871,0.2980684416212177,0.172369095904852,1.7091615044489334,1.7292352252663994,0.8173912946038129,0.3765620493074899,217.14974709848764,14.529680718749647,-0.0682744811242279,0.9976665751779086,21.69281444216079,1.5397455922512937,3.3447692928268493,0.55,Moderate Priority,88.0,32.5,0.22,1250.0
GRID_0481,MP-MH Belt,Madhya Pradesh / Maharashtra,22.29333,78.5,0.0431214253017668,0.0890916830957375,0.1204702049941311,0.3798921362119346,0.344409265486546,0.2344067617680248,2.7936787912806764,1.4692741523950943,0.9065951254628803,0.5184671015116694,158.8683108337496,10.418406609382345,0.813660629176841,0.5813401590528107,8.991678143301161,7.05929375608539,2.327381454425221,0.82,High Priority,91.7,32.5,0.22,1250.0
GRID_0482,MP-MH Belt,Madhya Pradesh / Maharashtra,22.29333,78.65333,0.0446490175933289,0.0814423207167129,0.1322798615440875,0.2620997427394759,0.3679747250688233,0.2164882977451065,2.962593716062749,1.6997363329344573,1.40394384702139,0.329174101832976,205.0849476887113,9.296365881535424,0.7637983949163358,-0.6454548875972891,22.421211991725063,0.5736904775085802,6.260801146627621,0.9867,High Priority,94.4,32.5,0.22,1250.0
GRID_0483,MP-MH Belt,Madhya Pradesh / Maharashtra,22.29333,78.80667,0.0869896017416741,0.093449447807818,0.1814712676651512,0.277474961584249,0.3125164794835751,0.2535424272789514,2.08610199299512,1.2325954683090286,1.1262830758356952,0.2091824240362231,468.1567716419146,20.54644323765681,0.3109460957528392,0.9504275488095166,9.936858574080231,9.041850346675425,0.5044964114344419,0.8667,High Priority,93.8,32.5,0.22,1250.0
GRID_0484,MP-MH Belt,Madhya Pradesh / Maharashtra,22.29333,78.96,0.0580705352198415,0.0999181519329092,0.1646768518287657,0.2309327531779923,0.2880111667589213,0.1888889457625622,2.8357585382468065,1.5247564691503277,1.2471592514972747,0.1674775663511214,391.5550741474231,7.595918776166831,-0.8561020134268479,0.5168068716711274,14.905465781750417,3.5865706211819246,2.2460280307284584,0.6867,Moderate Priority,90.2,32.5,0.22,1250.0
GRID_0485,MP-MH Belt,Madhya Pradesh / Maharashtra,22.29333,79.11333,0.0736956704627316,0.0936650965044968,0.1437228363737385,0.2437634645746009,0.3068293548479333,0.1652141331128257,1.9501944317337787,1.857150426035119,1.258712402496354,0.258177824037129,281.8619764930426,14.355217108113418,0.7527089295024342,0.6583534517622731,16.67062552899624,5.147389411194935,4.580059810946528,0.97,High Priority,93.8,32.5,0.22,1250.0
GRID_0486,MP-MH Belt,Madhya Pradesh / Maharashtra,22.29333,79.26667,0.0962488703439462,0.1353541890613273,0.1387021843861732,0.2286885233530821,0.3515948715571606,0.165116729100105,1.4410635971822583,2.1293586913613685,1.5374332256328176,0.2449329613905545,270.1079344081235,10.90456741318894,0.574869761488828,-0.8182449250229286,11.46371324184374,12.631147132512623,3.151653494211786,0.7467,High Priority,91.7,32.5,0.22,1250.0
GRID_0487,MP-MH Belt,Madhya Pradesh / Maharashtra,22.29333,79.42,0.0454251386674996,0.1558285253802928,0.1510268716368295,0.2474424980812571,0.2724068744630376,0.1461469155685176,3.324668925577917,1.86391214273136,1.1008851579263674,0.2419643561267569,243.5779993182651,9.955698361073276,0.5828419906098989,-0.8125855117966911,21.25359283821542,8.127087331620938,0.4996265028882877,0.7267,High Priority,92.6,32.5,0.22,1250.0
GRID_0488,MP-MH Belt,Madhya Pradesh / Maharashtra,22.29333,79.57333,0.0619930712427535,0.1098682528825465,0.1381692532723302,0.3396907010102381,0.3273010991003762,0.1628458143556442,2.228749467530424,2.009871058242363,0.9635239781454406,0.4217156600301443,283.8507256071862,6.346352534014032,-0.7212088406704897,-0.6927176972899769,12.352926202706453,0.646967965959302,12.79202018786917,0.7233,Moderate Priority,90.3,32.5,0.22,1250.0
GRID_0489,MP-MH Belt,Madhya Pradesh / Maharashtra,22.29333,79.72667,0.0868409244812717,0.1112190839667196,0.1894276718735225,0.3622683632432817,0.2997378704712487,0.1609398183677546,2.181292883650619,1.8624105028864624,0.8273895087009054,0.3132891430768079,456.2657290787527,8.30964850405509,-0.7871146826309907,-0.6168066766716415,19.343133065872813,11.220310211425009,7.569417441584133,0.29,Low Priority / Background,83.6,32.5,0.22,1250.0
GRID_0490,MP-MH Belt,Madhya Pradesh / Maharashtra,22.29333,79.88,0.0456909515951893,0.123530080157048,0.2088611425461982,0.3313853690254028,0.3092089163546007,0.1600144802220409,4.571070730281259,1.9323687678563088,0.9330767504528767,0.2267927641587405,386.5909337914827,12.937707439839034,0.5151708834582842,0.8570874872711717,19.29268263245304,3.1163318806382896,0.573399433445176,0.9,High Priority,93.8,32.5,0.22,1250.0
GRID_0491,MP-MH Belt,Madhya Pradesh / Maharashtra,22.29333,80.03333,0.0602486227427783,0.0814464873764548,0.168039584209291,0.2899753842312421,0.3115248667088756,0.2196188414154452,2.78905620582384,1.4184732340261448,1.074311163423742,0.2662260890971157,304.0235384169524,12.445258725423145,0.6867508304133606,0.7268929060917844,12.896784201100276,18.39664231913008,5.545717729559422,0.77,Moderate Priority,90.3,32.5,0.22,1250.0
GRID_0492,MP-MH Belt,Madhya Pradesh / Maharashtra,22.29333,80.18667,0.0700525963533759,0.158513713993762,0.1316852074929605,0.2406131522350203,0.31488039470731,0.1820008242167814,1.879777974976362,1.7300947177994084,1.3086528443254244,0.2925816064299644,368.8233272701134,19.924883057194364,-0.8189730570169351,-0.5738319718178274,21.196020685569508,1.476328600984702,1.3603431653342328,0.8567,High Priority,94.6,32.5,0.22,1250.0
GRID_0493,MP-MH Belt,Madhya Pradesh / Maharashtra,22.29333,80.34,0.0906208317798986,0.0955954215176127,0.2192241416608034,0.2925310845805485,0.3371937520149348,0.2256328839516166,2.419109582702463,1.4944287006433854,1.152672714510701,0.1432458251815628,382.68554006104375,3.748155714050544,-0.738686730400319,0.6740488960976693,16.87665015045961,3.0093629376171926,0.4622017782581082,0.7933,High Priority,92.7,32.5,0.22,1250.0
GRID_0494,MP-MH Belt,Madhya Pradesh / Maharashtra,22.29333,80.49333,0.0633660808046604,0.1561361925112429,0.1583665019207825,0.3536196319734125,0.3586251227027401,0.1820223829198353,2.4991920080549974,1.970214578753773,1.0141521457653633,0.3813633529567955,343.0246570771202,10.9983363256137,0.92623662479836,-0.3769425883103982,11.52967051306645,7.637529896761742,1.7537117068682575,0.5633,Moderate Priority,87.5,32.5,0.22,1250.0
GRID_0495,MP-MH Belt,Madhya Pradesh / Maharashtra,22.29333,80.64667,0.0691160045405573,0.1422327525398829,0.1658835997273953,0.2686254690645829,0.267714284378532,0.1840808618332736,2.4000403494057125,1.454321907179567,0.9966042635737749,0.2364545190467731,487.8469627461504,10.521210642521256,0.7633836474824759,-0.6459453589556557,26.25815481109393,1.5697157886712882,0.9752082701173306,0.8233,Moderate Priority,90.3,32.5,0.22,1250.0
GRID_0496,MP-MH Belt,Madhya Pradesh / Maharashtra,22.29333,80.8,0.0960047876214073,0.1378827658664871,0.189262401146797,0.3095440108841224,0.2052738997586153,0.2141723558674036,1.9713644962024712,0.958447417174067,0.6631471758252929,0.2411383769290692,379.0246565667032,23.566202691859942,0.772815792724999,-0.6346304046567824,17.759568799975373,0.4249247817263856,0.6445561887641129,0.6433,Moderate Priority,89.6,32.5,0.22,1250.0
GRID_0497,MP-MH Belt,Madhya Pradesh / Maharashtra,22.4,78.5,0.0970446827927603,0.1126959649816747,0.1760019786997037,0.1905419579706878,0.2067619213179165,0.2260617736456109,1.813599262066644,0.914621713179758,1.0851197206129433,0.0396676582223775,421.1410579465495,24.008095904697285,0.9990670316124604,0.0431864138944985,9.758571325174415,1.053202355896254,1.8525175370499496,0.7067,Moderate Priority,89.2,32.5,0.22,1250.0
GRID_0498,MP-MH Belt,Madhya Pradesh / Maharashtra,22.4,78.65333,0.0571767917267164,0.0997970384986517,0.1974285173463998,0.3101943490437089,0.3484130725639872,0.1901250280367571,3.4528881123989064,1.8325374813838136,1.123205340241556,0.222144463969408,402.15025255698527,9.220672722717216,-0.1252991778854559,0.99211900295339,12.040023449298875,4.534903218186328,3.710904487753538,0.94,High Priority,93.8,32.5,0.22,1250.0
GRID_0499,MP-MH Belt,Madhya Pradesh / Maharashtra,22.4,78.80667,0.0404414697775248,0.1214564585746016,0.1245034389038163,0.2938460424182896,0.3657387529344935,0.2562102956600489,3.0785320379470686,1.4274887919842922,1.2446569137621828,0.4047864436041824,139.52504942809853,19.18980059740629,-0.3386368617403468,0.9409171461242744,11.154913657531107,3.13422836262,0.8242778711929607,0.9867,High Priority,94.7,32.5,0.22,1250.0
GRID_0500,MP-MH Belt,Madhya Pradesh / Maharashtra,22.4,78.96,0.0681882592869209,0.1164372457605089,0.189857376337769,0.2513540980698502,0.229568680902067,0.2004463321507947,2.784270988175769,1.1452817976612657,0.913324148445444,0.1393811945472483,368.92033034742354,12.209797195504104,0.8497783369202271,-0.5271401882811563,19.93192687619911,13.707235304485774,7.29834004489722,0.3033,Low Priority / Background,84.3,32.5,0.22,1250.0
GRID_0501,MP-MH Belt,Madhya Pradesh / Maharashtra,22.4,79.11333,0.0525609039630459,0.083153406809629,0.2089570450020914,0.3455220522698307,0.3742156218712439,0.2467803672905973,3.975446649516357,1.5163852359671324,1.0830409705312696,0.2462937947451096,421.5734241170841,20.774628552621028,0.1740396831488991,0.984738639786939,12.456841732361411,4.951084565427672,2.4442624292424364,0.9133,High Priority,93.4,32.5,0.22,1250.0
GRID_0502,MP-MH Belt,Madhya Pradesh / Maharashtra,22.4,79.26667,0.0845581593809014,0.1023813544709632,0.1877943129182968,0.1976284486781584,0.2744597942449772,0.2300192999545521,2.220863053668342,1.1931981407693388,1.3887596007614118,0.0255151257907086,188.65841473475143,9.933911135236569,0.8777242765722207,-0.4791660404450338,3.190982020951541,2.904480325070695,5.833685902039607,0.5733,Moderate Priority,89.3,32.5,0.22,1250.0
GRID_0503,MP-MH Belt,Madhya Pradesh / Maharashtra,22.4,79.42,0.0810525445113092,0.1505952953078065,0.1444213329998263,0.3546722235682876,0.2107572093521092,0.2466319136524583,1.7818015716718674,0.8545380510287318,0.5942292661163656,0.4212646437464545,228.34191958642904,4.953114336587377,-0.0758817564485086,-0.9971168231648132,19.63988490855692,2.521356397723325,0.6662706847503259,0.5233,Moderate Priority,87.7,32.5,0.22,1250.0
GRID_0504,MP-MH Belt,Madhya Pradesh / Maharashtra,22.4,79.57333,0.0654876508798847,0.1108442001193335,0.2298499441760044,0.3323868751486194,0.2909208000339212,0.2586044680065885,3.509767587021776,1.124959971946569,0.8752449225286657,0.1823728810982251,311.04572054168466,6.882106944375947,0.9970275847248748,-0.0770454106205088,13.673245163236608,2.8641300011035224,0.5120184496656948,0.6667,Moderate Priority,89.2,32.5,0.22,1250.0
GRID_0505,MP-MH Belt,Madhya Pradesh / Maharashtra,22.4,79.72667,0.0968539075794426,0.1413479118254218,0.1521944640513327,0.2981609067035832,0.3298608482797229,0.2529534714688157,1.5713655389790069,1.304032486021455,1.1063145253080675,0.3241131959731629,354.128745558744,14.667215043962097,-0.988027430005611,0.1542783120095221,24.454256508215234,0.6093805198699483,0.4044972575476427,0.83,High Priority,93.7,32.5,0.22,1250.0
GRID_0506,MP-MH Belt,Madhya Pradesh / Maharashtra,22.4,79.88,0.0717720169013474,0.1015089235983205,0.1225244282952562,0.3245678407800424,0.2058475874042297,0.2114332209324865,1.7071099082217345,0.9735774393396766,0.6342185741228651,0.4519043932436353,555.448844032858,12.21361992168124,0.0990291928034825,-0.9950845285565898,14.24675041185126,0.3285703865134671,2.406797365737013,0.4767,Moderate Priority,87.6,32.5,0.22,1250.0
GRID_0507,MP-MH Belt,Madhya Pradesh / Maharashtra,22.4,80.03333,0.090465770236966,0.1597479427425152,0.1716411808426887,0.2440597484993485,0.3631975934513598,0.1629490554891345,1.897284277896698,2.22888904432179,1.488144225093735,0.1742079180899692,210.80416190482688,17.66845935126603,0.255271128621883,0.9668695107883536,6.341984476240774,5.793263172009636,8.915490516606022,0.7067,High Priority,91.7,32.5,0.22,1250.0
GRID_0508,MP-MH Belt,Madhya Pradesh / Maharashtra,22.4,80.18667,0.0560828312427182,0.1449172751321345,0.1266431780326091,0.2876242020079626,0.212699011467781,0.2520839589356767,2.258104969407775,0.8437592324659657,0.7395006069805131,0.3885911446091726,266.9783281107728,13.177578470991968,-0.894133156135408,0.4478011825568733,21.14447669615149,5.213804079762832,10.415928124825538,0.5667,Moderate Priority,90.1,32.5,0.22,1250.0
GRID_0509,MP-MH Belt,Madhya Pradesh / Maharashtra,22.4,80.34,0.0828374768718862,0.1539726887665797,0.1820558270412765,0.2034128825963725,0.2950719898561431,0.1552247393675712,2.1977205993639246,1.9009217869300592,1.450599074605172,0.0554052757483127,301.93520585117585,21.42721730252288,-0.696252922603057,-0.7177965364688669,17.870227132693984,2.4193692101066904,1.6568811165629975,0.7133,High Priority,92.3,32.5,0.22,1250.0
GRID_0510,MP-MH Belt,Madhya Pradesh / Maharashtra,22.4,80.49333,0.0828817653403973,0.1283034205828894,0.1558711380117999,0.2621632791134856,0.2391859637943018,0.255922575095625,1.880621832194441,0.9345991814350468,0.9123514637582,0.254265874964919,348.7586780474405,8.536767704102688,0.1616387854676453,0.986849990136568,8.377297728567601,1.253726827854695,4.548814701279556,0.5833,Moderate Priority,87.8,32.5,0.22,1250.0
GRID_0511,MP-MH Belt,Madhya Pradesh / Maharashtra,22.4,80.64667,0.0520705139373327,0.0864050722023172,0.1769343815813427,0.1819938469469036,0.2152579077967399,0.236915104347557,3.397911222521405,0.9085828436591024,1.1827692454366066,0.0140959971031245,364.9597957518788,10.440222286185652,-0.792017407747187,0.610498505997702,11.977655083732248,7.635802778478906,5.602893474511885,0.8333,High Priority,93.4,32.5,0.22,1250.0
GRID_0512,MP-MH Belt,Madhya Pradesh / Maharashtra,22.4,80.8,0.0879449287463172,0.120678322824642,0.1479482206379378,0.3490659951377453,0.3308893057532249,0.2576913409266622,1.682263440126933,1.2840478865741465,0.9479249266251962,0.4046511416877378,363.791652091806,7.998989195354929,0.9713310089465956,0.2377310898027191,10.65148189917996,7.864078044329923,0.620730448284704,0.79,Moderate Priority,90.7,32.5,0.22,1250.0
GRID_0513,Karnataka Belt,Karnataka,13.5,74.2,0.0439995897893983,0.1598848645268503,0.1229780653734178,0.3470488120317731,0.2657660314791175,0.2409938551709378,2.7949185672744914,1.1027871582180018,0.765786415279159,0.4767179936120967,440.7962313627049,10.555659141240676,-0.4472990419575166,0.8943844626690961,18.78835924011405,10.958448458592436,1.8482359427924928,0.5667,Moderate Priority,89.5,32.5,0.22,1250.0
GRID_0514,Karnataka Belt,Karnataka,13.5,74.4,0.0764183869764559,0.0950799882236449,0.2165960200658022,0.3734656222706939,0.2483478079246275,0.1993791141920655,2.834307217519729,1.2455996874662774,0.6649799289014414,0.2658524552303947,232.33281709299365,10.5384668703352,-0.0174879894004474,-0.9998470734200956,8.975191903240802,0.7799747214277022,1.750544955430757,0.5233,Low Priority / Background,87.0,32.5,0.22,1250.0
GRID_0515,Karnataka Belt,Karnataka,13.5,74.6,0.0600462791251937,0.1217464700244151,0.1902785202514559,0.1816991157214419,0.3369810769309199,0.2255617150234089,3.168811693444766,1.4939573541484816,1.854600232877858,-0.0230642399867262,299.64303810922826,9.322236934165302,-0.9995197845012606,0.0309871003895757,8.047738635337197,4.3011605134773765,0.5046929117882526,0.95,High Priority,93.9,32.5,0.22,1250.0
GRID_0516,Karnataka Belt,Karnataka,13.5,74.8,0.0613716366076827,0.135761041114741,0.1872139179611218,0.2572925128655871,0.2756449283253575,0.2074533059147875,3.0504460669966704,1.328701889844501,1.071324827646772,0.1576544958407802,294.63048468645275,12.070244536509,0.9915672184238924,-0.1295934078072825,15.35903211269173,2.3140791141269093,2.524394557422544,0.4333,Low Priority / Background,84.0,32.5,0.22,1250.0
GRID_0517,Karnataka Belt,Karnataka,13.5,75.0,0.092902538178315,0.1553524469808336,0.2087475897733521,0.1973239521709388,0.3204477479962732,0.1892364466247194,2.246928307215716,1.6933633047361891,1.623959587830917,-0.0281320119496791,286.4590119771263,9.814182908467227,0.9322124856815188,0.3619114277547532,12.631831821290724,1.795261993738553,1.453617840470541,0.8267,High Priority,93.1,32.5,0.22,1250.0
GRID_0518,Karnataka Belt,Karnataka,13.5,75.2,0.0912639707995408,0.1399199213923965,0.1526778476617299,0.2035003680424746,0.2453596798959329,0.250490774126568,1.672907429040651,0.9795119250980194,1.2056905673711324,0.1426880574158802,493.8826379454223,14.500582010892918,-0.5693038577010927,-0.8221271906503604,28.623455455545315,2.2787545436758383,4.936859259905966,0.74,High Priority,92.7,32.5,0.22,1250.0
GRID_0519,Karnataka Belt,Karnataka,13.5,75.4,0.071397174958015,0.0893398322215036,0.1354878149794875,0.2873718293005237,0.368582639252751,0.1770022546011438,1.8976369502324093,2.082349503026421,1.2825939047539572,0.359182194833107,386.039339501808,12.269295340229226,0.9999055413581712,0.0137443938106634,8.934029307262975,2.3202741564568234,2.0896539000555734,0.9467,High Priority,93.5,32.5,0.22,1250.0
GRID_0520,Karnataka Belt,Karnataka,13.5,75.6,0.0835280901070097,0.08905849786073,0.1687639686332953,0.2770145818285391,0.2973488715148771,0.238203276967426,2.020421489293018,1.2482935877576165,1.0734012489554596,0.2428344079110278,414.2372591641568,11.996826810714126,-0.9362818539381844,-0.3512496120796093,11.160343086930537,4.058198999294619,3.6072008282162646,0.4367,Low Priority / Background,85.0,32.5,0.22,1250.0
GRID_0521,Karnataka Belt,Karnataka,13.5,75.8,0.0647210643370993,0.0910718068774499,0.1998918288318441,0.2849344613371244,0.3150874640976996,0.1805598537234188,3.0884649752629096,1.7450485949758925,1.1058204641116975,0.1754080973363564,367.9914369546417,13.770237408532664,0.5112165019162368,0.8594519696693506,23.48878234089997,7.902662679606205,2.047197757658044,0.9633,High Priority,94.3,32.5,0.22,1250.0
GRID_0522,Karnataka Belt,Karnataka,13.5,76.0,0.093684854249878,0.1014134749755438,0.169271843668592,0.359719382113794,0.3613262089648842,0.2222855322589617,1.806802585341344,1.6254975292157716,1.00446409747942,0.3600195412390565,319.0340187814311,8.19588162905143,0.9003137918275805,0.4352413999667816,18.89459098993996,1.368040132797116,1.6236921683184438,0.6667,Moderate Priority,90.9,32.5,0.22,1250.0
GRID_0523,Karnataka Belt,Karnataka,13.5,76.2,0.055071520276268,0.1056454068813199,0.136197418328597,0.2392353531117997,0.3030110866175602,0.1930224449709277,2.4730558479141824,1.569814934466631,1.2665762651713612,0.2744503628106902,475.2540731029231,6.494412603160065,-0.620277615982815,0.7843823551755071,9.409626002534443,6.821532729895246,0.4945538212179164,0.9567,High Priority,94.1,32.5,0.22,1250.0
GRID_0524,Karnataka Belt,Karnataka,13.5,76.4,0.0478190792854774,0.1076501629628927,0.2169242842852868,0.2292696494484603,0.2113856136017623,0.1558051442247626,4.536259402463283,1.3567219357974865,0.9219916029822276,0.0276680980213465,466.9408232156462,11.624613153142398,0.9997977303247364,-0.0201121465166145,19.80861598265925,4.051729969479178,2.2496581779533606,0.7067,Moderate Priority,89.4,32.5,0.22,1250.0
GRID_0525,Karnataka Belt,Karnataka,13.5,76.6,0.0793261587064396,0.0986550043537293,0.2237283584633277,0.2418737124160025,0.3249436977157226,0.1419349575646658,2.820324868703078,2.289368411578714,1.343438073662074,0.0389717230996905,202.95104487687493,4.317536009356462,-0.2698340867787941,-0.962906831221097,18.0632511281011,8.128144490557615,2.475766458701426,0.7167,Moderate Priority,91.2,32.5,0.22,1250.0
GRID_0526,Karnataka Belt,Karnataka,13.5,76.8,0.0844529924033191,0.1329488249772004,0.1626635756582409,0.341771707806713,0.253046246579395,0.208545550130182,1.92606140964211,1.2133801610308812,0.7403933690413438,0.3550659181734214,242.04495883605705,6.908786119250871,0.9455393778001884,-0.3255077342080106,22.35592932970431,3.074878899659645,5.1106440945592935,0.2133,Low Priority / Background,81.4,32.5,0.22,1250.0
GRID_0527,Karnataka Belt,Karnataka,13.5,77.0,0.0957953057887398,0.1236066730287912,0.1993759446388382,0.3606547244477828,0.2177384332543296,0.1678494293439398,2.081248780913568,1.2972170169917472,0.6037293143973227,0.2879815351727892,435.7898825291343,12.49106288980507,-0.7822772070635593,0.6229304706858039,9.071090860257948,2.879323371178421,0.7869576982518118,0.4133,Low Priority / Background,87.2,32.5,0.22,1250.0
GRID_0528,Karnataka Belt,Karnataka,13.5,77.2,0.0574717872997974,0.1417814045470004,0.1290632503231064,0.3455162434961404,0.2769804354483504,0.2115276717320714,2.245641048342913,1.3094226573652492,0.8016399779232566,0.4560933202945217,333.01803144768417,8.829210925919826,0.5342392046167919,0.8453333497800838,10.061420218315249,16.291166711438038,4.939265117566174,0.4233,Low Priority / Background,85.6,32.5,0.22,1250.0
GRID_0529,Karnataka Belt,Karnataka,13.68,74.2,0.0675779652613876,0.0978882038658937,0.2320146126299822,0.2489193191453943,0.2289771977037274,0.2075797266144746,3.4332371283368506,1.1030754224547592,0.9198815046110476,0.035149674932133,458.41982440435424,10.94636368099898,0.1433279359326945,-0.9896752511714504,4.342874101514124,4.080860469667863,1.088542975813025,0.5,Low Priority / Background,86.8,32.5,0.22,1250.0
GRID_0530,Karnataka Belt,Karnataka,13.68,74.4,0.0451874504272091,0.0801142674463341,0.1739500023504314,0.3473726844453184,0.3030167334134138,0.2599048758732129,3.849434992922254,1.1658710384879147,0.8723076818477681,0.3326583588802718,280.2690849300973,5.475159934681162,0.8434833877087357,0.5371552612228561,8.142521291272788,0.896013656543395,1.0072012313647498,0.9033,High Priority,94.0,32.5,0.22,1250.0
GRID_0531,Karnataka Belt,Karnataka,13.68,74.6,0.0875704027164116,0.1524605432509158,0.2370104603649217,0.2264579308192905,0.3586335582105365,0.1793906107132804,2.706482401937179,1.999165717864792,1.5836582682478464,-0.0227685576358525,244.61645046356543,11.925164778188064,0.4267383861932099,-0.9043751156180796,19.998288819592645,3.0203384985828814,13.60691700803864,0.6233,Moderate Priority,91.0,32.5,0.22,1250.0
GRID_0532,Karnataka Belt,Karnataka,13.68,74.8,0.0432846989355757,0.1084012212908997,0.1778280200531972,0.2806267109496639,0.2568684480294146,0.2275088298917081,4.108239543916518,1.1290432951916,0.9153352930120612,0.2242281728523644,260.1830616847885,11.835806093877917,-0.3122737076873221,-0.9499921744347228,16.130153707609573,8.74028904572959,1.0850792950137031,0.8767,High Priority,91.3,32.5,0.22,1250.0
GRID_0533,Karnataka Belt,Karnataka,13.68,75.0,0.0639087257265528,0.1053530411054835,0.176086480253751,0.2371159232477272,0.3730900596058004,0.1775413553606802,2.7552376144933377,2.1014143855862555,1.5734434071414447,0.1476983066373941,356.1883352887135,5.826010011347224,0.3511172809745545,0.9363314877761164,12.583375934484751,3.1213739138816177,1.7035159038154928,0.91,High Priority,92.2,32.5,0.22,1250.0
GRID_0534,Karnataka Belt,Karnataka,13.68,75.2,0.0879815117201674,0.139157972310729,0.1711581952788841,0.2467408415151259,0.2569643811310698,0.2328794104752811,1.945366095290174,1.103417761101658,1.0414301018148036,0.1808629805732651,317.23134586712183,9.498291457936997,0.7327473332245046,0.6805008050343342,22.650831974095446,1.3430975135715877,8.087058741672847,0.5933,Low Priority / Background,87.2,32.5,0.22,1250.0
GRID_0535,Karnataka Belt,Karnataka,13.68,75.4,0.0915701785374938,0.1367828040179178,0.1778670276404791,0.2840647252382771,0.3755440163511125,0.2558924532661145,1.942390940918724,1.4675796178363674,1.3220321319515145,0.229898609561621,410.8735589124417,7.49291242342496,0.945560388035183,0.3254466969854725,17.958198619584792,2.595978599019197,8.044710068594712,0.76,High Priority,92.4,32.5,0.22,1250.0
GRID_0536,Karnataka Belt,Karnataka,13.68,75.6,0.0453405840937605,0.1209220512647594,0.2302225836531745,0.360822732095901,0.2281752584148334,0.1839965240115748,5.077515227017742,1.2400996135169706,0.6323732008685843,0.2209643220213757,242.68214905245304,5.148018234476647,-0.1995734739191384,0.9798828646873292,16.26254132256068,12.31079644343585,0.547985488564549,0.7,Moderate Priority,90.5,32.5,0.22,1250.0
GRID_0537,Karnataka Belt,Karnataka,13.68,75.8,0.0472693276756591,0.0868326786246612,0.2291332396843957,0.2187247619590921,0.2749312871379838,0.1938621638782403,4.847295353156249,1.4181718777202046,1.2569680163665573,-0.0232405236628225,280.05854598767127,10.727643370171387,0.9893565663751012,0.1455114585538535,20.552617766116,1.609230098085055,7.210091531415172,0.86,High Priority,92.7,32.5,0.22,1250.0
GRID_0538,Karnataka Belt,Karnataka,13.68,76.0,0.0780333677099465,0.0857525373853156,0.2290806706602843,0.3715533316352445,0.2139882353105106,0.2038832281833578,2.935638198694407,1.049557571064624,0.5759271715894924,0.2372033937923246,202.3536358378198,6.1401750364585,0.903891801263928,0.4277611618740667,4.556514728033594,4.3146041869665455,9.508782576531246,0.1867,Low Priority / Background,83.0,32.5,0.22,1250.0
GRID_0539,Karnataka Belt,Karnataka,13.68,76.2,0.0701843560162965,0.0866331665115585,0.194400160017289,0.2480445988902514,0.3540665341264336,0.1921613777979764,2.769810841625576,1.8425382646891983,1.4274251819444357,0.1212452324222022,297.3468312903957,7.643908052170377,-0.9930579804193096,0.1176258794888354,19.269094489821825,1.1526495090944535,1.1644365448916218,0.99,High Priority,94.8,32.5,0.22,1250.0
GRID_0540,Karnataka Belt,Karnataka,13.68,76.4,0.0679292183463819,0.155455667975476,0.2318077709704589,0.2213743750844575,0.2644794274237531,0.1579279266144526,3.4124396566554727,1.6746737478272054,1.1947102396680336,-0.0230224711064984,272.9673934782349,0.5,-0.5839145019997338,0.81181516021469,18.66783418079986,13.296684327353832,1.4514188238334191,0.4133,Low Priority / Background,87.3,32.5,0.22,1250.0
GRID_0541,Karnataka Belt,Karnataka,13.68,76.6,0.0695042765811393,0.1516988999316906,0.2168049369294073,0.1807312622689298,0.2576107215530449,0.1906129090323351,3.11925867493402,1.3514791384365588,1.4253720853099252,-0.0907428908117849,281.395024296482,7.222544890084173,0.2351832058578923,0.9719510582752632,6.114975445370978,0.2688353288835909,0.7879122163607305,0.8167,High Priority,92.2,32.5,0.22,1250.0
GRID_0542,Karnataka Belt,Karnataka,13.68,76.8,0.0881148371701676,0.1481191345317237,0.1779679494231963,0.2632141340817372,0.3760136648303207,0.1640677591505684,2.0197044610664943,2.291805379507059,1.4285412050568331,0.1932217889709446,429.33493236860585,6.860725972259246,0.88452101352634,0.4665003500859739,8.275673275372474,2.385065476908661,7.251774071038215,0.7433,High Priority,91.6,32.5,0.22,1250.0
GRID_0543,Karnataka Belt,Karnataka,13.68,77.0,0.0769208704377144,0.112955723888981,0.2321292953485457,0.1896928464951644,0.237849712022335,0.2079066326122111,3.0177281705143484,1.1440162587295286,1.2538609787133932,-0.1006024673466218,305.8151072759176,10.49898872272788,0.572232431333078,-0.8200914854640512,22.02816297669152,5.082488064474814,1.1594732854111185,0.7833,Moderate Priority,90.9,32.5,0.22,1250.0
GRID_0544,Karnataka Belt,Karnataka,13.68,77.2,0.0456112074158745,0.1141689957135467,0.1354505324841666,0.3695247317041334,0.285530755884073,0.1780711009228241,2.969611429878426,1.603455872112281,0.77269519112322,0.4635350526746403,450.7580682762733,9.944975866510337,0.9296977672795308,-0.3683233111214322,23.523965924661304,8.355708739216109,6.055652394326742,0.6033,Moderate Priority,88.5,32.5,0.22,1250.0
GRID_0545,Karnataka Belt,Karnataka,13.86,74.2,0.0803804899773206,0.0837571537926133,0.1879587456199838,0.3326589823994563,0.2245705421750448,0.1674404901661524,2.3383336844467024,1.341188148482214,0.6750753143051084,0.2779389772049639,333.0147642322269,17.36532982823788,0.3282406165078042,-0.9445941444210718,17.718133529672674,5.655171533900455,3.6383300997845422,0.38,Low Priority / Background,85.8,32.5,0.22,1250.0
GRID_0546,Karnataka Belt,Karnataka,13.86,74.4,0.0973588035295643,0.1225071962589287,0.1679663461169313,0.3707407252983415,0.3155798423045938,0.1757780427531867,1.7252124596361424,1.7953212019006324,0.8512120993412378,0.3764086523684141,136.91620026441242,16.33253505122636,0.1823400184934187,-0.9832355351876882,6.748456854545948,1.1090333504103953,2.7615485040605785,0.71,Moderate Priority,90.3,32.5,0.22,1250.0
GRID_0547,Karnataka Belt,Karnataka,13.86,74.6,0.0436409841370409,0.1130673967896953,0.1855937927596405,0.2672093948237158,0.3347609915451783,0.2393509945454375,4.252643330258639,1.398613753693324,1.2527992848707368,0.1802448040502071,366.5403660299704,3.7809209408840303,-0.3981738321182963,0.9173099800047042,15.773363610720477,1.8063430631997808,1.6834523559872547,0.96,High Priority,93.8,32.5,0.22,1250.0
GRID_0548,Karnataka Belt,Karnataka,13.86,74.8,0.0682423568389562,0.0925897266679928,0.1237281756293347,0.3693805798921034,0.2433282654194312,0.1687938684468357,1.8130435160350344,1.4415619838352536,0.6587449907234346,0.4981698323996935,378.9022050605403,18.09662970558788,-0.5274351366333484,0.8495953016846086,19.15336877995924,2.1203365730798813,2.914675567127874,0.46,Moderate Priority,87.5,32.5,0.22,1250.0
GRID_0549,Karnataka Belt,Karnataka,13.86,75.0,0.0423279672837332,0.0949418022584903,0.219749496610793,0.3333536712676671,0.2631156844622864,0.1852172753329055,5.191468413056262,1.4205708588386896,0.7892965275144375,0.2053938141392519,275.40578735243986,7.023063508681187,0.999995396078574,-0.0030344392654818,10.273171467125612,1.0630048633456537,2.1051319929965056,0.7567,Moderate Priority,91.2,32.5,0.22,1250.0
GRID_0550,Karnataka Belt,Karnataka,13.86,75.2,0.0919387021823639,0.0993079763069999,0.1294243491351358,0.2512809471699329,0.334577328421696,0.2060828653633753,1.407709031713204,1.6235008394847206,1.3314817566079804,0.3200803328378646,436.2402288758896,12.076411748313332,0.0418238332386987,-0.9991250006747012,21.8056490781902,0.204469810279836,12.46648641569649,0.7167,High Priority,92.2,32.5,0.22,1250.0
GRID_0551,Karnataka Belt,Karnataka,13.86,75.4,0.0630088673545025,0.0921782571133493,0.2000050626475747,0.2368576578190918,0.3054400887675885,0.2104121489413509,3.1741863781797472,1.451620729523537,1.289545805840367,0.0843571883976778,472.3948753146005,9.110707894918155,0.9955814197834346,-0.0939022714421779,24.189742354561737,5.447639199060925,4.597039674167188,0.96,High Priority,93.2,32.5,0.22,1250.0
GRID_0552,Karnataka Belt,Karnataka,13.86,75.6,0.0636884369726953,0.1316837555277276,0.1380733143682223,0.3665296201084957,0.2689505851557806,0.2275425706371726,2.167915449266986,1.181974003495942,0.7337738524442223,0.4527438058468293,118.5543921221524,14.746500164244956,-0.170413367566629,-0.9853726625772612,13.78387378547336,13.287057467988452,1.9837649390145595,0.32,Low Priority / Background,84.3,32.5,0.22,1250.0
GRID_0553,Karnataka Belt,Karnataka,13.86,75.8,0.069426945804157,0.0895797430800425,0.2163187492982664,0.2293930824934125,0.3619302480870167,0.2492989064396475,3.1157302263912627,1.451786537973032,1.5777662795526133,0.0293335355470692,353.1491562261996,13.105331543514756,-0.8969017839890551,-0.4422297930683214,11.318313634504008,4.593432935692051,0.1046996363185438,0.9867,High Priority,95.0,32.5,0.22,1250.0
GRID_0554,Karnataka Belt,Karnataka,13.86,76.0,0.0698539650033235,0.0923874145296182,0.1419507511154501,0.2530095133385203,0.2778386900089705,0.2147806909438624,2.0320781938505936,1.2935864727947843,1.0981310078495867,0.2811889980568287,383.7363066346866,10.03133900548872,0.911726534322926,0.4107976711369069,9.183151790307456,4.266288299186439,3.043403102137366,0.59,Moderate Priority,87.8,32.5,0.22,1250.0
GRID_0555,Karnataka Belt,Karnataka,13.86,76.2,0.0734025553931712,0.1390636408382646,0.1602731093089081,0.3330213183266262,0.2778980747074748,0.1981021397987116,2.183451584196948,1.4027949026443556,0.8344728248360646,0.3501921958728372,468.6145474042299,16.931457909189486,0.9301296750144538,-0.3672312454809729,15.346503247664696,0.6796863579916186,1.3235403526491605,0.74,Moderate Priority,89.5,32.5,0.22,1250.0
GRID_0556,Karnataka Belt,Karnataka,13.86,76.4,0.0755489796340957,0.1468457364072519,0.125239311445561,0.2273266262940017,0.3601548182531684,0.1410998660220579,1.6577014587180694,2.5524635560838176,1.584298503989928,0.2895544190926135,400.1791167777641,3.503993346173236,0.4085980039266895,0.912714452162956,18.121251339217363,0.2,0.84209983156992,0.8033,High Priority,94.0,32.5,0.22,1250.0
GRID_0557,Karnataka Belt,Karnataka,13.86,76.6,0.0928891491753346,0.1132730923438007,0.2064400042999191,0.3636570070759916,0.2734472830885069,0.1629532845244876,2.2224100847362585,1.678061327975793,0.7519352737127172,0.2757718842004639,439.8669160339174,10.169634579057654,-0.942204964769681,0.3350370193924312,15.10279623796058,4.241963392764252,7.140445860389446,0.0233,Low Priority / Background,80.0,32.5,0.22,1250.0
GRID_0558,Karnataka Belt,Karnataka,13.86,76.8,0.0473488850110178,0.1227228890563725,0.225535523221427,0.2620047573483486,0.286759085191916,0.148455281320035,4.763169396693303,1.931606279250215,1.0944762744684913,0.0748023512681859,308.5610208034767,5.785992767579456,-0.3380139363615344,0.9411411046306396,6.896944153689985,1.6610780683309718,1.8533886117004488,0.7333,Moderate Priority,90.9,32.5,0.22,1250.0
GRID_0559,Karnataka Belt,Karnataka,13.86,77.0,0.0802782654138568,0.0929746697926302,0.1783730864570249,0.3277078078951815,0.3560339383448719,0.2151511129594912,2.22190730741585,1.6548010309892047,1.0864338393332116,0.2950801502774716,268.91060637997504,11.65066319478449,-0.3341434662155873,0.942522224663924,16.1084400130537,1.5381745432363303,8.135864910957501,0.7767,High Priority,91.3,32.5,0.22,1250.0
GRID_0560,Karnataka Belt,Karnataka,13.86,77.2,0.0831975723621687,0.1403050970382695,0.1462871007671859,0.2686079953270321,0.3112063750260715,0.2323968341847921,1.7582885933473564,1.3391104788808594,1.1585850825553217,0.2948229585945984,302.99285004112994,8.562294682422989,-0.8973070067187104,0.4414069955194505,17.257240088622027,3.652417151765074,1.858611251393791,0.79,High Priority,91.4,32.5,0.22,1250.0
GRID_0561,Karnataka Belt,Karnataka,14.04,74.2,0.0588660463486843,0.1264774869305274,0.2075866941244317,0.2621865809925516,0.3132594547414926,0.2239175505386364,3.5263650378319227,1.3989883999693031,1.194791353410411,0.1162257913218501,332.38875660401374,10.373443384656294,-0.7715223266198521,0.6362022473452057,3.909628788026996,1.3838063272071477,1.9792191072503915,0.91,High Priority,93.9,32.5,0.22,1250.0
GRID_0562,Karnataka Belt,Karnataka,14.04,74.4,0.0932098923681375,0.1102678065346117,0.2099670896140252,0.1993637461974437,0.2856902063871911,0.2590023368471282,2.252602504702536,1.1030367788497424,1.4330026337969188,-0.0259040281964904,320.4497710466916,6.826680891885571,-0.0090569225348533,-0.9999589852359934,17.952883849303387,1.330416822487637,1.5806664833242656,0.78,High Priority,91.9,32.5,0.22,1250.0
GRID_0563,Karnataka Belt,Karnataka,14.04,74.6,0.0868050414240979,0.1416979852232323,0.1473720453482862,0.364444663630972,0.3066622728976688,0.1855909149154417,1.6977164599441672,1.6523471565956331,0.841448543638557,0.4241209604013191,599.7415126419854,10.207028740313534,-0.367484957304431,-0.9300294652079366,21.70424604101772,0.9704238267797636,5.025658085936639,0.66,Moderate Priority,91.0,32.5,0.22,1250.0
GRID_0564,Karnataka Belt,Karnataka,14.04,74.8,0.0725056191964609,0.0904863889363762,0.2119388521899333,0.3664887956754701,0.3705152418626531,0.1842821278893407,2.923027642699388,2.010576041910587,1.0109837879108308,0.2671892964774101,100.0,10.254610851874544,0.6499697682195956,0.7599600650037903,7.275127358666138,13.589549632631623,0.6084776823412054,0.7633,Moderate Priority,91.2,32.5,0.22,1250.0
GRID_0565,Karnataka Belt,Karnataka,14.04,75.0,0.0551659515970698,0.1125309221507976,0.165979736227095,0.3389325784795778,0.2821370276991732,0.1604921912004004,3.0086805854233747,1.7579376769129216,0.8324257188231742,0.3425396740685258,356.83715659676585,2.140899734894349,0.7995107760832292,0.6006517451292327,21.07555600766076,6.271110699531276,8.327603817206816,0.5567,Low Priority / Background,86.7,32.5,0.22,1250.0
GRID_0566,Karnataka Belt,Karnataka,14.04,75.2,0.0947352736660693,0.1556860494455065,0.1493658716428441,0.2063130613278709,0.2544098060893607,0.2474102207319577,1.5766492164272323,1.0282872593114327,1.2331190828775207,0.1601079633854845,550.2682766408592,9.269728987746635,0.3540993109501441,-0.9352078260924858,13.847916351497451,0.2358205753168367,2.354984365636652,0.71,High Priority,91.5,32.5,0.22,1250.0
GRID_0567,Karnataka Belt,Karnataka,14.04,75.4,0.060313241646223,0.1178747946875239,0.193580443289174,0.353760219163564,0.3191422837649471,0.1920858642173817,3.2095312484343603,1.661447726085938,0.9021403887049289,0.292650435482282,358.70164803923865,5.337353926111614,0.9765810973428865,-0.2151496230825512,14.771772143926562,9.930512970451453,0.5334447370827816,0.7333,Moderate Priority,89.8,32.5,0.22,1250.0
GRID_0568,Karnataka Belt,Karnataka,14.04,75.6,0.088744819457434,0.1482716586829553,0.229720853119978,0.2330570178172104,0.36271155173418,0.1784795305683718,2.588525910565975,2.032219147820347,1.556314411026434,0.0072089823169244,315.4333625323997,7.176507240355746,0.2722330863759858,0.9622313374039556,14.438349152897375,6.371497337663681,1.7635518819230818,0.7467,High Priority,91.5,32.5,0.22,1250.0
GRID_0569,Karnataka Belt,Karnataka,14.04,75.8,0.055377542522153,0.0952330796819928,0.2003944189031061,0.1800803088050679,0.3450604104554338,0.1495099527355914,3.618629342275349,2.307927306607894,1.916136731485832,-0.0533913430441459,305.2038661550025,4.533372388501105,0.0949919016320287,-0.9954780452748976,5.791555348808064,16.60953029886723,3.0781467195872017,0.7833,High Priority,92.2,32.5,0.22,1250.0
GRID_0570,Karnataka Belt,Karnataka,14.04,76.0,0.0414059773220432,0.114414072675545,0.2250010439692764,0.2402912372821335,0.2170201420593898,0.2310061725907901,5.433892027890081,0.9394519643068524,0.9031508654379904,0.0328614100589075,239.35254438860983,15.819847728585664,0.3303094918740605,0.9438726818686406,25.6998502459766,0.7570165104476356,2.922946709251346,0.8067,High Priority,92.2,32.5,0.22,1250.0
GRID_0571,Karnataka Belt,Karnataka,14.04,76.2,0.0524694304875301,0.1203256063798739,0.1853858023235272,0.2367014380541878,0.3707165279974687,0.241095692820269,3.533148110297761,1.5376259361376958,1.5661711431658394,0.1215756110256465,311.6125258669217,10.910261834295486,0.6185017537085734,0.7857834184171992,6.531398754984904,19.144263705883088,0.5177799324911868,0.8767,High Priority,93.5,32.5,0.22,1250.0
GRID_0572,Karnataka Belt,Karnataka,14.04,76.4,0.0692480701278384,0.1091296845473204,0.1967263705744917,0.205807281777885,0.2774569570476304,0.1729646039368572,2.840852161788189,1.6041163718823468,1.3481331006255182,0.0225593278748182,347.35163717111715,14.349449127342757,0.194865759107784,0.9808299220187704,9.942001091334498,17.035908805984924,2.24341169638359,0.7767,High Priority,91.6,32.5,0.22,1250.0
GRID_0573,Karnataka Belt,Karnataka,14.04,76.6,0.0581968615639267,0.1090066570075741,0.1279686424152596,0.3778699028084078,0.2070725501271246,0.2185888547777431,2.1988547169330976,0.947310891155818,0.5479981353105583,0.4940326685661735,412.6434672453945,9.640411963018526,0.9996841482771792,0.0251317266285246,4.65156358487892,6.067867789618473,0.2113003285395945,0.64,Moderate Priority,89.8,32.5,0.22,1250.0
GRID_0574,Karnataka Belt,Karnataka,14.04,76.8,0.0516273478014013,0.0971651856074279,0.2085780905810027,0.217827739265348,0.3032285175003758,0.1658292584601144,4.039991583370822,1.8285475782051468,1.3920500964337772,0.0216920744155956,633.3495611894273,0.5,0.9949873838452548,0.1000005299424744,15.641172626850585,0.255313981208519,0.9379744880641628,0.95,High Priority,94.0,32.5,0.22,1250.0
GRID_0575,Karnataka Belt,Karnataka,14.04,77.0,0.079254146796719,0.1226893545047368,0.2332849533937113,0.2592554524983401,0.324895401619111,0.1987187296970145,2.943467557912196,1.6349428519980118,1.2531815447146533,0.0527275449210065,175.27783330347444,10.42579470101211,0.2792880906161041,-0.9602073538772814,25.106325061098595,14.120673332059962,1.1983951820143877,0.8033,High Priority,91.7,32.5,0.22,1250.0
GRID_0576,Karnataka Belt,Karnataka,14.04,77.2,0.0425320281148779,0.1197036100400511,0.1853353598579002,0.213688110226383,0.336883629129692,0.258191493012979,4.357445685675753,1.304777010355438,1.5765128544584994,0.0710551670239523,323.82990061841633,11.704751347102652,0.2859432100912053,-0.9582465656618534,18.17226341841037,3.889289604674973,5.683374092742808,0.99,High Priority,94.5,32.5,0.22,1250.0
GRID_0577,Karnataka Belt,Karnataka,14.22,74.2,0.0688080963783023,0.1098565895284101,0.1791896991631182,0.2958259608070098,0.2340339776801028,0.2481089276320389,2.6041571332074964,0.943267284440099,0.7911178110394772,0.2455414124869354,460.3217572053658,16.4887408087867,0.5852215270777898,0.8108734576028122,8.32482015262205,0.4098351973728986,2.247952173758061,0.67,Moderate Priority,90.2,32.5,0.22,1250.0
GRID_0578,Karnataka Belt,Karnataka,14.22,74.4,0.0641671320427897,0.1271048216124978,0.1307066601668686,0.2661966125694517,0.2314616087081284,0.258452010310894,2.0369403940215767,0.895565535993187,0.8695104605708643,0.3413668274934258,375.99579936436913,18.253909161353235,0.8898103000910104,-0.4563306146336733,17.590388045722513,0.4976594246574393,11.173005466866302,0.73,Moderate Priority,91.0,32.5,0.22,1250.0
GRID_0579,Karnataka Belt,Karnataka,14.22,74.6,0.0571755421229909,0.1139046548138859,0.197983670604309,0.1849394595372222,0.3458466434931116,0.2043893828034344,3.46267303430892,1.6920886332783966,1.8700431715078791,-0.034064740350172,326.3551163264141,9.461711690340527,0.8526349623852476,0.5225070534627332,15.88184220444692,1.437755216095028,0.2035544566706148,0.9867,High Priority,94.8,32.5,0.22,1250.0
GRID_0580,Karnataka Belt,Karnataka,14.22,74.8,0.0814369187431981,0.1257926180774212,0.1685423429349882,0.2527222898380127,0.2390265696672395,0.2203533507845021,2.069580676127792,1.0847372371648702,0.9458034905308792,0.1998262862054663,416.603457338986,3.445354120332864,0.3287357755473229,-0.944421934240888,25.195067313711625,1.466135623571668,5.231220960839205,0.6367,Low Priority / Background,86.8,32.5,0.22,1250.0
GRID_0581,Karnataka Belt,Karnataka,14.22,75.0,0.0691153362488344,0.1234724681758611,0.156571309535679,0.2163616931333899,0.2154638698765077,0.2256942969109899,2.2653299933605697,0.9546670791349396,0.9958457567528608,0.1603243018062022,411.2332214002512,5.596352245051055,0.6355997286266031,-0.772018772420586,8.594179889442469,2.2920238492397984,0.3181488498420525,0.57,Moderate Priority,87.7,32.5,0.22,1250.0
GRID_0582,Karnataka Belt,Karnataka,14.22,75.2,0.0585779086001707,0.1330987488555151,0.1998941281762645,0.2372448614479988,0.2828184727803838,0.1632136673614325,3.4123907896720675,1.732800595390691,1.1920902267977975,0.085443414371306,103.80202941100832,9.286069674389443,0.9900536268301994,0.140690497192839,15.305477218057774,1.6397532718119825,0.4088618055062177,0.91,High Priority,92.7,32.5,0.22,1250.0
GRID_0583,Karnataka Belt,Karnataka,14.22,75.4,0.0783557729908817,0.0860114362542069,0.136104291159162,0.3089513453180186,0.2611389116866597,0.2249537392041427,1.7369818327638409,1.1608509009880448,0.8452401014074117,0.3883709172994636,188.2199386184663,11.713501321142733,-0.812063790242904,-0.5835686768293248,14.578215440359974,2.873693747365042,0.9354062365886052,0.7033,Moderate Priority,89.7,32.5,0.22,1250.0
GRID_0584,Karnataka Belt,Karnataka,14.22,75.6,0.07624029986437,0.1497066873872226,0.2398685639715692,0.3015525537486849,0.2728470573792506,0.1670248520259442,3.1461762115583687,1.6335618353072026,0.904804649082802,0.1139295713238427,248.4371745281754,9.35710036596109,0.7405703994238728,-0.6719787820289904,3.8653252761749295,12.256267957167902,1.3780005187998154,0.2267,Low Priority / Background,83.2,32.5,0.22,1250.0
GRID_0585,Karnataka Belt,Karnataka,14.22,75.8,0.0624066754687261,0.1106827609947181,0.2203944252441189,0.3101576641693804,0.3105503930574007,0.1800971626860634,3.5315275499175334,1.7243395958388197,1.001262995148207,0.1691880430372959,353.75418414868216,14.913124025835906,0.5966439632144335,-0.8025060630049929,26.54945821867129,0.2,6.156690024900687,0.9033,High Priority,92.5,32.5,0.22,1250.0
GRID_0586,Karnataka Belt,Karnataka,14.22,76.0,0.0668043715186835,0.1074373215760062,0.1365894678760868,0.2678930748716884,0.2893380988311882,0.1884376033392173,2.044588103785736,1.5354502405769634,1.080046652654676,0.3246203939562478,346.4609921826175,6.468056891390681,-0.2400530591275097,0.970759768842696,24.636149965399493,4.572430778303321,4.942633535497752,0.5967,Low Priority / Background,84.0,32.5,0.22,1250.0
GRID_0587,Karnataka Belt,Karnataka,14.22,76.2,0.0465613541865687,0.1117833034356724,0.1604217241736583,0.2938964776273183,0.3550004336110566,0.1494005861314408,3.4453095634054773,2.376149027619651,1.2079056835636437,0.2937906936897006,414.5890420275893,5.054298618003073,-0.2661639715819458,-0.9639277671235148,14.978398063313463,14.629040159748977,1.6084187997382724,0.81,High Priority,92.2,32.5,0.22,1250.0
GRID_0588,Karnataka Belt,Karnataka,14.22,76.4,0.0596165260152816,0.1285351458558308,0.2316538320654037,0.3473855665689247,0.3791870499319796,0.1427082299842852,3.8856666411488487,2.6570604436288714,1.0915420641538982,0.1998681521642966,243.7492424489699,11.14168023771316,-0.9032790016559192,0.4290536623401389,8.616470435011301,1.6790726609283697,0.8201980261038908,0.8067,High Priority,92.4,32.5,0.22,1250.0
GRID_0589,Karnataka Belt,Karnataka,14.22,76.6,0.087218547962872,0.0845105483082585,0.1643259177099102,0.2811618445184659,0.3008627613830582,0.2274338188151332,1.8840491787444376,1.3228526878622298,1.0700658612923462,0.262264588278572,472.7034597048872,2.8872822663587394,-0.5110703598299096,-0.8595388806233996,26.52796209506057,1.5018050313172662,0.2653422345129331,0.8133,High Priority,92.5,32.5,0.22,1250.0
GRID_0590,Karnataka Belt,Karnataka,14.22,76.8,0.0471563003223846,0.097966590612312,0.1800237522627342,0.348088550109204,0.3262328015759091,0.2346848725042456,3.817516079843965,1.3900828289952023,0.9372094091120003,0.3182362517505865,420.7714882866129,5.056052665950624,0.6194299870007837,-0.7850519035097037,3.696939980826297,1.0651814139098732,0.1895116777321421,0.8967,High Priority,94.0,32.5,0.22,1250.0
GRID_0591,Karnataka Belt,Karnataka,14.22,77.0,0.0754549655696336,0.1591373346736468,0.1400195645940315,0.1893369639798547,0.3403157027283079,0.1703103208021669,1.8556460517997904,1.9981977776076176,1.7973981317582826,0.1497381875537107,403.08943142159495,13.861625819203072,-0.3347531308341494,0.9423058640360544,24.40659855072432,3.126085655932412,2.987533842758653,0.8467,High Priority,94.0,32.5,0.22,1250.0
GRID_0592,Karnataka Belt,Karnataka,14.22,77.2,0.0669759343604642,0.0950905797139259,0.1809476899204057,0.2857168402874884,0.345908692686829,0.2282624846952297,2.7016418659379124,1.5153921493342462,1.210665362508609,0.224505868947315,252.4759074899727,6.536829409739617,-0.9830054752410344,-0.1835762393289179,15.956266258195155,3.4687883979279386,6.735766937684534,0.91,High Priority,92.3,32.5,0.22,1250.0
GRID_0593,Karnataka Belt,Karnataka,14.4,74.2,0.0951922560478325,0.0844125272481428,0.2184769872425374,0.1875394780845341,0.266090532625104,0.2050759970745295,2.2950889202986966,1.297515257298218,1.4188432030399507,-0.0761974836059855,394.6981717009852,7.126363786847364,0.0524700486892275,0.9986224982397252,15.75771100111301,6.265597495877008,7.453871766258713,0.6333,Moderate Priority,89.3,32.5,0.22,1250.0
GRID_0594,Karnataka Belt,Karnataka,14.4,74.4,0.0823297991160774,0.1337423416203892,0.1673209375620797,0.1802568851053602,0.2216286665724119,0.2041465453707247,2.032300662188101,1.0856298378211804,1.2295088586159244,0.03721730640551,229.84118118594824,6.262202887549098,-0.9926403866758042,-0.121099391989018,24.572765978474543,3.689282514500478,0.2312140153815353,0.7633,Moderate Priority,90.6,32.5,0.22,1250.0
GRID_0595,Karnataka Belt,Karnataka,14.4,74.6,0.0515209750580769,0.1471998578595154,0.2069895295949327,0.358952397402499,0.2211603048417686,0.2588267041538089,4.017499899054892,0.8544692136601563,0.6161253980103126,0.2685127078339754,250.16932247089449,12.334568578532746,-0.4830114746819168,-0.8756140218872697,12.29052591273521,5.547162726056704,0.6244086385853653,0.6833,High Priority,92.0,32.5,0.22,1250.0
GRID_0596,Karnataka Belt,Karnataka,14.4,74.8,0.0774877239231235,0.1069160281454008,0.1453449910305542,0.242636410140727,0.2321913923314039,0.2482299329405459,1.8756921481214583,0.9353846016725736,0.956948032855838,0.2507624542156022,414.01696361230506,3.5408983780401364,0.3185155807739019,-0.9479176255372952,10.523877002974046,1.932256362120477,4.092650661672623,0.3767,Low Priority / Background,85.2,32.5,0.22,1250.0
GRID_0597,Karnataka Belt,Karnataka,14.4,75.0,0.0982731947131296,0.1150426925358117,0.2233240079966688,0.2931726147119239,0.228302419716962,0.222874729049761,2.2724582851944977,1.024348504390038,0.7787277171627293,0.1352350981771382,567.8562173991662,10.87450058502205,-0.6389360818328458,0.7692598282323672,19.430399290157283,6.944870026441155,2.011838544943641,0.25,Low Priority / Background,82.9,32.5,0.22,1250.0
GRID_0598,Karnataka Belt,Karnataka,14.4,75.2,0.0761933281394778,0.1060464906015209,0.2380316759686528,0.3134702326100792,0.2078924334493934,0.179194628689761,3.1240078071549244,1.1601423258449832,0.6631946150796771,0.1367872326110439,336.5618931819937,7.511968298378292,0.1495061595406671,0.9887607942568316,14.92204412338513,2.989405367977729,1.2135025281015714,0.2533,Low Priority / Background,83.0,32.5,0.22,1250.0
GRID_0599,Karnataka Belt,Karnataka,14.4,75.4,0.0662979164819899,0.1010154647904004,0.1397661296331577,0.3178286713960675,0.2926228009282041,0.164018505349924,2.108120872097888,1.784073182661501,0.920690631692308,0.3891262580697009,436.254348461517,2.3726195266752432,0.4384113892187665,0.8987744176395271,17.531812758777637,6.998173381372962,3.779781819342177,0.2367,Low Priority / Background,83.0,32.5,0.22,1250.0
GRID_0600,Karnataka Belt,Karnataka,14.4,75.6,0.0801631254201921,0.118159353230254,0.1970733796208538,0.1876723109575949,0.3118635960782212,0.2333453246644252,2.458373725003104,1.3364838573168507,1.6617365276231917,-0.0244344367176357,422.8345213069543,0.5,0.9851883674133128,-0.1714755980117624,14.033814981781116,5.147325847658848,3.540780538518898,0.8033,High Priority,91.6,32.5,0.22,1250.0
GRID_0601,Karnataka Belt,Karnataka,14.4,75.8,0.0922580559917525,0.1073867265968792,0.2123726768862702,0.2922711648378676,0.3589105683220542,0.2033374529954745,2.3019168644567007,1.7650894999680269,1.2280011971757665,0.1583261758479907,614.201191049262,12.691446197713596,-0.9999907474855444,-0.0043017372423482,27.92602397637083,3.292990674850875,0.2950138702996671,0.83,High Priority,93.3,32.5,0.22,1250.0
GRID_0602,Karnataka Belt,Karnataka,14.4,76.0,0.0860853627051199,0.1397779716070869,0.1574043985791374,0.24124784904568,0.3508114485629933,0.1486828709289592,1.828447545383118,2.359445220057596,1.454147656872625,0.2103167375810514,410.3478041667984,8.464105692055682,-0.551565936124981,-0.834131295484454,17.20726168073714,13.743906233306122,3.400752736134055,0.69,High Priority,91.4,32.5,0.22,1250.0
GRID_0603,Karnataka Belt,Karnataka,14.4,76.2,0.0648657887480222,0.1351627367124332,0.1612775563579644,0.2354516832698372,0.3794029900282423,0.2300948277415745,2.486288584200676,1.648891219593768,1.6113767945189772,0.1869636329750421,216.343149968508,16.014958109915426,0.3039981188438673,0.9526726319882344,14.33025534368626,7.178110490598614,2.3125426388636594,0.9567,High Priority,94.0,32.5,0.22,1250.0
GRID_0604,Karnataka Belt,Karnataka,14.4,76.4,0.0904471043163468,0.0826741226474577,0.1640102491711128,0.2274140782348356,0.2805091342682819,0.1486851671832947,1.8133077570921607,1.8865852794663869,1.2334676154525683,0.1619819276486584,302.3602239398485,9.39013178959508,-0.0908291980139256,0.9958664854226932,18.63388750664424,4.037836200750685,8.013688335006373,0.4867,Moderate Priority,88.5,32.5,0.22,1250.0
GRID_0605,Karnataka Belt,Karnataka,14.4,76.6,0.0403209393216533,0.139859104494472,0.2283660783723018,0.2079441133957908,0.2173026533117872,0.1909487128623146,5.6635688216927225,1.1380098459141152,1.045000047191231,-0.046805961803899,357.2153236821761,13.32206753867273,-0.1716596206380714,-0.9851563199017672,18.23738584860242,1.1700867439698928,3.283318546556327,0.75,High Priority,92.1,32.5,0.22,1250.0
GRID_0606,Karnataka Belt,Karnataka,14.4,76.8,0.0447219146024505,0.128300411507009,0.1396718065143843,0.3271907121030356,0.2542216330629034,0.1956069210565575,3.12304794434688,1.2996489696825646,0.7769806619760796,0.4016567971384314,372.7991163709061,4.720394395235494,-0.998620032058167,-0.0525169646128328,16.12924281761628,1.80226995372586,3.257430499185093,0.61,Moderate Priority,89.5,32.5,0.22,1250.0
GRID_0607,Karnataka Belt,Karnataka,14.4,77.0,0.0494969830419624,0.135049412736508,0.1353825687372554,0.2650712992539967,0.2444970932729978,0.2298050299313819,2.735112835253983,1.0639281020868014,0.9223788904427038,0.3238535497577579,405.1964259331828,8.451558872819502,-0.6285703466901945,0.7777527365826292,16.773574786725227,0.4590286672390459,1.4904580120677915,0.8233,High Priority,92.0,32.5,0.22,1250.0
GRID_0608,Karnataka Belt,Karnataka,14.4,77.2,0.0827993037700763,0.1327538597479933,0.1949640803287929,0.2365081727324887,0.2680444908981924,0.1523535373640343,2.354630012833988,1.7593469517598264,1.133336554355855,0.0962842820706554,226.7423945384517,10.145144030774306,-0.9666252703334792,-0.2561944315412186,24.89963698133284,1.431372150206084,1.1766320411005615,0.8,High Priority,91.9,32.5,0.22,1250.0
GRID_0609,Karnataka Belt,Karnataka,14.58,74.2,0.0600529202356068,0.0820593927797773,0.1609257447396748,0.3406609147036067,0.3615137292349529,0.2021861978763113,2.6796875892251824,1.7880149338441802,1.0612097027326592,0.3583325199097247,301.574164806917,9.793320270669277,-0.6881828651139577,0.7255372796511179,1.5,12.899501098208294,0.1,0.79,High Priority,92.0,32.5,0.22,1250.0
GRID_0610,Karnataka Belt,Karnataka,14.58,74.4,0.0748854936921452,0.123914601959947,0.1463184481453658,0.2657774862700421,0.3174075210698786,0.2272557436258313,1.9538696623569256,1.396691319279294,1.1942558840047697,0.2898809191437892,335.4062563886698,7.799534696896861,0.9964188071578876,-0.0845550751998514,10.305575250744765,0.2,0.3939231670339972,0.9333,High Priority,93.8,32.5,0.22,1250.0
GRID_0611,Karnataka Belt,Karnataka,14.58,74.6,0.0991809953766497,0.1052173389901828,0.1338361308406859,0.2013982522349246,0.3295027941805949,0.2425482396839169,1.349399458363738,1.3584985655283577,1.6360676145720854,0.2015363675945879,334.1462307583543,5.868914222624658,0.9920502885380004,0.1258420637611692,3.9443538854053912,14.112030361567944,7.091593765229868,0.71,Moderate Priority,91.0,32.5,0.22,1250.0
GRID_0612,Karnataka Belt,Karnataka,14.58,74.8,0.0740083663006279,0.1083539193589909,0.1657376258441682,0.2623704566288994,0.3309642779842899,0.1941966794622605,2.2394142002370043,1.7042648444653945,1.2614340074820292,0.2257201137301503,360.8412473352901,13.20036604039709,0.5623771473682274,0.8268808524315792,2.466115367276206,1.1186501648445395,1.6005727314341016,0.9233,High Priority,94.4,32.5,0.22,1250.0
GRID_0613,Karnataka Belt,Karnataka,14.58,75.0,0.0523721629541067,0.1501248392630974,0.1389943507270917,0.2711321643106184,0.3090258632827776,0.2230236689793013,2.653923171470262,1.3856129220909548,1.1397567836030131,0.3221871460425592,446.41558841719785,8.625498839012431,-0.4161997688155741,-0.9092732001097704,9.637402758944212,3.124541338296626,5.156684434070849,0.8533,High Priority,93.5,32.5,0.22,1250.0
GRID_0614,Karnataka Belt,Karnataka,14.58,75.2,0.0768724610932789,0.1465729962983294,0.1792814004719166,0.2036923410188963,0.2024551722504586,0.1763863456062309,2.3321624644215646,1.1477873968488743,0.9939214077286754,0.0637403408171379,339.83641522709473,14.416227965237647,0.958963263865676,-0.2835303485627067,18.01649714712131,3.422462908215306,1.6399745526469218,0.4633,Low Priority / Background,86.7,32.5,0.22,1250.0
GRID_0615,Karnataka Belt,Karnataka,14.58,75.4,0.0646313670610856,0.098507897056012,0.136364532603535,0.2193377116462426,0.2099598296894023,0.1637756890188292,2.1098489627442154,1.2819884865621105,0.9572401885355882,0.2332651736638173,294.77387478873914,5.062853576670337,0.7790883683787388,-0.6269141203202832,14.529414523315692,3.921879827021301,3.182024605947544,0.2533,Low Priority / Background,84.3,32.5,0.22,1250.0
GRID_0616,Karnataka Belt,Karnataka,14.58,75.6,0.0632230007160932,0.1317777826718284,0.1253722066426184,0.1908095254699453,0.2823014755315179,0.2059546761327242,1.9829843923607609,1.3706904360800145,1.4794858660770442,0.2069604446457583,447.3905119993228,7.732723357505437,0.6174462710146275,-0.7866130576148168,17.36391511747265,1.9033925106088423,1.53325333609923,0.8433,High Priority,91.7,32.5,0.22,1250.0
GRID_0617,Karnataka Belt,Karnataka,14.58,75.8,0.0490297298843551,0.1202856059522844,0.216197110779764,0.2683068020757794,0.2883104436616758,0.2418521102337577,4.409420608049093,1.192089046872359,1.0745510992641467,0.1075524518191046,341.291527385685,18.45943547239454,0.9988312125646835,-0.048334343965383,15.15804914199228,1.249668688647663,0.9405169588518152,0.9833,High Priority,94.1,32.5,0.22,1250.0
GRID_0618,Karnataka Belt,Karnataka,14.58,76.0,0.0881879853361747,0.0835316449669964,0.2390510624434584,0.2060703359429583,0.3432923345714487,0.1873730380126019,2.7106680220007098,1.832123266449327,1.665890760597941,-0.0740936124986212,446.4601757303694,14.697304489777014,0.5202939589535281,-0.8539872342584895,13.871928186965516,3.855476082747358,0.1516691055602921,0.7867,High Priority,92.9,32.5,0.22,1250.0
GRID_0619,Karnataka Belt,Karnataka,14.58,76.2,0.0401408484320471,0.099583989840138,0.201669971150252,0.2042529786718273,0.2204771525848189,0.1893152729643084,5.023933352038895,1.1645969421043123,1.0794264768719983,0.0063632794337644,483.2551467665128,14.18019406089497,0.9006394111526421,0.4345671997270641,17.953724808686218,9.956840161732604,4.442113049918671,0.8,Moderate Priority,91.0,32.5,0.22,1250.0
GRID_0620,Karnataka Belt,Karnataka,14.58,76.4,0.0501300163991542,0.145744116740336,0.2123100671089904,0.2993445980212434,0.2606963663304115,0.1715010325119853,4.235103980707888,1.520077415480151,0.8708875896411574,0.1701037178785067,305.3667921232815,10.122650345622606,-0.5104515986513669,-0.8599064864473717,7.662655755991802,2.226274041542533,1.935123566468564,0.6167,Moderate Priority,87.8,32.5,0.22,1250.0
GRID_0621,Karnataka Belt,Karnataka,14.58,76.6,0.061810867442156,0.1312804845856561,0.2281511049355876,0.2127840524093889,0.2686535857825622,0.1569042324741033,3.6910566591293015,1.7122028471988815,1.2625585431897943,-0.0348509693982203,491.64117917002926,13.479579939995917,-0.4148745454903795,0.9098786246000896,14.906197454330814,0.2941487393455916,6.726564439853651,0.8167,High Priority,92.0,32.5,0.22,1250.0
GRID_0622,Karnataka Belt,Karnataka,14.58,76.8,0.0717885434242032,0.1335478680610237,0.2197888711092543,0.2100621244967937,0.2069464811488641,0.2454657375095422,3.06157220990424,0.8430734169871764,0.9851633010058498,-0.0226281294768605,285.96812408205847,6.514922602340604,0.1968694885820449,-0.9804297039897578,11.682173009132562,4.560324313451276,0.1,0.68,Moderate Priority,88.4,32.5,0.22,1250.0
GRID_0623,Karnataka Belt,Karnataka,14.58,77.0,0.0564937394954252,0.0826239899421516,0.1704402467034598,0.3590200058132489,0.3768774340688424,0.2164457064204353,3.016922428985826,1.7412019813171915,1.0497364442928498,0.3561729176845435,229.0801288760394,10.255337574835687,-0.4722184722981257,0.8814815451388782,18.86346752198003,6.175265899670636,0.6707052537834044,0.8733,High Priority,93.6,32.5,0.22,1250.0
GRID_0624,Karnataka Belt,Karnataka,14.58,77.2,0.0526604015024515,0.1350634398741804,0.1463667300132476,0.2677343393606097,0.3407603286069094,0.2340743021717409,2.779392986843196,1.4557722469878251,1.272750655257889,0.2930862179241845,440.0707719041996,16.4366325960326,-0.8489362082783507,0.5284953304183271,12.627208953113929,5.317805384146778,0.7779675099540146,0.98,High Priority,95.0,32.5,0.22,1250.0
GRID_0625,Karnataka Belt,Karnataka,14.76,74.2,0.0564407068231328,0.1051872924326988,0.1340164929280742,0.234631924073989,0.2377134603762558,0.1946394499770322,2.37442310786298,1.221295267270016,1.0131291732156709,0.2729298528779489,445.8816306467672,15.07458832532393,0.5659963967198071,0.824407713998477,14.75637396802043,2.2606261910020944,4.238390408382338,0.7933,Moderate Priority,89.5,32.5,0.22,1250.0
GRID_0626,Karnataka Belt,Karnataka,14.76,74.4,0.055441927504098,0.1354807869637056,0.1247653449086696,0.3478816075218544,0.2806707524638373,0.216403149722953,2.250338330338846,1.2969749093220269,0.8067973114930883,0.4720559170220488,427.7986678308069,13.107837563905418,-0.9902522753309468,0.1392854306877884,7.476557967532006,3.2047967073859445,2.884860201864601,0.6067,Moderate Priority,89.2,32.5,0.22,1250.0
GRID_0627,Karnataka Belt,Karnataka,14.76,74.6,0.0673795554293439,0.1515273095406276,0.1797443016617183,0.3483617418057638,0.3442433704886447,0.1892605785618027,2.6675989907830364,1.818876145409688,0.9881750519709256,0.3192864822194481,300.843806098107,3.642734084947497,-0.8875079208088917,0.4607924592497992,14.83299249630688,8.201979725700102,1.3084417203652785,0.6133,Moderate Priority,87.5,32.5,0.22,1250.0
GRID_0628,Karnataka Belt,Karnataka,14.76,74.8,0.0785325782201618,0.0996505259239051,0.1331135334441792,0.3388768450185713,0.2178143522135672,0.1725657674095501,1.6949887737320122,1.262203351683767,0.6427518216826199,0.4359471824348819,195.25778716308488,8.191130625743668,-0.1685525888820971,0.9856926624364932,19.578441348866946,19.494135965414326,0.937055739763877,0.4833,Moderate Priority,87.8,32.5,0.22,1250.0
GRID_0629,Karnataka Belt,Karnataka,14.76,75.0,0.0424586933349934,0.1364050627364303,0.1741183803178012,0.2001505687919152,0.3273541074160477,0.1437409890934305,4.1007922253244455,2.277372878173207,1.6355310597459107,0.069554578282433,335.6340470102882,9.257137457486293,-0.2470685384696948,0.9689980068598948,19.840195714913687,2.5344584071430387,1.2298326468222132,0.87,High Priority,94.2,32.5,0.22,1250.0
GRID_0630,Karnataka Belt,Karnataka,14.76,75.2,0.0540690404069902,0.1184518422649927,0.1862194480241002,0.306354968730551,0.246281330719765,0.2538384897083588,3.444041221763646,0.9702246526051658,0.8039057692927687,0.2438926438878487,412.38959430765766,9.94000218833592,0.8659169834592236,-0.5001877425096287,11.94376067832042,2.981222383207341,2.5365503951261537,0.6867,Moderate Priority,89.1,32.5,0.22,1250.0
GRID_0631,Karnataka Belt,Karnataka,14.76,75.4,0.0661353494807625,0.1131877480241276,0.2079268098495967,0.3171752550172929,0.3499888307664526,0.1699950777487394,3.143911199847485,2.058805328930877,1.1034521822807029,0.2080514330941678,489.02553275119897,18.043058864934217,0.7300953489260685,-0.6833452871546873,2.12421018177902,0.7648492058910128,0.7216368176613238,0.9467,High Priority,94.3,32.5,0.22,1250.0
GRID_0632,Karnataka Belt,Karnataka,14.76,75.6,0.046330818784072,0.1346455660152099,0.1992872871730981,0.3701212743159746,0.3313421144565034,0.1462455006507358,4.301305072910479,2.2656413177899606,0.8952233827830519,0.300019526711363,335.1806458617485,19.44429559322691,-0.1497389788600047,0.9887255626360446,5.687543649091223,3.799687723683861,7.0718154169046255,0.8067,High Priority,92.2,32.5,0.22,1250.0
GRID_0633,Karnataka Belt,Karnataka,14.76,75.8,0.0449823254686111,0.0952841494966946,0.1728905932129581,0.2969513616674609,0.346921013335304,0.2585914538171824,3.843437349548536,1.3415743894080043,1.1682716089114658,0.2640473102040613,298.4829100907982,9.430664963707224,-0.9487561686396696,0.3160090702308639,6.398619722440436,3.414286087648706,4.067996759144895,0.98,High Priority,94.1,32.5,0.22,1250.0
GRID_0634,Karnataka Belt,Karnataka,14.76,76.0,0.0862247072241186,0.1199694729599009,0.156625743615463,0.3747485164076987,0.3194052699721687,0.1889885023215558,1.816462266970569,1.6900688453516175,0.8523166968538002,0.4104872567509597,393.866796255826,14.378099816657066,0.998794205902413,0.0490931182119079,8.454686216119908,0.941959655295486,2.2640076569358865,0.72,High Priority,91.3,32.5,0.22,1250.0
GRID_0635,Karnataka Belt,Karnataka,14.76,76.2,0.0573992435586485,0.1303124115938892,0.134152640984908,0.3109882209134643,0.2509933750395864,0.1400291521321415,2.33714410719944,1.7924237831487375,0.8070806258247378,0.3972566839128885,313.432291746948,12.269218366172728,-0.984152662567173,0.1773232549947805,16.157894947292696,2.338875846812092,3.4320274381490803,0.5167,Moderate Priority,87.5,32.5,0.22,1250.0
GRID_0636,Karnataka Belt,Karnataka,14.76,76.4,0.0438121433454351,0.1116997877453124,0.2356581193425816,0.2877961748900241,0.251818310600272,0.1544325155754328,5.378708336094192,1.630593654893984,0.8749853458307898,0.0996036454724901,358.292055930958,14.347183591258132,0.7118061965316007,-0.7023759239746308,22.143947971558656,15.073693979444274,0.1,0.8533,High Priority,92.7,32.5,0.22,1250.0
GRID_0637,Karnataka Belt,Karnataka,14.76,76.6,0.0582234310979095,0.1536855589039665,0.1585122525983328,0.230450566771034,0.2961596737876245,0.2388562099904645,2.7224354039935648,1.2399025920107145,1.285127621119083,0.1849486008475953,294.9412932999293,12.293601540510952,-0.9716435617770112,-0.2364503940730142,5.498381549146087,7.645978256567997,9.873114640367506,0.57,Moderate Priority,90.3,32.5,0.22,1250.0
GRID_0638,Karnataka Belt,Karnataka,14.76,76.8,0.0475993523708316,0.1136504189503055,0.1777129929701164,0.2552623633909995,0.2653740422689205,0.1462722401073916,3.7334386011607488,1.8142350718018343,1.0396088132022063,0.1791076332034271,183.1655111891274,7.169959206809303,0.9404411186477538,0.3399566183449904,24.97597798116367,8.46500807839973,4.8669729825989085,0.7533,Moderate Priority,89.2,32.5,0.22,1250.0
GRID_0639,Karnataka Belt,Karnataka,14.76,77.0,0.0691834976853336,0.1038760528918208,0.1965711270955742,0.2376304271554806,0.2424814274582681,0.2276617584831592,2.841259728293803,1.065090439357938,1.0204097596047943,0.0945625484187408,273.39547975996004,7.924298272757618,0.9984002209859032,0.056542008589186,14.204055529166466,2.2692192930234167,6.199965895431989,0.1667,Low Priority / Background,81.7,32.5,0.22,1250.0
GRID_0640,Karnataka Belt,Karnataka,14.76,77.2,0.0636994162329419,0.1068006855966156,0.1448739027059682,0.2555593647818823,0.2570031840830467,0.2212764751157769,2.2743007231881847,1.161452081593833,1.0056457084117714,0.2764135616322404,423.5721311018888,12.776783701308414,0.4022862242898271,0.9155139506018656,3.908717869864772,1.0615692532815415,1.5697336188455813,0.6833,Moderate Priority,89.6,32.5,0.22,1250.0
GRID_0641,Karnataka Belt,Karnataka,14.94,74.2,0.0962169552345217,0.1101801588572556,0.1996888945439801,0.2310174444842796,0.2228660436751817,0.147024392009606,2.075380775420328,1.5158336980364628,0.9647110392968964,0.0727374416488501,265.0279078522304,7.826572332672216,0.8881666168568382,0.459521556296414,1.5729207045172018,3.5316687108939373,2.482301058388781,0.0267,Low Priority / Background,80.6,32.5,0.22,1250.0
GRID_0642,Karnataka Belt,Karnataka,14.94,74.4,0.0588020616674366,0.1036087088147428,0.2080082219201887,0.3542553976242314,0.234664693842535,0.1517142512642179,3.5373706065950845,1.5467442586497615,0.6624148368703555,0.2601038205507947,449.3334501607768,8.720694502509977,-0.3168786027032936,-0.948466104375274,18.52042622527512,2.227867603005749,0.4033463073292331,0.6433,Moderate Priority,90.1,32.5,0.22,1250.0
GRID_0643,Karnataka Belt,Karnataka,14.94,74.6,0.0753598986968636,0.1220112681415703,0.1443592271029436,0.2703738089304556,0.3434505507228163,0.2108511323729469,1.9155719955466968,1.628869231046402,1.2702757038698709,0.3038443216108835,360.8014120979501,5.920081546805682,-0.95623220355005,-0.2926089077485781,17.236411929256448,0.8282554098549757,3.7154160166772847,0.9533,High Priority,94.3,32.5,0.22,1250.0
GRID_0644,Karnataka Belt,Karnataka,14.94,74.8,0.0806405107648909,0.0819541506352506,0.1694097201108291,0.2465900493924746,0.3204941715656558,0.1659362974773105,2.100775624166324,1.9314173271351407,1.2996991267738875,0.1855292945101933,472.2798635970556,13.592566231070986,-0.9552326545474916,0.2958556669833324,15.053432370292928,12.720592034643584,11.51993974236182,0.7267,High Priority,91.9,32.5,0.22,1250.0
GRID_0645,Karnataka Belt,Karnataka,14.94,75.0,0.0406402076203697,0.1298193021101982,0.1695407277310687,0.3519708980670243,0.2453266463616437,0.2577235386938091,4.171645914529698,0.951894792808632,0.6970063454183133,0.3498096907179857,476.8583235647469,12.211357403599871,0.5122802987383096,0.8588183134543582,17.409104020042385,0.2,5.092807813697277,0.6933,High Priority,92.5,32.5,0.22,1250.0
GRID_0646,Karnataka Belt,Karnataka,14.94,75.2,0.0408369411215146,0.1325695071249018,0.1638112704278167,0.3022989705438398,0.3252856532580405,0.1810970263023565,4.011251937025686,1.796185523938025,1.076036007125139,0.2971129806424135,280.39798383990484,12.65502142497012,-0.99879961748665,-0.0489828960814008,29.2423465860886,3.564051290008453,1.646858912745926,0.9433,High Priority,93.0,32.5,0.22,1250.0
GRID_0647,Karnataka Belt,Karnataka,14.94,75.4,0.0638852306941738,0.0821157522078134,0.1602668642035988,0.3752040315048988,0.357240003720876,0.1795253680441061,2.5086292063590863,1.9899026957037813,0.9521194379724404,0.4013976625550266,461.9687778553381,11.273739230163942,0.3606682102820762,-0.9326941846564308,17.00702758693201,5.907951561905152,0.2206689915017221,0.79,High Priority,92.2,32.5,0.22,1250.0
GRID_0648,Karnataka Belt,Karnataka,14.94,75.6,0.0513616525475117,0.141705851457348,0.2209727711947493,0.3035389172377182,0.315996170533367,0.1434004940460061,4.302207153151678,2.2035765571032955,1.0410366234826824,0.1574149641445698,351.109522031958,12.1770047530125,0.998389045519636,-0.056738997051321,17.308005296538465,6.166608502404392,0.7256590908139098,0.8533,High Priority,93.7,32.5,0.22,1250.0
GRID_0649,Karnataka Belt,Karnataka,14.94,75.8,0.0424198096630907,0.0960909234072301,0.1414354652105159,0.2475495993469694,0.2753209094915825,0.2010246669797249,3.334105745123841,1.3695808780445475,1.11218033896048,0.2727967498197399,174.9024425594772,9.201286523015726,0.1822602491096021,0.983250324990796,4.676641973314744,1.7738991139896798,6.050888885983214,0.88,High Priority,93.2,32.5,0.22,1250.0
GRID_0650,Karnataka Belt,Karnataka,14.94,76.0,0.0848045984678896,0.1486212438697954,0.1793979353654953,0.2061862504253555,0.325319858501829,0.164728853592461,2.115402032489892,1.974868862001572,1.5777884317808597,0.0694744405309977,506.65091267059086,6.781505716902755,-0.8901251320341621,0.4557161938324833,13.420222782819966,0.6730349460559665,7.0021501001131305,0.8233,High Priority,93.6,32.5,0.22,1250.0
GRID_0651,Karnataka Belt,Karnataka,14.94,76.2,0.0918538361356934,0.1171666211551396,0.2093241845164788,0.3038890147636306,0.3445536156207941,0.1918166120943094,2.278858613467589,1.796256411801176,1.1338102566113997,0.1842599647083007,330.669577355203,16.622132871564524,-0.3624757175728414,0.9319932157317744,1.5,7.687257732776739,5.17080606141062,0.7633,High Priority,92.2,32.5,0.22,1250.0
GRID_0652,Karnataka Belt,Karnataka,14.94,76.4,0.0732693468592702,0.094383825079606,0.1761309877149095,0.3736145005819357,0.3355375147470533,0.2373395124654958,2.403850879172209,1.4137388988566928,0.8980824249112446,0.3592265108938567,241.0156414979525,9.841853892678817,-0.7963569142572292,-0.6048269712196241,10.935051086815289,8.860745585256424,0.1515870340506656,0.78,Moderate Priority,90.9,32.5,0.22,1250.0
GRID_0653,Karnataka Belt,Karnataka,14.94,76.6,0.0911463331385123,0.1238720749393529,0.1436776764691271,0.24345104328994,0.2507473193152809,0.2037030841146171,1.576323426279372,1.2309390869855816,1.0299659675341175,0.2577259293936602,321.209392313208,11.102673989419326,0.994563152275336,0.1041351820286828,20.28508182252577,7.2113716222096444,1.7789957742741769,0.32,Low Priority / Background,83.3,32.5,0.22,1250.0
GRID_0654,Karnataka Belt,Karnataka,14.94,76.8,0.0873918772621323,0.1294677045636366,0.1335719687308587,0.2112662876785677,0.2786660705809587,0.1876267271706847,1.528407954005377,1.4852073026896313,1.319021385861378,0.2253058997884592,100.0,12.313216633089104,0.646418201902707,-0.7629832948688137,23.30378355954601,0.9362300106838194,0.7717965546530492,0.8,High Priority,93.1,32.5,0.22,1250.0
GRID_0655,Karnataka Belt,Karnataka,14.94,77.0,0.0745300611081435,0.1138751043919834,0.1817913010632806,0.2141354870604467,0.3193231254220218,0.242304648902716,2.4391347494637703,1.3178525835781392,1.491213056707533,0.081692134190537,344.03456880078085,2.342503637706627,-0.1531610986983834,0.9882012334770202,19.8142433098121,0.4726287888201146,2.794327343304471,0.9367,High Priority,94.0,32.5,0.22,1250.0
GRID_0656,Karnataka Belt,Karnataka,14.94,77.2,0.045377906398277,0.1567388348259057,0.2058795182486773,0.3376319576271412,0.3267387849388946,0.2107674843291759,4.536899070280241,1.550226002615256,0.9677336810813434,0.2424092274352256,179.98239873811764,15.0685638959574,-0.2678969217107593,0.9634475799636943,13.055471997359534,3.4561069095463552,8.044299993480315,0.81,High Priority,92.4,32.5,0.22,1250.0
GRID_0657,Karnataka Belt,Karnataka,15.12,74.2,0.074999974599311,0.1230707349517146,0.1745379279546428,0.2218575523060239,0.2006695389472506,0.1689807472227273,2.3271421323136523,1.187521979416848,0.904493141515023,0.1193744816307759,112.15683401266716,10.86693189691611,0.3180546307274828,-0.9480723874645884,7.458589518885495,0.2457292323786082,4.480429799891319,0.5267,Low Priority / Background,86.3,32.5,0.22,1250.0
GRID_0658,Karnataka Belt,Karnataka,15.12,74.4,0.0742409905043187,0.1408563844835116,0.1379835358663861,0.2943657542365382,0.2456556453814476,0.1673674180280024,1.8585646064858607,1.4677538825774583,0.8345223835435275,0.3617025868837142,335.77515713602145,6.822421245162526,-0.0887371678713974,0.9960550763076124,11.890778742508372,1.845419867502144,0.4189034676160093,0.6133,Moderate Priority,88.4,32.5,0.22,1250.0
GRID_0659,Karnataka Belt,Karnataka,15.12,74.6,0.0519449387696774,0.1270162582673181,0.1276852228637746,0.3524868260282314,0.3730699422626865,0.1696096904800857,2.458040529980924,2.199566201910423,1.0583909988222024,0.4681678900621015,310.28846684321474,9.813376999003836,-0.7733500491821593,-0.6339792594635504,4.522235284668945,1.1586333469116996,3.1841496137537284,0.8767,High Priority,93.2,32.5,0.22,1250.0
GRID_0660,Karnataka Belt,Karnataka,15.12,74.8,0.0649730218619388,0.0943727431223929,0.2026930897784188,0.2930144566073387,0.3545609698873093,0.1540971078651791,3.119602018928652,2.30087815353006,1.2100418660249923,0.1822065959674463,290.8698553303462,12.965209096841576,0.661363409982899,0.7500656237528767,20.50896644093665,5.9342795206600005,1.7477560058516648,0.9567,High Priority,94.1,32.5,0.22,1250.0
GRID_0661,Karnataka Belt,Karnataka,15.12,75.0,0.0966990871333506,0.0913289080494319,0.1971400068978885,0.2563960090925892,0.372226640706358,0.1795969874348331,2.038674552857745,2.0725546317239205,1.4517589032091278,0.130653067126818,433.31577666294345,7.163878172480037,-0.0276161032033387,0.9996186026899772,11.563453226650616,3.671728902506015,1.04837940368817,0.8533,High Priority,92.7,32.5,0.22,1250.0
GRID_0662,Karnataka Belt,Karnataka,15.12,75.2,0.0409158903787617,0.0976103395358021,0.153832426121011,0.2687199402636374,0.2307984461144123,0.2447905228030007,3.759631406419361,0.942836759507193,0.8588777855867132,0.2718887678628617,191.13118696224103,7.751738830497704,-0.8093582950526741,-0.5873152051747244,15.480855909085117,5.301620768542385,9.38581498501306,0.6867,Moderate Priority,90.3,32.5,0.22,1250.0
GRID_0663,Karnataka Belt,Karnataka,15.12,75.4,0.0401812522813696,0.0998345959844645,0.2313349775250378,0.3664267830796566,0.3297055554867147,0.2318915985257048,5.757143126401983,1.4218028414139643,0.8997831788727688,0.2259956866800474,353.04764139206287,5.9623614722743445,0.9933122003477646,0.1154593982328087,16.86088157014763,0.7253493083511122,1.897012265979657,0.8233,High Priority,93.3,32.5,0.22,1250.0
GRID_0664,Karnataka Belt,Karnataka,15.12,75.6,0.0963146943751619,0.0948665644452274,0.2373592108485881,0.3788575971522118,0.3000110878428325,0.1604171288212589,2.464387682489663,1.8701819429468023,0.7918814304279833,0.2296239811093547,301.0158057993594,6.716966429180728,0.9313311653982548,-0.3641733932592115,3.339046030543852,1.6469360332680272,10.751365519725606,0.5767,Moderate Priority,87.9,32.5,0.22,1250.0
GRID_0665,Karnataka Belt,Karnataka,15.12,75.8,0.0492018896449447,0.1386662326973489,0.1200492347327009,0.2992365338804754,0.3648697407117294,0.1745520912911863,2.4398817955407464,2.09030810060568,1.2193314654754157,0.4273621601283779,402.0689496422669,5.142102165252824,-0.9725184652550264,-0.2328257604690856,7.291637432109032,1.4531146437307154,9.365165671249471,0.8867,High Priority,93.3,32.5,0.22,1250.0
GRID_0666,Karnataka Belt,Karnataka,15.12,76.0,0.0953979704961957,0.1165853287914256,0.2215432639385248,0.2704646955268592,0.2763900232530519,0.1588115537119153,2.3222814961861595,1.7403537490771734,1.021904174260075,0.0994319933553493,466.3525859626327,15.474069000546027,0.1409281506647267,0.99001982624098,1.5,2.9359512605366245,4.560934324434713,0.41,Low Priority / Background,86.0,32.5,0.22,1250.0
GRID_0667,Karnataka Belt,Karnataka,15.12,76.2,0.0808027633824562,0.1308125591091148,0.2291466514124643,0.183606401965046,0.3002685655146021,0.2344818618091648,2.835841324962541,1.280556554103205,1.6353837715745545,-0.1103326522774728,153.67108521610257,12.073711894317396,0.7552841393295969,0.655397489220969,13.546940164599157,10.523394589548648,2.6445965302330547,0.72,Moderate Priority,90.9,32.5,0.22,1250.0
GRID_0668,Karnataka Belt,Karnataka,15.12,76.4,0.0804515269969,0.144340892350276,0.1990986653520161,0.2596109681357875,0.2924540091071572,0.2363654629611056,2.4747347632683763,1.2372906267810118,1.1265043411026103,0.131918247291689,450.09326791956687,3.782033908824004,0.5656644089488394,0.8246355415870458,4.637011052753859,12.301134687189414,0.2863504081131825,0.48,Moderate Priority,88.1,32.5,0.22,1250.0
GRID_0669,Karnataka Belt,Karnataka,15.12,76.6,0.0788925506469133,0.1130555583042238,0.1686743268306531,0.3159103673145368,0.2120768718733781,0.2112446939541721,2.137998929539272,1.0039346502342732,0.6713176346776534,0.3038390160147183,411.4944639031378,12.29357384759048,0.8779072719445501,0.4788306818353202,15.743405513531949,10.679204547216772,1.992400826090546,0.1533,Low Priority / Background,82.8,32.5,0.22,1250.0
GRID_0670,Karnataka Belt,Karnataka,15.12,76.8,0.0725220007058321,0.1535230621622937,0.2279891452025605,0.2696321746738004,0.2493942736944227,0.1871804521477117,3.1436805287102008,1.332366379429606,0.9249391288595608,0.0836840065405153,423.9545207195939,3.19465903742202,0.9931937265579324,-0.1164741238471762,9.221753149462945,9.86867114408546,0.2172666944210534,0.4667,Low Priority / Background,86.7,32.5,0.22,1250.0
GRID_0671,Karnataka Belt,Karnataka,15.12,77.0,0.0806566709259756,0.0938256041165161,0.1613407072072875,0.1923086068269673,0.2485952546339832,0.232210528534069,2.000314481623944,1.0705551795957038,1.292682454796236,0.0875664417384914,323.5454101295278,11.64591993741812,0.2270384924658822,-0.973885785366446,20.42347680546967,7.194238094657427,2.1589491832461247,0.7867,High Priority,92.4,32.5,0.22,1250.0
GRID_0672,Karnataka Belt,Karnataka,15.12,77.2,0.0802448320283064,0.1477884043127493,0.1211446744830653,0.2605780062100097,0.3633037701098741,0.2288375637012741,1.5096693675047457,1.587598542106438,1.3942173446508388,0.3652729416047303,341.49556609619765,17.701307901028606,0.8171727136740464,-0.5763928833934324,28.839596496576867,3.67527104301359,3.195966607029848,0.8333,High Priority,94.2,32.5,0.22,1250.0
GRID_0673,Karnataka Belt,Karnataka,15.3,74.2,0.0651017823057275,0.1371322517113739,0.2233478672712462,0.2109369696369722,0.2812784641071364,0.1889624109542097,3.430696190869199,1.488534011355758,1.333465305422354,-0.0285777167467171,240.3124920616014,13.699297351146374,-0.7715172125005616,-0.6362084491857706,12.707907891030342,12.096476645359791,14.956542973513772,0.6333,Moderate Priority,89.7,32.5,0.22,1250.0
GRID_0674,Karnataka Belt,Karnataka,15.3,74.4,0.0463655229968771,0.0986442550387887,0.2340455701778511,0.3716655372962774,0.2175873095696165,0.1417998200452564,5.047727434589274,1.5344573430546629,0.5854369111421103,0.2272035929615362,449.2957130452964,10.047863207569064,-0.8148205129791638,0.5797133184845525,5.983982645390434,0.2,2.782729903226608,0.6933,Moderate Priority,90.6,32.5,0.22,1250.0
GRID_0675,Karnataka Belt,Karnataka,15.3,74.6,0.0566215269321774,0.1489867933151785,0.1540153379116895,0.3173511440563817,0.3213595338405314,0.1665792258631568,2.720036463511585,1.9291577507196047,1.012627580620466,0.3465147944926672,341.14557854169874,7.957488627310923,0.9698314613838463,-0.2437764067953928,17.225511842262833,3.0534503543654723,2.798115839319136,0.7567,Moderate Priority,91.0,32.5,0.22,1250.0
GRID_0676,Karnataka Belt,Karnataka,15.3,74.8,0.0762555709592155,0.1461726518742098,0.1710002896947837,0.2350893359581018,0.2477062852652985,0.2043430735138645,2.24243350499251,1.2122019543106153,1.0536642616795835,0.1578195659165487,405.3001671903652,0.6674229776275915,0.5418467243097559,0.840477321142449,3.43254452818014,6.339957137661669,0.7213906202586542,0.49,Low Priority / Background,86.9,32.5,0.22,1250.0
GRID_0677,Karnataka Belt,Karnataka,15.3,75.0,0.0518172178125232,0.1130206656221914,0.1473334009941361,0.296771653461603,0.2668634010802049,0.1938694067111348,2.843274184519118,1.3765040555046082,0.8992183004986076,0.3364922656832644,207.60418878023933,10.80338126374215,0.829725828259522,0.5581711654314025,12.95309296029785,2.6559377190626137,0.1087851946327299,0.8533,High Priority,91.6,32.5,0.22,1250.0
GRID_0678,Karnataka Belt,Karnataka,15.3,75.2,0.0698785781552435,0.12433357772888,0.1870609045145599,0.3214062338645769,0.2319467302983821,0.1702667761076742,2.6769037457408205,1.36224678327685,0.7216599561542899,0.2642158263412032,450.15304243744,9.96727332250132,0.9747746390170318,0.2231914046938531,7.241161251520655,0.3097662271159381,1.1813656571537383,0.5667,Moderate Priority,87.6,32.5,0.22,1250.0
GRID_0679,Karnataka Belt,Karnataka,15.3,75.4,0.0486212575110527,0.1367946458747397,0.1840470496405733,0.2087668941980621,0.2016634859129926,0.2369788458829055,3.785242789245973,0.850973149896624,0.9659698235096942,0.0629300003607894,388.5970092568876,4.7050977524497615,0.8545323692458258,-0.5193981419981358,3.6699045504382646,0.4547660099679579,0.7567517749009421,0.8767,High Priority,93.3,32.5,0.22,1250.0
GRID_0680,Karnataka Belt,Karnataka,15.3,75.6,0.0512835139887445,0.1142415481951715,0.1989940540111388,0.2327612149892715,0.2021725883541112,0.2022724837117708,3.880197715333957,0.9995011933556088,0.8685799297941456,0.0782088493035882,429.83864721014345,11.995290777862255,-0.5330164121220203,-0.8461049015391464,14.607861699327511,3.185465497704534,2.5557368527362234,0.6067,Moderate Priority,88.4,32.5,0.22,1250.0
GRID_0681,Karnataka Belt,Karnataka,15.3,75.8,0.0956740377917216,0.1462702516481317,0.1587574480036569,0.2274508727314274,0.2472740502258932,0.2005305247658255,1.6593403218639085,1.2330931533815053,1.087148886735576,0.1778657868666248,352.2339239318608,17.620962100361524,0.4132109593737166,0.9106353293461948,19.101119323090256,1.7089166334594408,3.2730552393474603,0.6733,Moderate Priority,89.5,32.5,0.22,1250.0
GRID_0682,Karnataka Belt,Karnataka,15.3,76.0,0.0655955140632636,0.1511295484581954,0.2214270669792887,0.2850863996619284,0.324470998246447,0.2460019641226525,3.3755919829175163,1.3189719050892077,1.1381457006911624,0.1256811737377916,412.1254453955193,1.0720149258387046,-0.99973470556919,0.0230329867903647,13.726988867718282,1.2427315246896722,1.475673786606575,0.85,High Priority,92.2,32.5,0.22,1250.0
GRID_0683,Karnataka Belt,Karnataka,15.3,76.2,0.0919436342264076,0.1379537872215452,0.1684573206296999,0.2229489004816714,0.2640743103498025,0.1740924979072919,1.832160430535672,1.5168533777776527,1.1844558341550453,0.1392196589967013,405.10170602263,6.699330699947742,0.9999154299026352,-0.013005116017477,1.5,20.10845800319816,1.4882654729051668,0.2467,Low Priority / Background,85.7,32.5,0.22,1250.0
GRID_0684,Karnataka Belt,Karnataka,15.3,76.4,0.0447989489678052,0.0871860602057667,0.1908904465623677,0.2998727103476531,0.2753766182868778,0.1918212430774435,4.2609523216097385,1.4355823071868743,0.9183086372180644,0.2220664697101478,261.7439588554471,10.112370680669496,-0.029774600986976,-0.9995566382832272,9.960888581221472,0.8099442827442433,0.3289068764973623,0.9567,High Priority,93.9,32.5,0.22,1250.0
GRID_0685,Karnataka Belt,Karnataka,15.3,76.6,0.0474143494359694,0.0880822597193006,0.1931649834644112,0.2192965304805837,0.2452574273937434,0.1608286572981727,4.07389138247868,1.5249515015694175,1.1183775159540983,0.0633549622879362,277.978797899321,4.934552644897368,0.9684155007757712,0.2493419697066912,11.60430714148699,5.564083611781544,2.221711182148064,0.79,High Priority,92.6,32.5,0.22,1250.0
GRID_0686,Karnataka Belt,Karnataka,15.3,76.8,0.0939183356980662,0.0931514147462731,0.2164931095273358,0.3383922028933431,0.2228926140590396,0.1878271068972953,2.30509626072444,1.1866840258413385,0.6586793474374021,0.2196830064778951,349.324759484486,7.62303693317598,0.996538534572548,-0.083132118413995,9.73800505871065,4.0623163865609495,1.5900810474992708,0.1733,Low Priority / Background,83.0,32.5,0.22,1250.0
GRID_0687,Karnataka Belt,Karnataka,15.3,77.0,0.0968639682403783,0.0901096113557604,0.2368430561820238,0.2261277280428527,0.3391173085487335,0.1806763911407385,2.44508474512972,1.876921658031792,1.4996648656002205,-0.0231446677838284,456.8792321394292,4.213001320675779,-0.4054563355199407,-0.914114412963028,11.027047132892625,6.588282159476827,0.2755989666927447,0.7767,High Priority,92.0,32.5,0.22,1250.0
GRID_0688,Karnataka Belt,Karnataka,15.3,77.2,0.0800908397174743,0.1516649681118863,0.1269345836423837,0.2081306678467333,0.3289937486063656,0.1924737977893541,1.5848628785422856,1.7092822145287765,1.5807001020557538,0.2423284465191413,100.0,5.348188897469981,-0.0425245934316751,-0.9990954203445588,12.352130908628972,0.6764951195165749,1.942345119487677,0.8233,High Priority,93.5,32.5,0.22,1250.0
GRID_0689,Karnataka Belt,Karnataka,15.48,74.2,0.0858169179376994,0.100661148630973,0.1776943401815672,0.3784031938793671,0.3235970762037267,0.2409628125566238,2.0705971952217097,1.3429281051389612,0.8551624993535019,0.3609231842999378,494.6563291251367,7.930633319581869,0.2517873275170331,0.9677825901006024,12.498583006057553,2.570420673214325,5.607442239075313,0.56,Low Priority / Background,86.9,32.5,0.22,1250.0
GRID_0690,Karnataka Belt,Karnataka,15.48,74.4,0.0607759630472758,0.132369695481237,0.205117715376418,0.2972364708176683,0.2643035542706245,0.2092464010056253,3.374925384423463,1.2631151115875463,0.8891999839170812,0.1833737522233123,318.2209786087689,7.127635413561023,-0.045198534962125,0.9989780240011676,12.5482908520533,0.6801437056394812,0.2252970908931318,0.79,Moderate Priority,90.1,32.5,0.22,1250.0
GRID_0691,Karnataka Belt,Karnataka,15.48,74.6,0.0927118449524293,0.1041467728714316,0.1980356368888209,0.2458011459324465,0.2704617687430048,0.1714535566420156,2.1360107867516342,1.5774545397921909,1.1003230574615708,0.107619294463853,250.19053722309647,2.1057181622987544,-0.9827737531553564,-0.1848127433618536,18.14555175278005,0.2139132947461532,2.0979081972598506,0.5767,Moderate Priority,90.0,32.5,0.22,1250.0
GRID_0692,Karnataka Belt,Karnataka,15.48,74.8,0.075053487329903,0.1536157588859419,0.1258990228345713,0.2946999169870432,0.3536533871350322,0.1690313273743084,1.6774349850819752,2.0922233789746945,1.20004169227129,0.4013336146078956,351.796950721887,11.035250251954754,-0.8347629038569929,-0.550609566157582,14.74083388705124,2.8904325156278103,0.1377580685435484,0.86,High Priority,93.2,32.5,0.22,1250.0
GRID_0693,Karnataka Belt,Karnataka,15.48,75.0,0.0952068287993577,0.1176236978153259,0.1234796093203137,0.3179642142657524,0.2867307056437265,0.1549214380930893,1.296948064854376,1.850801660321384,0.9017675292117948,0.4405637908845498,541.2005469052698,15.23827068663672,-0.0360720972596109,-0.9993491901228984,15.798173333306549,4.780675354088563,0.1,0.6933,Moderate Priority,89.3,32.5,0.22,1250.0
GRID_0694,Karnataka Belt,Karnataka,15.48,75.2,0.0817137793448641,0.1134399373536281,0.1878668979871664,0.3098161204037769,0.2630425905788738,0.2500518206206153,2.2990565414648465,1.051948104108639,0.8490253548159541,0.2450334306712984,376.3245921726581,11.7610191138008,0.0273886233703852,0.9996248612904118,8.989054370824956,12.928130121458528,0.3580542444392742,0.6233,Moderate Priority,88.4,32.5,0.22,1250.0
GRID_0695,Karnataka Belt,Karnataka,15.48,75.4,0.0456930538088544,0.1066406106441795,0.1648279543246896,0.2228600144645757,0.3053218989668824,0.1931496917650356,3.607207953450384,1.580744527378142,1.3700103613923649,0.1496871585516541,347.75639480194263,9.739222562067772,-0.9287717206680376,0.370652250616845,20.679633876436355,5.988577512073968,1.1174245576262314,0.9967,High Priority,94.6,32.5,0.22,1250.0
GRID_0696,Karnataka Belt,Karnataka,15.48,75.6,0.0459798353246065,0.1017973747226476,0.2198142360222191,0.3760941595566142,0.288892462653481,0.1411640425907651,4.780562042216443,2.0464872701591927,0.7681366146643895,0.2622545049530448,443.91589131441816,8.132299298030643,-0.4739456793726294,-0.8805540829523287,8.961850037832516,0.3903139265157167,8.61297641539462,0.72,Moderate Priority,90.8,32.5,0.22,1250.0
GRID_0697,Karnataka Belt,Karnataka,15.48,75.8,0.061905020397064,0.1530067374339858,0.2136626163308426,0.3310874545031162,0.3092095243608017,0.2152140580462213,3.451402867773031,1.436746699640289,0.9339181724861126,0.2155568744316703,484.6571662610296,16.496516436248072,-0.3312088353948875,-0.9435574743259482,16.626942597461436,1.2144343892208618,0.2625754111362951,0.8233,High Priority,93.0,32.5,0.22,1250.0
GRID_0698,Karnataka Belt,Karnataka,15.48,76.0,0.0689736661959159,0.1211264556495418,0.2195018135939901,0.2687567158564671,0.3027535445979763,0.203248512621615,3.182354126521124,1.4895659069136646,1.12649247532549,0.1008785272822306,382.5545815322072,10.483685732491384,-0.8821631752610127,0.4709438737401812,11.415094385670823,0.8569113364545529,2.706658596024098,0.8533,High Priority,92.9,32.5,0.22,1250.0
GRID_0699,Karnataka Belt,Karnataka,15.48,76.2,0.0756166326667848,0.0931347971245087,0.1348156288476883,0.3760103885952969,0.2708694505375467,0.1672906074468235,1.7828596862026105,1.6191454829773644,0.720375655507299,0.4721652369816735,400.09173290858575,5.579540774754508,-0.6347346541339726,-0.77273017207912,9.816297917181116,11.199675371264812,1.4792832486326808,0.33,Low Priority / Background,85.4,32.5,0.22,1250.0
GRID_0700,Karnataka Belt,Karnataka,15.48,76.4,0.0588021643858214,0.1169889157798191,0.1668079278897153,0.3527154006278292,0.3672669755356206,0.1764143859739527,2.836716860937093,2.0818307513713488,1.0412529014298504,0.3578417073721998,374.2956352131352,11.587751394186787,-0.4211820530917287,0.906976117741496,16.736729952514334,1.4101590742272785,2.580859598341802,0.8167,High Priority,92.9,32.5,0.22,1250.0
GRID_0701,Karnataka Belt,Karnataka,15.48,76.6,0.0564726750844266,0.1459275592387499,0.1206389028685277,0.2929638325772792,0.2610566176289453,0.1787220448493384,2.136197134119139,1.460676869337209,0.8910851699583531,0.4166425855003688,446.7794469003426,11.79546470875763,-0.6335205271436212,-0.7737258827825707,11.3059782777708,3.6646595532602073,1.7964390074006311,0.6233,Moderate Priority,88.0,32.5,0.22,1250.0
GRID_0702,Karnataka Belt,Karnataka,15.48,76.8,0.0406986939701857,0.1245449714512592,0.1993829188975409,0.298382880883814,0.3325303817810159,0.2085607434143692,4.8988800516189945,1.594397785217716,1.1144381552919678,0.1988882384879003,417.3636365708623,3.0102253636285914,0.4797985596045338,0.877378676627951,17.995693027004393,2.8071110979301035,2.424479708306497,0.9567,High Priority,94.0,32.5,0.22,1250.0
GRID_0703,Karnataka Belt,Karnataka,15.48,77.0,0.0597247593009764,0.1376346961780622,0.1972524729721493,0.2465636722183344,0.3358770552035409,0.2178434051039642,3.3026365052662405,1.541820892959113,1.362227005927759,0.1111070173393616,430.0701947545577,19.26930250781831,0.0715023276581507,0.9974404328778068,8.395074757702748,14.289400782469938,5.110994760017887,0.8533,High Priority,93.0,32.5,0.22,1250.0
GRID_0704,Karnataka Belt,Karnataka,15.48,77.2,0.0752616681718787,0.1001745585455415,0.1444460871933199,0.2480769675355098,0.2857822298444033,0.1755278612046736,1.9192262339603183,1.6281210274085345,1.1519855337556186,0.264011540423381,498.0886290653332,4.309366984309427,-0.139577303742002,0.9902111776182456,14.338516719642824,0.5710228517156314,8.062279306084502,0.66,Moderate Priority,90.1,32.5,0.22,1250.0
GRID_0705,Karnataka Belt,Karnataka,15.66,74.2,0.0948146806841617,0.1220288385455598,0.2069892326203301,0.2672096595945176,0.3134062239576389,0.1808691124905342,2.1830696265296785,1.7327695529245657,1.1728806943301642,0.1269937593045743,417.5137056406921,2.2778503826018994,0.0117513332056055,-0.9999309507000425,4.027311718691356,2.286091213269419,0.2628825714564817,0.7467,High Priority,91.4,32.5,0.22,1250.0
GRID_0706,Karnataka Belt,Karnataka,15.66,74.4,0.0431365823363323,0.1002765703738413,0.1289096231196654,0.2007549417269481,0.3463271129709087,0.1446648436420027,2.9883367620046752,2.3939798383089443,1.725115132293093,0.2179339496398744,411.96631181624247,4.338910399301482,-0.7222861709640208,0.6915943082719329,19.27482994423724,3.3178669851385374,1.0940196464191063,0.8767,High Priority,93.7,32.5,0.22,1250.0
GRID_0707,Karnataka Belt,Karnataka,15.66,74.6,0.071058336141366,0.1105566415236215,0.1877161277603796,0.2029065736652696,0.3794582905062592,0.1910667053236061,2.6416814165971867,1.985988630907464,1.870104125005407,0.03888767079276,481.4074981524605,5.730630871293999,0.7546662235238809,-0.6561089018388667,12.973061679497818,6.356949113206934,0.3410290444489174,0.93,High Priority,93.5,32.5,0.22,1250.0
GRID_0708,Karnataka Belt,Karnataka,15.66,74.8,0.0907671511333067,0.1388574389422487,0.1454060134154358,0.2090572019491573,0.2569326227706124,0.2571284703238285,1.601949710332705,0.9992344418826508,1.2290004428197372,0.1795701393108226,474.7385291974663,8.658412393303703,0.1875061440319334,0.9822634300177706,4.085525658219176,2.531077413793992,2.541133785416382,0.6467,Moderate Priority,89.5,32.5,0.22,1250.0
GRID_0709,Karnataka Belt,Karnataka,15.66,75.0,0.0971874767504779,0.1213388835952051,0.2182928791413225,0.2894255285137801,0.2073413024183932,0.1778009930227729,2.24607779070114,1.1661359858426164,0.7163866542680154,0.1401022854355382,409.2329547013344,10.446912167281074,-0.7739846783838339,0.6332043253382539,9.708508887094457,1.1230541807133518,7.672389304398653,0.39,Low Priority / Background,85.0,32.5,0.22,1250.0
GRID_0710,Karnataka Belt,Karnataka,15.66,75.2,0.0911599691861032,0.1419906745802359,0.1671282137069073,0.2808761408597534,0.2835797140631275,0.1704077729071247,1.8333308125072527,1.664114524301414,1.0096219051329764,0.2538985884730559,280.5823264114648,7.743387594886868,0.7367079630877461,0.6762110448100533,14.032222273016018,10.883710736774198,4.179108311426562,0.0367,Low Priority / Background,80.0,32.5,0.22,1250.0
GRID_0711,Karnataka Belt,Karnataka,15.66,75.4,0.0653721045435452,0.1213720289827101,0.1643998663151973,0.3281559734321345,0.3411536922617743,0.2315942228243791,2.514793621369015,1.4730601439066575,1.0396051886196704,0.3324613403012323,262.3302914380708,12.972069785581976,0.851093528242208,-0.52501410093847,1.7919099638319658,7.031265086169577,1.1985394278728787,0.7333,Moderate Priority,90.2,32.5,0.22,1250.0
GRID_0712,Karnataka Belt,Karnataka,15.66,75.6,0.0482939252071202,0.1119232361638643,0.2375897319338856,0.2251762825867151,0.3101885586097812,0.1919567659807647,4.919558958108858,1.615920861679875,1.3775304286760297,-0.0268244039822718,313.7397166320305,9.900611582537902,-0.9551707333311172,-0.296055518759059,9.31097322035634,3.5997147684490405,6.1696619447415175,0.8933,High Priority,93.3,32.5,0.22,1250.0
GRID_0713,Karnataka Belt,Karnataka,15.66,75.8,0.0573362209994549,0.0868999337043172,0.2323878733989607,0.2556392699056438,0.303752999261654,0.2350403751356235,4.053002035120778,1.292338419507555,1.1882048136381975,0.0476435566794159,468.70776787417554,5.658446180666415,0.7518488517492743,0.6593355019436598,9.44911040525114,8.33614447155109,0.755590787297767,0.8767,High Priority,93.3,32.5,0.22,1250.0
GRID_0714,Karnataka Belt,Karnataka,15.66,76.0,0.0830442133243126,0.1554638717796522,0.1833326650882652,0.2880058384521375,0.2829860422576061,0.1791068172072371,2.2076247112799225,1.57997594225704,0.9825670938179276,0.2220759613349485,305.4448096488073,20.919086535731463,-0.0879039453016657,0.9961289557082466,10.552459815871748,13.884153278113518,5.944831805926876,0.3733,Low Priority / Background,84.8,32.5,0.22,1250.0
GRID_0715,Karnataka Belt,Karnataka,15.66,76.2,0.0933478321422915,0.1174279346633634,0.1988933192612957,0.3590133445872428,0.2707311376984436,0.2554114974014562,2.1306460369865468,1.0599760796861464,0.754095600301715,0.2870009424523994,527.5490849240048,3.34361791739005,-0.9682772839270546,-0.2498781731781431,14.849192792898195,1.563680879434859,4.496466028891143,0.5667,Low Priority / Background,87.1,32.5,0.22,1250.0
GRID_0716,Karnataka Belt,Karnataka,15.66,76.4,0.0731333368104308,0.132877905651974,0.1587481282293481,0.276254790365521,0.311123765177852,0.1885892977123812,2.170637420844249,1.649733676397003,1.126216267779207,0.2701278244015315,517.3526841717593,17.828493633867026,0.5302598025598136,-0.8478352090997563,14.51170441239944,2.1935463418331955,1.568513944667525,0.92,High Priority,93.0,32.5,0.22,1250.0
GRID_0717,Karnataka Belt,Karnataka,15.66,76.6,0.0645517986271389,0.1235344092753562,0.1852163843977635,0.2794307631765743,0.2242614412851388,0.1995290574200637,2.869223152780486,1.1239481619203315,0.8025624529428566,0.2027649938359813,344.2602536213206,9.7713964512121,-0.4106797336037516,0.9117796643965864,23.83582330021457,2.569097758271561,7.19005744665074,0.3067,Low Priority / Background,82.3,32.5,0.22,1250.0
GRID_0718,Karnataka Belt,Karnataka,15.66,76.8,0.0782758293747799,0.141533589561887,0.1642274962833256,0.3720023761638251,0.3476830322284967,0.2424738155617452,2.098034598425345,1.433893377433916,0.9346233246963382,0.3874728042648775,457.87190508030153,7.563557597165827,0.9750503615792552,-0.2219837660374373,9.350500797636402,1.579785162153175,5.801521250815075,0.7233,Moderate Priority,90.0,32.5,0.22,1250.0
GRID_0719,Karnataka Belt,Karnataka,15.66,77.0,0.0419130877125155,0.0860879991184619,0.1528697844755884,0.2199745949298887,0.2417347304989127,0.235753182710396,3.6472172679531214,1.025367727179896,1.09891613465557,0.1799802657104204,338.2345068397836,10.067624876291935,0.4296256349755761,-0.903007095083883,8.390679843719782,5.637247390566545,3.6329639435163874,0.8367,High Priority,92.3,32.5,0.22,1250.0
GRID_0720,Karnataka Belt,Karnataka,15.66,77.2,0.0832535931431258,0.1382776756446873,0.1200063392318756,0.3707841607693444,0.3465575780698393,0.2484778035907142,1.4414380600667709,1.3947168654300068,0.9346587046546438,0.510966105845039,327.69301882092924,11.965296500041758,0.5531510587902791,0.8330809721504826,16.407242980897973,6.711923845927728,9.650385695567998,0.5833,Moderate Priority,89.4,32.5,0.22,1250.0
GRID_0721,Karnataka Belt,Karnataka,15.84,74.2,0.0807128404850896,0.1256449123699685,0.2334755613298796,0.2685874243468872,0.3078728419358861,0.1971605952193239,2.8926335300946286,1.56152541570485,1.1462625118134742,0.0699350362079404,548.363365243602,10.053461955330064,-0.9655346480004884,0.2602745540973477,19.00182438082215,14.23582405894265,0.1994427332878842,0.7833,High Priority,91.9,32.5,0.22,1250.0
GRID_0722,Karnataka Belt,Karnataka,15.84,74.4,0.0641422323724824,0.0818767217376923,0.1595299988849331,0.2873736435941204,0.3639430874917908,0.2415865186958483,2.4870901104349663,1.506464777056569,1.2664411965511246,0.2860647049894527,366.9245404818965,13.92819790408956,0.994710078968316,-0.1027222410135531,28.5571568880984,11.48565420024942,7.866983353684973,0.8833,High Priority,93.7,32.5,0.22,1250.0
GRID_0723,Karnataka Belt,Karnataka,15.84,74.6,0.0641566863004097,0.1512242045690816,0.1660738673115567,0.32736336636594,0.2856695991585903,0.1547099787808619,2.58852643990212,1.8464727029050907,0.8726349856882663,0.3268686697670848,341.74074246487095,13.4648592910085,-0.995253481209532,-0.0973165358010019,13.5138569795672,0.5297498839564118,2.056843742808126,0.59,Moderate Priority,88.5,32.5,0.22,1250.0
GRID_0724,Karnataka Belt,Karnataka,15.84,74.8,0.0813978614275817,0.1067788261263423,0.203458615101318,0.3197271178863912,0.3267084633190095,0.199102622482461,2.499526547829288,1.6408966308374886,1.021832128743518,0.2222313668412623,347.763113812166,9.898889604964449,0.3074318588092882,-0.9515700984105512,19.177257043398445,1.1118493722132163,1.103013056588898,0.8,High Priority,92.1,32.5,0.22,1250.0
GRID_0725,Karnataka Belt,Karnataka,15.84,75.0,0.0425400695510982,0.1306828234892936,0.1498242892712511,0.240831050897093,0.3387466138995778,0.1792665419793744,3.5218740584622514,1.8896148748363613,1.4065678244974276,0.2329586192985493,283.89749453725057,7.682775821050274,-0.9878271271280264,0.1555556714169886,13.195608502181743,3.53552181303225,3.4883957773073653,0.96,High Priority,94.3,32.5,0.22,1250.0
GRID_0726,Karnataka Belt,Karnataka,15.84,75.2,0.0779970089399797,0.144857653835614,0.1253701720711485,0.2392881449558794,0.2504241413795683,0.157522028671053,1.6073509282476963,1.5897621033081826,1.04653364625354,0.3123956185007812,242.6539255297305,5.464889507806729,-0.1370712318209588,-0.9905611931663209,7.29880416840233,5.448824892854885,1.4394372003470473,0.2567,Low Priority / Background,83.4,32.5,0.22,1250.0
GRID_0727,Karnataka Belt,Karnataka,15.84,75.4,0.0831682138788028,0.1068932270863664,0.1548340412777712,0.2882376111714049,0.2042689448550423,0.14957469483608,1.8616749402417203,1.3656559983151044,0.7086800204347748,0.3010873479918423,413.5329195216206,9.47049714013216,-0.9840228061481868,-0.1780424583638638,18.21365856530947,8.582136564723575,1.5530968115916008,0.1067,Low Priority / Background,81.3,32.5,0.22,1250.0
GRID_0728,Karnataka Belt,Karnataka,15.84,75.6,0.0532900630512311,0.1209618711287007,0.1858610106712168,0.2876652744019824,0.3017132824664189,0.2538445901887017,3.487658155599937,1.1885701155656625,1.0488309173316834,0.2149913361698436,497.0432303012538,8.778677229259765,0.0310594136822315,-0.9995175400270452,11.216312183093551,9.371397240539128,2.110597029644038,0.8567,Moderate Priority,90.4,32.5,0.22,1250.0
GRID_0729,Karnataka Belt,Karnataka,15.84,75.8,0.0848820843604953,0.0911167924199133,0.1502896575571872,0.3263552190075345,0.2296521215997903,0.1821627121585912,1.7705489696735404,1.2606908306735418,0.7036854462224555,0.3693844216576163,267.7834393310593,4.205776223561225,-0.9659107265150404,-0.2588753916524066,19.176229531940105,0.5264241318028319,4.904539377214711,0.4833,Moderate Priority,87.7,32.5,0.22,1250.0
GRID_0730,Karnataka Belt,Karnataka,15.84,76.0,0.0621933175388874,0.1318827327226674,0.2070467521994199,0.22193218442234,0.359241497291603,0.2139469101928343,3.3290300527851646,1.6791072975090686,1.6186921222558788,0.0346996000329146,143.69881884991847,4.247818168340912,-0.3546445680529095,0.9350011927000764,12.279167543998764,7.033877457021011,0.6996747036021698,0.8833,High Priority,92.7,32.5,0.22,1250.0
GRID_0731,Karnataka Belt,Karnataka,15.84,76.2,0.0602626464834534,0.1447739406470458,0.2034813195858406,0.3331568585431448,0.2794161983983279,0.22597715151706,3.3765185391114745,1.2364743959649285,0.8386901021040832,0.2416438162592289,221.4135982720285,7.725296100499699,-0.7403792578150615,-0.6721893740585452,25.88914560249601,3.8990434442309816,5.562714018386268,0.37,Low Priority / Background,82.3,32.5,0.22,1250.0
GRID_0732,Karnataka Belt,Karnataka,15.84,76.4,0.0857045623881709,0.0846637763089885,0.2398105480708529,0.3304804907438934,0.3555025969329404,0.2181437254514415,2.798074493516788,1.6296639590860718,1.0757110667006675,0.1589886172380775,305.55224668089727,13.806330330110516,0.9542188021649805,0.2991094742645742,11.947120621259238,0.4073633485522652,4.655190597683962,0.7667,High Priority,91.7,32.5,0.22,1250.0
GRID_0733,Karnataka Belt,Karnataka,15.84,76.6,0.0901291693385977,0.093012177455192,0.2225215179339258,0.3173535591194339,0.2936148829789851,0.2396300231337662,2.468890489908712,1.2252790942476766,0.9251950997448424,0.1756552016586857,219.22234348523392,8.447031564313644,0.976118270311174,-0.217239780806191,33.658396070678,8.188693812009186,4.701330377158119,0.4933,Low Priority / Background,85.3,32.5,0.22,1250.0
GRID_0734,Karnataka Belt,Karnataka,15.84,76.8,0.0748819934322745,0.1424628386692381,0.1430128149952405,0.1900129054186588,0.357254088074246,0.1490665392515323,1.909817015055412,2.3965921076313306,1.880147072852936,0.1411300881953397,404.0024196989243,13.672998426507364,0.5387522944663006,-0.8424642219152672,7.648590330460864,10.450044698985826,1.0613792785144665,0.82,High Priority,93.6,32.5,0.22,1250.0
GRID_0735,Karnataka Belt,Karnataka,15.84,77.0,0.0407122808001615,0.1040524512448595,0.1893690059021798,0.2551876750806586,0.2962770960365759,0.2451917742602022,4.6512833694657285,1.2083435041285606,1.1610119294789645,0.1480542840536809,327.3057533862076,11.800000025261047,0.2356413238193111,-0.9718400930753384,17.798220357503155,32.918655148917026,0.8052358149952904,0.85,High Priority,93.8,32.5,0.22,1250.0
GRID_0736,Karnataka Belt,Karnataka,15.84,77.2,0.0836187922807489,0.1102424849786556,0.1209729836263455,0.1818505044871804,0.282901881361206,0.1986001895605201,1.446702752144915,1.424472240006381,1.5556752316071658,0.2010323578521578,356.9269881175875,12.311357652393184,0.9492561860983126,-0.3145038841637503,3.4004076835163044,0.9144144607817136,1.5685617161169547,0.77,High Priority,92.5,32.5,0.22,1250.0
GRID_0737,Karnataka Belt,Karnataka,16.02,74.2,0.05393640188743,0.1227840781535334,0.1438594236343776,0.2816811953289254,0.2283281326763961,0.2205169651382942,2.6671552318114826,1.0354173753290528,0.8105877349108745,0.3238737776819734,304.90059829706905,11.322772245744227,0.2009262984961023,-0.9796063610311312,14.955062695535483,1.5353731451138606,2.2499429023837294,0.71,Moderate Priority,89.9,32.5,0.22,1250.0
GRID_0738,Karnataka Belt,Karnataka,16.02,74.4,0.0710476605630574,0.153948347695504,0.1858899867082467,0.2965996959436631,0.2722975626375885,0.253889552381938,2.6163756675365426,1.0724997841903154,0.9180611049183416,0.2294546054794747,280.42808755329145,6.7167803633425045,-0.8298618485085846,0.5579689170463845,19.65445577020481,2.831659605380123,5.292441256406876,0.46,Low Priority / Background,85.4,32.5,0.22,1250.0
GRID_0739,Karnataka Belt,Karnataka,16.02,74.6,0.0893732840976101,0.0951096149410283,0.2041369357660292,0.2381285938613062,0.2535486805986803,0.1755617692256696,2.2840679265534707,1.4442052931664968,1.0647508211279049,0.0768578579163999,259.0310211591666,13.41775016882255,0.0056914999808885,0.999983803282817,9.07304175082798,0.5517669930510644,0.8135217374602871,0.78,High Priority,91.6,32.5,0.22,1250.0
GRID_0740,Karnataka Belt,Karnataka,16.02,74.8,0.0627940313393622,0.118072506197856,0.1253484048855156,0.3741146665254721,0.3288913496155204,0.1787832878389203,1.9961516414905047,1.839598734268206,0.8791167519661397,0.4980663793037022,403.7517126973143,7.572708543097122,-0.712615698054118,-0.701554607202349,2.59706176389356,0.7913051338077268,0.6282020573443209,0.84,High Priority,92.3,32.5,0.22,1250.0
GRID_0741,Karnataka Belt,Karnataka,16.02,75.0,0.091566074970013,0.1005003939111258,0.1656233997570212,0.3542543701900234,0.319366609291968,0.1810054255210026,1.8087658671117388,1.7643937687444755,0.901515223666642,0.3628364559918772,340.46589088033176,17.78644816685726,-0.9222308482696542,0.3866397063156267,14.159431780425836,2.232545903140019,1.876663685400036,0.63,Moderate Priority,88.9,32.5,0.22,1250.0
GRID_0742,Karnataka Belt,Karnataka,16.02,75.2,0.0813937601988016,0.1507198221496949,0.1448383563600143,0.3636386316923406,0.34673244175458,0.2574627218213882,1.779455532595165,1.3467234890479864,0.9535056455230794,0.4303043208820234,439.3592040631461,8.378754189053609,0.6176417739701404,0.7864595597022253,17.735188063623163,0.5952752515732533,1.0326443367114653,0.7967,High Priority,92.8,32.5,0.22,1250.0
GRID_0743,Karnataka Belt,Karnataka,16.02,75.4,0.0768510234390723,0.1443456260877738,0.2279100368377877,0.3047506768738465,0.2010136362946497,0.162358013182224,2.965569761718414,1.2380811656513429,0.6595981303750472,0.1442578620877899,323.56441667965333,6.516082817411948,-0.0084884414091599,-0.9999639725322323,13.257840862929305,0.987255209944241,3.124458039234196,0.4367,Low Priority / Background,85.5,32.5,0.22,1250.0
GRID_0744,Karnataka Belt,Karnataka,16.02,75.6,0.0678563421594604,0.1196254117547127,0.1713230145640153,0.3712039420973134,0.2386523225218814,0.2019997111812649,2.5247527992095127,1.181442981691917,0.6429125678486183,0.3684251199944579,312.7257755971311,11.791279786838524,-0.4313376559832157,0.9021905710718248,23.916498221085355,2.373821561811356,1.869049382333688,0.2933,Low Priority / Background,82.4,32.5,0.22,1250.0
GRID_0745,Karnataka Belt,Karnataka,16.02,75.8,0.0453113389128837,0.1287199288841543,0.1545854362137727,0.2120618079031137,0.2980156327228114,0.2038772316055893,3.411552789428384,1.4617334591136475,1.405317771982758,0.1567616171946476,371.7207937528401,7.908547492397226,-0.7016307806946245,-0.7125406988950539,13.19524772572906,6.370598072409043,2.261468256973558,0.9233,High Priority,93.1,32.5,0.22,1250.0
GRID_0746,Karnataka Belt,Karnataka,16.02,76.0,0.0637293445710142,0.1057870766464754,0.1932472639972864,0.3678217396620481,0.320914071285947,0.1489695084363578,3.0322645405118207,2.1542120964368303,0.8724693627718604,0.3111456226962336,213.535132613062,14.398953408344418,0.5592865647289533,0.8289743895402838,13.409981946845006,22.493122326710782,8.931873697529841,0.6233,Moderate Priority,88.5,32.5,0.22,1250.0
GRID_0747,Karnataka Belt,Karnataka,16.02,76.2,0.0446964688437925,0.1546730656359644,0.1635759108311354,0.3489418334151725,0.2753090007883889,0.1929026135243019,3.659623577406495,1.427184259322885,0.7889802409577674,0.3616763770398868,476.084951999931,12.774987894120033,0.2107122358626476,0.9775481336782164,6.499846803295705,2.122853703461512,1.2829879804982651,0.61,Moderate Priority,90.2,32.5,0.22,1250.0
GRID_0748,Karnataka Belt,Karnataka,16.02,76.4,0.0681436204132692,0.1067309129500938,0.1328833342140801,0.2091257477050903,0.2060188374009975,0.1964298902394505,1.950019435256916,1.048810791163545,0.985138628424158,0.2229244619432857,387.17192386900433,16.256499325894772,-0.8860259979025948,0.4636355584300141,21.895323602276704,0.5653948229760783,2.108103970524904,0.77,Moderate Priority,90.4,32.5,0.22,1250.0
GRID_0749,Karnataka Belt,Karnataka,16.02,76.6,0.0818254682956455,0.1269456356058851,0.2199334885227953,0.1944543418022702,0.3243261871098499,0.2040833276461661,2.6878037523036946,1.5891773310107116,1.6678697746428448,-0.0614860847010235,197.4428291938916,4.806264768492063,-0.688351382775599,-0.7253774009651256,13.94180802690435,8.70694317707455,1.5432782019929732,0.7933,High Priority,91.8,32.5,0.22,1250.0
GRID_0750,Karnataka Belt,Karnataka,16.02,76.8,0.0461436677675905,0.084920458916691,0.1261601245588413,0.256030028391534,0.2607027951504516,0.2261524428347083,2.734013065046901,1.1527695173802626,1.0182468772955648,0.3398035324212629,449.16471684145694,6.73793185678843,-0.2947127647196004,-0.9555858864127962,8.626724691696163,0.7804349057036181,0.4314074902249448,0.9533,High Priority,94.5,32.5,0.22,1250.0
GRID_0751,Karnataka Belt,Karnataka,16.02,77.0,0.0966273333524774,0.1443362325838225,0.1416785882509404,0.2613135615810982,0.2640119598663618,0.2349204888878489,1.4662220006851423,1.1238306087545729,1.0103224185783712,0.2968660221148171,241.42522892184508,10.13408274304641,-0.9976090611898066,-0.069109775227478,5.062811879718216,2.3540087144343285,2.0660110313353544,0.0833,Low Priority / Background,80.8,32.5,0.22,1250.0
GRID_0752,Karnataka Belt,Karnataka,16.02,77.2,0.0605869309850205,0.0993524618073406,0.1678202434564776,0.1838345821499796,0.3390496122973365,0.1605133872281103,2.7698625902569374,2.112269299670354,1.8443089652835964,0.045539807753459,285.2153951593906,10.561181063637092,-0.9887119528211644,0.1498288168162576,11.779620292968922,8.40545189808433,2.040747255281027,0.9267,High Priority,94.1,32.5,0.22,1250.0
GRID_0753,Karnataka Belt,Karnataka,16.2,74.2,0.0523220910813991,0.1389782141799861,0.2039655692585204,0.2292541468206346,0.3626133960553027,0.1525245749699394,3.8981941823966566,2.3773940608109063,1.5817023132702244,0.0583734263471685,389.6366956467351,10.763864955867978,-0.9849046450753814,-0.1730977761524884,12.501181073988086,0.3709407770888367,1.4812046299447503,0.9433,High Priority,94.2,32.5,0.22,1250.0
GRID_0754,Karnataka Belt,Karnataka,16.2,74.4,0.0844961811842325,0.1109154680744654,0.159635301056176,0.2990711445020624,0.3569968152198011,0.1457099831055335,1.889238183083492,2.450033673585473,1.193681263141975,0.3039755399570537,216.321479891632,5.11804550675647,-0.9416324082871386,-0.3366428488225518,11.81862773268459,0.5587072665464986,3.279153170293598,0.74,High Priority,92.4,32.5,0.22,1250.0
GRID_0755,Karnataka Belt,Karnataka,16.2,74.6,0.0571708522478744,0.0959133450989779,0.2323623069389982,0.1837049153491911,0.2787999089401224,0.1425952390954152,4.064278098452497,1.9551701412936235,1.517642523433037,-0.1169457050149447,373.5455795111114,0.5,0.9003302436379454,-0.4352073671146179,12.07552166819265,5.577718191119772,4.575232507324923,0.69,Moderate Priority,90.6,32.5,0.22,1250.0
GRID_0756,Karnataka Belt,Karnataka,16.2,74.8,0.0718450361432885,0.1271867515551804,0.1440739645349583,0.2374660666455298,0.2291412098094245,0.1699154420005533,2.0053154254414203,1.3485523067195482,0.9649388988809404,0.2447760384292518,254.5542987347247,10.489525137342849,-0.383778872652961,-0.923425025059004,4.767215737046001,14.497332826744069,0.6528663939709348,0.4933,Low Priority / Background,86.7,32.5,0.22,1250.0
GRID_0757,Karnataka Belt,Karnataka,16.2,75.0,0.0785005426096897,0.1453807415190018,0.1872289756539663,0.2310007305002151,0.2472590414036,0.14471036636852,2.385035623884108,1.70863593930786,1.07037744205717,0.1046593523673805,457.29296145073465,6.159702366823998,0.2941469629708282,0.955760202234346,18.27174480030359,7.63126755962293,1.8226616810956004,0.2633,Low Priority / Background,82.1,32.5,0.22,1250.0
GRID_0758,Karnataka Belt,Karnataka,16.2,75.2,0.0818844603087189,0.1110361734923913,0.1391895894028953,0.2596298987045813,0.3043942076365657,0.2537663938223468,1.699808352766563,1.1995008619967185,1.172411331452956,0.3019912790168118,253.0948948462417,10.059311173990102,0.8795562455679432,-0.4757949252381996,9.387690436889809,3.5495514410209457,0.1,0.85,High Priority,92.6,32.5,0.22,1250.0
GRID_0759,Karnataka Belt,Karnataka,16.2,75.4,0.0587815212820948,0.1455894518021604,0.1864730080625565,0.2701164985632235,0.2513945129087611,0.1757651027349627,3.172252635569684,1.4302786999142738,0.9306857728431094,0.1831914796450661,460.37200137225966,8.269798955313169,-0.2045514999624899,0.9788558034067608,1.6827534779045903,9.371927768885447,1.6701130242764872,0.34,Low Priority / Background,84.3,32.5,0.22,1250.0
GRID_0760,Karnataka Belt,Karnataka,16.2,75.6,0.073121090337739,0.0984753331678995,0.209220304293489,0.2863976636541563,0.3456262190432615,0.2336879276034403,2.8612462161179253,1.47900126286588,1.2068010885016769,0.1557191398066507,231.9164083007865,13.146851798730552,-0.9509508216456218,0.3093420999662295,8.454607908084837,2.1240595885104168,0.568434116751567,0.95,High Priority,94.4,32.5,0.22,1250.0
GRID_0761,Karnataka Belt,Karnataka,16.2,75.8,0.0401579293347752,0.1160722922474518,0.1622919277846609,0.2909819667650818,0.2338473966659814,0.243159865719977,4.041241399434561,0.9616983225223382,0.8036463414532873,0.2839116847807204,266.1499383616048,6.658809500036802,0.1208808156449408,-0.9926670279650744,5.000794164424898,1.586314698201727,0.5579235230657652,0.8533,High Priority,93.3,32.5,0.22,1250.0
GRID_0762,Karnataka Belt,Karnataka,16.2,76.0,0.08310761069939,0.1416071225003265,0.1754794196951139,0.3228174045370034,0.3324683705487402,0.156593063321337,2.1114469152881874,2.1231224447283314,1.029892861980955,0.2956825771192942,349.3951481360915,7.476424888420112,0.7100380640510892,0.7041632961171588,10.831633321845576,0.7446963623142673,4.136905371950869,0.7133,Moderate Priority,90.5,32.5,0.22,1250.0
GRID_0763,Karnataka Belt,Karnataka,16.2,76.2,0.0681792554170974,0.1426347338191894,0.2095505873220246,0.3009225427010443,0.3235459891841623,0.142202686925497,3.0734790598844848,2.275229258673677,1.0751767252241626,0.1789942917869128,453.1653774575175,3.659864037892639,0.0586823422211051,0.998276706485454,7.211566339189776,5.823164980405658,4.717245413060169,0.6233,Low Priority / Background,86.8,32.5,0.22,1250.0
GRID_0764,Karnataka Belt,Karnataka,16.2,76.4,0.058407656986606,0.082882990199935,0.2319334949625281,0.2490359676591261,0.2191667173912471,0.1990228245671776,3.970875327876717,1.1012084501334187,0.8800569628330666,0.0355582598635611,438.7382364141134,6.71664859599179,0.9925111893548382,-0.1221537514996759,18.222336913395694,1.3900779641789458,14.364775129115628,0.7067,Moderate Priority,90.2,32.5,0.22,1250.0
GRID_0765,Karnataka Belt,Karnataka,16.2,76.6,0.0518442240238325,0.1260416173572899,0.2310317569988357,0.2093793137755558,0.374753755616186,0.2536972681274749,4.456182056280315,1.4771632395530772,1.7898232592100394,-0.0491640548934265,325.26640361035817,11.499537407455096,-0.7461714923545602,-0.6657537863184622,17.29657704461458,2.068503412182904,0.5793945999150434,0.9167,High Priority,94.0,32.5,0.22,1250.0
GRID_0766,Karnataka Belt,Karnataka,16.2,76.8,0.0652826164728313,0.1435068729718893,0.1757819764444862,0.2875046200406097,0.3791286938360218,0.1878931159468911,2.6925894419105965,2.0177784276288024,1.3186827227324132,0.2411518124891513,283.9971851089257,3.0417493645836444,0.623840957915856,-0.7815513157986667,21.945111422873342,5.947732715920999,8.336398761935357,0.7967,High Priority,92.1,32.5,0.22,1250.0
GRID_0767,Karnataka Belt,Karnataka,16.2,77.0,0.0725415370295392,0.1414719943159024,0.1307047870580356,0.2222316074863853,0.2903836953655158,0.142401406835453,1.801767520273143,2.0391768778252204,1.3066655638430809,0.2593287700400646,361.7707418460958,2.477074270023248,0.0938655939647985,0.9955848784858252,14.618731004648335,4.25660426870218,7.801020910952868,0.4367,Low Priority / Background,86.6,32.5,0.22,1250.0
GRID_0768,Karnataka Belt,Karnataka,16.2,77.2,0.0787207373950364,0.1131788642023995,0.2316421412559681,0.3369765966775588,0.2360016058002945,0.1557010833618584,2.942543558122404,1.5157254206535993,0.7003480591207244,0.1852458653728699,176.94938913809096,12.88769160336097,-0.9690911236050062,0.2467030485218752,25.304006825419147,6.712441079559079,2.9441805073716445,0.3133,Low Priority / Background,84.9,32.5,0.22,1250.0
GRID_0769,AP Belt,Andhra Pradesh,18.0,83.0,0.0991829302977335,0.1226871784088327,0.1335726907802063,0.3456547129631976,0.2453336052222276,0.2332762577772702,1.346717057685086,1.0516824810092231,0.7097629115372052,0.4425489401845797,355.4051662846001,10.564968639930168,-0.5674250039971498,-0.8234250814972996,1.5,2.1770816379338465,3.034877558072636,0.0967,Low Priority / Background,81.3,32.5,0.22,1250.0
GRID_0770,AP Belt,Andhra Pradesh,18.0,83.12,0.0850763870162647,0.1342813655587531,0.1438092121432275,0.2787974360286982,0.3424952129929514,0.1970844893826867,1.6903341438511112,1.7378002513818671,1.2284689178015924,0.3194173708625231,286.942183768368,16.92557818864937,-0.8485611033132218,-0.5290973955179215,15.247282260666143,2.6326152721218268,6.773199770006888,0.8167,High Priority,93.2,32.5,0.22,1250.0
GRID_0771,AP Belt,Andhra Pradesh,18.0,83.24,0.0497540241198087,0.1596413158872259,0.1342623094171484,0.1829899942208477,0.3602034022067776,0.1693944210039147,2.698467376758748,2.126405779282861,1.968421471999088,0.1535923637198758,431.5754486652069,12.711130463270637,-0.7745571469660455,0.6325039336508667,10.179229390702655,2.6111966597551173,5.651065641802615,0.8867,High Priority,94.0,32.5,0.22,1250.0
GRID_0772,AP Belt,Andhra Pradesh,18.0,83.36,0.0620594827635465,0.1272876304428491,0.180452813246956,0.309190306222409,0.375120990089785,0.1466882631801682,2.907692708973763,2.55724912619576,1.2132326573889862,0.2629205332129133,384.8106814714711,14.8285944766163,0.1167092840680782,-0.9931661205520036,15.311668919208234,0.4089100207155998,2.466621314776622,0.8733,High Priority,93.7,32.5,0.22,1250.0
GRID_0773,AP Belt,Andhra Pradesh,18.0,83.48,0.0599244334494292,0.0923953428270348,0.2218841415940167,0.2843199025982243,0.367989754228232,0.2367219805523683,3.702670616162729,1.554516394519731,1.2942761185175355,0.1233408511442971,215.9511358633563,8.560781749500597,-0.5315871058568703,0.8470036297954788,10.70463116302761,3.63700363711228,0.9169826572369753,0.9133,High Priority,93.5,32.5,0.22,1250.0
GRID_0774,AP Belt,Andhra Pradesh,18.0,83.6,0.0525918806367472,0.1279279460082202,0.1306715427306028,0.1916335517441849,0.2670041531334928,0.2264797345409435,2.48458614832558,1.1789265593591736,1.3932986024875076,0.1891432090755913,266.4589717608175,0.5342495872352462,-0.4014772832333287,-0.915868981376477,22.96893739935396,2.2742076621170173,8.253483914284605,0.8133,High Priority,92.4,32.5,0.22,1250.0
GRID_0775,AP Belt,Andhra Pradesh,18.0,83.72,0.0432942934546464,0.1338713183223868,0.22695391977933,0.3407769417470507,0.2331273862678604,0.1755111618776346,5.241999803444531,1.3282691283262444,0.6841035105520531,0.2004872893018558,305.1304317380516,11.054166690055444,-0.9254068724914726,0.3789750919856757,19.858242037876902,0.5281437040659497,3.794998309485569,0.6567,Moderate Priority,90.9,32.5,0.22,1250.0
GRID_0776,AP Belt,Andhra Pradesh,18.0,83.84,0.0807890875131982,0.146473799265748,0.1249915147507763,0.1846221336935584,0.2671412779781409,0.1578545940618983,1.547114486419602,1.6923142924753711,1.4469545209949035,0.1925962458249226,443.0874511937244,13.685747222893148,0.6302327578963824,-0.7764062537578634,14.687483702605068,9.320050333352636,0.1,0.82,High Priority,93.1,32.5,0.22,1250.0
GRID_0777,AP Belt,Andhra Pradesh,18.0,83.96,0.050110878607551,0.0824338831723268,0.1593776616618082,0.3616379191393005,0.2174513822478178,0.212769173209256,3.180436776477036,1.022001246546704,0.601294193571177,0.3882031108616532,420.34921482250246,9.649803537385871,0.6959991649944609,0.7180425908865108,3.914629503521056,10.197487523646137,2.7861590559006726,0.5467,Moderate Priority,88.3,32.5,0.22,1250.0
GRID_0778,AP Belt,Andhra Pradesh,18.0,84.08,0.0768454442785421,0.1225528557505042,0.1310220404675041,0.269003736745071,0.3799109341475329,0.2402275149015217,1.7049850737737977,1.5814564490950294,1.41228343688076,0.3449311499571019,300.0160402598336,9.011367891025978,0.0196126563637668,0.9998076533565629,12.080140823893853,1.8085101133175128,0.3449109680539672,0.9467,High Priority,94.4,32.5,0.22,1250.0
GRID_0779,AP Belt,Andhra Pradesh,18.0,84.2,0.0683676007180949,0.1341701990859121,0.2249406354045692,0.3298434330181796,0.3689454072401309,0.1464677948472546,3.2901161211719026,2.518935228660047,1.1185436839547818,0.1890872764687927,249.937062751676,6.152070365158578,0.8736079141035052,-0.4866304680306429,14.523972223529894,2.9004180736140563,2.1549553140139093,0.68,Moderate Priority,89.6,32.5,0.22,1250.0
GRID_0780,AP Belt,Andhra Pradesh,18.0,84.32,0.0803628166900261,0.1109704407176918,0.1501569224570588,0.2132401073617491,0.2629053415158726,0.2290167770295406,1.8684642995022729,1.1479691442553863,1.2329017831907594,0.1735925341591529,174.21565506006897,13.435471816252644,0.9949687684924368,0.1001855764301618,21.045128990355927,4.434706430724685,2.53672566598115,0.7967,High Priority,91.9,32.5,0.22,1250.0
GRID_0781,AP Belt,Andhra Pradesh,18.0,84.44,0.0690559718865835,0.1239983189107091,0.1790148759148401,0.2930912732148216,0.3287910718318031,0.1531553833284127,2.5922781005927567,2.146767014775855,1.1218005450140822,0.2416324292277366,291.7938665906988,11.795698632909367,0.4065146762335019,0.9136442513400778,13.466524454579227,1.0304793263168646,1.9927749175301104,0.9033,High Priority,93.4,32.5,0.22,1250.0
GRID_0782,AP Belt,Andhra Pradesh,18.0,84.56,0.0898106345799752,0.1560489419794312,0.1961103184141844,0.2507811334423634,0.3085986018160277,0.177440156733014,2.183573646458384,1.739160223579691,1.2305446069065846,0.1223355077962431,281.1275843475727,1.475280118333414,0.9630673064651222,-0.2692607717771276,17.777825618153535,0.2,5.075539077950689,0.72,High Priority,92.8,32.5,0.22,1250.0
GRID_0783,AP Belt,Andhra Pradesh,18.0,84.68,0.0670229927823404,0.1060106342720211,0.1765332425997304,0.3437475980909304,0.2224305573873538,0.2429187185890192,2.633881320276156,0.9156545984793856,0.6470733513464837,0.3213918734300377,215.98751043452145,7.814445649412288,0.7131196072353624,-0.7010423851497729,8.002106694114657,4.673122236542987,1.942366351944551,0.1867,Low Priority / Background,82.8,32.5,0.22,1250.0
GRID_0784,AP Belt,Andhra Pradesh,18.0,84.8,0.0919420595394402,0.0825687664385646,0.1972641513066151,0.3325897757023122,0.3367075824538952,0.246328876051463,2.145503448490269,1.3668970563016505,1.012377994377294,0.2554012758919141,298.42326554704624,11.37250245344378,0.8681435896112399,-0.4963131146936487,14.979716318480794,3.497933516782039,0.1,0.7933,High Priority,91.6,32.5,0.22,1250.0
GRID_0785,AP Belt,Andhra Pradesh,18.08667,83.0,0.0404174552381974,0.0992101296361216,0.1320968636566902,0.2320422735871507,0.2318677930151115,0.1434224029806378,3.268231377923916,1.616666375196897,0.9992437592810752,0.2744696332761954,281.088820227821,12.104605467364983,-0.5239463050647453,0.8517512955135442,15.804494103084773,5.5772789843439,0.1,0.8233,High Priority,92.5,32.5,0.22,1250.0
GRID_0786,AP Belt,Andhra Pradesh,18.08667,83.12,0.0990922939668161,0.1502266082860651,0.227412747087611,0.3118489074101743,0.2620616471578166,0.2472378378908577,2.294935792161333,1.059953401307857,0.8403454384006871,0.1565770587269734,426.759007694996,12.363883581259678,0.586416890833942,0.8100094012693017,3.5217651222579214,12.752388847856498,0.4551575172157215,0.58,Moderate Priority,88.8,32.5,0.22,1250.0
GRID_0787,AP Belt,Andhra Pradesh,18.08667,83.24,0.0534938083438244,0.1246507326502572,0.2116911600255577,0.3038702611872598,0.2417841043040281,0.1401131651032988,3.957228123240783,1.72562213196484,0.7956794050195797,0.1787932893651526,332.5352054318372,16.12075658872606,-0.5684726266221822,0.8227021774501858,18.14153557473682,3.242109834599156,1.7805782239415624,0.7,Moderate Priority,89.9,32.5,0.22,1250.0
GRID_0788,AP Belt,Andhra Pradesh,18.08667,83.36,0.0865114461576343,0.1221415125815593,0.1580060546430259,0.2316316335316956,0.206794517054138,0.2099834194259655,1.826396797925735,0.9848088616262684,0.8927693559458715,0.1889585945214316,100.42926162175353,7.528641538164294,-0.8229260753139346,-0.5681484617319705,11.471150975412243,5.716101860392699,4.184853880483724,0.0167,Low Priority / Background,80.0,32.5,0.22,1250.0
GRID_0789,AP Belt,Andhra Pradesh,18.08667,83.48,0.0702146137803154,0.1515243684163109,0.2323611304077873,0.3414741879584979,0.3144068267614737,0.1764465144309426,3.3092515737992216,1.781871667478348,0.920731103894102,0.1901466569096845,322.9628600864209,3.7459893556329895,0.3495959802046595,0.9369005553551258,14.359479422547569,4.070386847783398,3.199564761905405,0.4933,Low Priority / Background,85.9,32.5,0.22,1250.0
GRID_0790,AP Belt,Andhra Pradesh,18.08667,83.6,0.0698214188666324,0.0825650813675633,0.1934773546608476,0.3232347753912861,0.2750148309123296,0.2308754686485431,2.770991864810758,1.191177396822441,0.8508180462989171,0.2511208118852072,382.4177308596996,6.797523076406624,0.8490649701638349,0.5282884405707606,9.817731791843466,2.326033841319888,5.632188070072562,0.2433,Low Priority / Background,83.3,32.5,0.22,1250.0
GRID_0791,AP Belt,Andhra Pradesh,18.08667,83.72,0.0896747237289438,0.1106259366370803,0.1906942483176283,0.3241632632949831,0.2434172194330441,0.1601769303073696,2.126486861639675,1.5196676531276463,0.7509070153471521,0.259234356560039,357.99152637400374,11.44418527866546,-0.1165032904812596,0.9931903056851892,21.583123039460723,1.2590246920003088,0.908184787452746,0.6167,Moderate Priority,89.8,32.5,0.22,1250.0
GRID_0792,AP Belt,Andhra Pradesh,18.08667,83.84,0.0707141272761774,0.1055694500406457,0.1401145876608701,0.2325761403978652,0.2064347110038556,0.2245308345772984,1.9813948310331613,0.919400633734133,0.8875967373694242,0.2480912394235467,249.004579732384,5.889586931572138,0.8813845747284679,0.4723994405486926,13.89351984548964,0.5409032096846931,2.844836892308284,0.4967,Low Priority / Background,86.5,32.5,0.22,1250.0
GRID_0793,AP Belt,Andhra Pradesh,18.08667,83.96,0.0456526218167496,0.1403425866428173,0.1224613103184469,0.2298751575991784,0.3603200016605433,0.2262237581746695,2.6824007700856214,1.5927522901022972,1.567452690282096,0.3048607004970708,470.9230647223938,9.890710769484883,-0.5915393133703961,-0.8062761566220846,17.663066014154083,3.0839074168941307,0.1207538251182256,0.9767,High Priority,94.8,32.5,0.22,1250.0
GRID_0794,AP Belt,Andhra Pradesh,18.08667,84.08,0.0408682384901719,0.0895382862254287,0.1978910088646257,0.2934326175826784,0.2996173210094709,0.1438228115033912,4.84205275594293,2.08322473085346,1.0210736025331186,0.194457195050246,218.1581859873611,13.59960076759774,0.5999585218254244,-0.8000311069508809,13.65303495016465,4.903112635751033,4.539911611153529,0.8533,High Priority,92.4,32.5,0.22,1250.0
GRID_0795,AP Belt,Andhra Pradesh,18.08667,84.2,0.0870355167485132,0.1215424065916217,0.2229542334482803,0.2582756186727494,0.3599647786612637,0.1688272599674654,2.5616171438994177,2.1321358090797817,1.393718024152077,0.0733980065259525,338.64374352095484,9.748665178062351,-0.959267338893774,0.2824998628878556,5.351586875747461,1.3184625354642816,6.950050263963969,0.7833,High Priority,92.5,32.5,0.22,1250.0
GRID_0796,AP Belt,Andhra Pradesh,18.08667,84.32,0.0900349960276622,0.1242824708285746,0.1939332960498865,0.2748651141100582,0.2704999777181856,0.2498572257461997,2.153952914457718,1.082613857960207,0.9841154068554108,0.172636347883969,305.8641208485148,9.011790575984918,0.8286246371556958,-0.5598046183255292,7.951220259338902,3.4472772195772183,1.8354309295113136,0.2933,Low Priority / Background,83.4,32.5,0.22,1250.0
GRID_0797,AP Belt,Andhra Pradesh,18.08667,84.44,0.0711333718990648,0.0911935181781595,0.1815769801815932,0.2284837627774421,0.2331796428178744,0.1477801062543429,2.5525913188527105,1.5778718181778515,1.0205478911738433,0.1143895605997433,308.50837218796727,16.75878834334868,-0.7143716347254382,-0.6997665092727039,19.485557268764737,3.179117359978833,1.472571623541149,0.64,Moderate Priority,89.5,32.5,0.22,1250.0
GRID_0798,AP Belt,Andhra Pradesh,18.08667,84.56,0.0625575945784398,0.1312039037544045,0.1793753225930248,0.3498264495977021,0.3574463571788082,0.1604672453607822,2.867317013781584,2.2275208180606594,1.021779044468545,0.3220903894721965,466.0401829267342,11.541573241891555,0.948648408188622,-0.3163324163616395,8.266170891834541,0.2,6.585033159767519,0.7633,Moderate Priority,91.1,32.5,0.22,1250.0
GRID_0799,AP Belt,Andhra Pradesh,18.08667,84.68,0.0536140460346284,0.1543424521348647,0.2060921341053904,0.3325306979822968,0.2362630692427688,0.1681033310740175,3.843923475740022,1.4054549798526044,0.7104978884008434,0.2347437234383687,220.6877749595029,10.3774262579242,0.9399585145161524,-0.3412887208634181,8.54973144217588,1.1482158494523322,4.661326279259678,0.67,Moderate Priority,90.0,32.5,0.22,1250.0
GRID_0800,AP Belt,Andhra Pradesh,18.08667,84.8,0.0500317512728361,0.0822765913475138,0.1955225931154726,0.37519662387849,0.2596184866321618,0.1542386843835503,3.907892093506083,1.6832145868929842,0.6919513080824864,0.314819810851239,302.3519869548569,13.891821504845112,-0.9771857542719704,0.2123864441246662,14.898837841646513,4.871133733534744,1.1352567627621757,0.7367,Moderate Priority,90.7,32.5,0.22,1250.0
GRID_0801,AP Belt,Andhra Pradesh,18.17333,83.0,0.0725128103965732,0.0872995873043404,0.2014734509136804,0.3250192037795302,0.3737056921237854,0.1712476830494086,2.7784148952018315,2.18223980161041,1.149792190694951,0.2346576293266825,353.43333885688355,8.368754487030692,-0.963371520488765,-0.2681703069155216,10.415370215164724,1.5173832231660658,2.155954557926489,0.8967,High Priority,93.1,32.5,0.22,1250.0
GRID_0802,AP Belt,Andhra Pradesh,18.17333,83.12,0.0598360485982001,0.1488409189269956,0.1768512184486464,0.3399157288204006,0.3045115568868237,0.2327708169940534,2.955547149997068,1.3081977054576284,0.895841631400602,0.3155468740534273,406.651192944119,14.383555161831689,0.9881051478903434,-0.1537797669155553,11.04908305710302,3.94937871700656,0.7224226093002455,0.7667,High Priority,92.4,32.5,0.22,1250.0
GRID_0803,AP Belt,Andhra Pradesh,18.17333,83.24,0.0685315912975716,0.1054540167606962,0.1520044116764657,0.3733970036056075,0.2288133389876115,0.2344791004948874,2.2179872203643325,0.9758326549019904,0.6127867229555143,0.4213771872561389,244.9562371244033,13.807533111831702,0.2516575095167092,0.9678163554641176,17.96252561564787,0.2,2.659363564024423,0.5167,Moderate Priority,88.1,32.5,0.22,1250.0
GRID_0804,AP Belt,Andhra Pradesh,18.17333,83.36,0.0700837887157194,0.1498707331496838,0.130080205742475,0.31630520597733,0.3224197457179899,0.220289602023474,1.8560404921831364,1.463610988196551,1.0193279158774966,0.4171833983865701,335.2639865243712,9.833999711189932,0.5981413845067511,-0.8013905939929336,10.494229821917113,1.856385340279301,1.8008111050970654,0.65,Moderate Priority,89.0,32.5,0.22,1250.0
GRID_0805,AP Belt,Andhra Pradesh,18.17333,83.48,0.0630516510955586,0.1145867119902932,0.2375114238730371,0.1977265949499161,0.3660015565709713,0.1976284056165232,3.76687450481788,1.8519590008844868,1.851039338559084,-0.0914091503806662,460.67745186243286,11.866530079356584,0.7686555282714664,-0.6396629416010535,2.438382270526674,2.347866789414759,7.792049430666536,0.83,High Priority,92.2,32.5,0.22,1250.0
GRID_0806,AP Belt,Andhra Pradesh,18.17333,83.6,0.0897357934715807,0.088719999189038,0.1329748022972515,0.2655739029705982,0.2177583278119056,0.2142911714325343,1.4818314445274234,1.0161749090328411,0.8199507008236152,0.3327040490074682,201.82327774205123,10.327344979137546,0.0453487072214836,0.9989712181806542,7.049098628880588,1.9033479802507207,3.3920808177770607,0.39,Low Priority / Background,85.8,32.5,0.22,1250.0
GRID_0807,AP Belt,Andhra Pradesh,18.17333,83.72,0.0690423364136709,0.158261558879919,0.2248924555279453,0.2518141558086302,0.2081875774650094,0.2414751560138022,3.257265178793061,0.8621454842651622,0.826747606975745,0.0564742404787766,437.9014154557008,5.740791418052074,-0.5462108023451462,0.8376477537733099,15.675895050635027,1.851563145005537,11.241206983414791,0.3,Low Priority / Background,83.8,32.5,0.22,1250.0
GRID_0808,AP Belt,Andhra Pradesh,18.17333,83.84,0.0568756012228284,0.1562748659806268,0.126425358107121,0.3218544023339625,0.2957800040906607,0.1973452492547276,2.222800859914566,1.498787056798217,0.9189841212724292,0.4359523349486384,331.9166615601148,13.276777372962476,0.9316368010097474,0.3633907965322241,8.124084768292693,4.024214115067237,0.8760558371528219,0.78,High Priority,92.1,32.5,0.22,1250.0
GRID_0809,AP Belt,Andhra Pradesh,18.17333,83.96,0.0973372827868813,0.0822904955068522,0.1439673936133483,0.2284621212774895,0.2745322086382069,0.1679276290244064,1.4790418475797416,1.634814803366893,1.20164780688942,0.2268738040676049,458.4500530290925,9.886650924117342,-0.9717258978905904,-0.2361117942177516,9.03811640249825,5.920721938923856,0.5460562314586779,0.67,Moderate Priority,91.2,32.5,0.22,1250.0
GRID_0810,AP Belt,Andhra Pradesh,18.17333,84.08,0.0871820431577018,0.1000045406808122,0.1700458473985081,0.2500940404635856,0.3545865046414742,0.155185335045609,1.950446339558474,2.2849080399847184,1.4178070224191546,0.1905270240951944,366.0894204199062,5.010326554210546,-0.9599350060304056,-0.2802227403288406,15.220122550429986,11.77350561786431,1.7107061126946097,0.7733,Moderate Priority,91.2,32.5,0.22,1250.0
GRID_0811,AP Belt,Andhra Pradesh,18.17333,84.2,0.0692855356158985,0.154193826918621,0.1825189666379228,0.2775196876099122,0.3040992384867748,0.2227075683635542,2.6342631366323044,1.3654581892437865,1.0957714219641237,0.2065055046772339,274.67962184090294,9.48883527234116,-0.9742688254476656,0.2253891207685632,9.150868050511171,5.0225920532483945,6.364076243016902,0.6,Moderate Priority,88.3,32.5,0.22,1250.0
GRID_0812,AP Belt,Andhra Pradesh,18.17333,84.32,0.0932652105648391,0.1566130779847178,0.2241246551720025,0.180428183869095,0.2684434099544102,0.2382251095886604,2.403063808582529,1.1268429410106449,1.4878048229114158,-0.1080115106718058,325.11522810089707,15.684780260659169,-0.6194242324100401,-0.7850564440237611,4.016957760338267,2.270850648817347,7.045068167985805,0.5767,Moderate Priority,89.7,32.5,0.22,1250.0
GRID_0813,AP Belt,Andhra Pradesh,18.17333,84.44,0.070193700723167,0.117182736475,0.2397016494794275,0.2787000728145233,0.2321116853471446,0.2015683307436125,3.4148111895905044,1.151522825872655,0.832833842378554,0.0752280450274767,405.74085568511856,12.844973413143324,-0.9707607598539202,0.2400490515037281,7.923751900030211,9.905555486086149,6.717238779425299,0.2167,Low Priority / Background,83.8,32.5,0.22,1250.0
GRID_0814,AP Belt,Andhra Pradesh,18.17333,84.56,0.0516491617971129,0.0904364509241115,0.2370725962306934,0.3536647927300735,0.3607825064977904,0.2463651661549274,4.5899681236612295,1.464415800791868,1.0201227088228704,0.1973668863885591,435.7130331752719,19.439628350523968,-0.281179721145036,-0.9596551278541682,17.583820200989113,0.262819712860607,4.105399698775956,0.83,High Priority,93.9,32.5,0.22,1250.0
GRID_0815,AP Belt,Andhra Pradesh,18.17333,84.68,0.0703199220001528,0.1318167259832184,0.1803167765970642,0.2783622644644912,0.230922039705998,0.1734456458169379,2.564198128640469,1.33137218432994,0.8295708133407637,0.2137557318616118,310.1554725010633,7.990106289334271,-0.1689735257845696,0.9856205900771003,11.161270972343866,4.465186720387048,2.82619959752199,0.0667,Low Priority / Background,80.3,32.5,0.22,1250.0
GRID_0816,AP Belt,Andhra Pradesh,18.17333,84.8,0.0492384477846297,0.1434973940628169,0.214224344149539,0.2274635408407782,0.2519599344815829,0.2525585438551396,4.350665041706861,0.9976258692726312,1.1076888448206574,0.0299740318154699,278.8693320001123,12.43536853285194,0.4940019566922762,0.8694607908262467,19.34642324546295,2.708693407402103,2.458185465315476,0.91,High Priority,94.0,32.5,0.22,1250.0
GRID_0817,AP Belt,Andhra Pradesh,18.26,83.0,0.0512446772790266,0.1158581265686579,0.1921231052986428,0.2454753360230798,0.3405700674110877,0.2408539497966566,3.749059735371538,1.414004851046724,1.387384515055932,0.1219202441467757,442.10258397309934,7.841264964552388,0.6058157263357438,0.7956049935264957,12.468451060026824,0.432841843896165,3.079785382182081,0.98,High Priority,94.8,32.5,0.22,1250.0
GRID_0818,AP Belt,Andhra Pradesh,18.26,83.12,0.0683162419453176,0.1526312480330266,0.1635827035309019,0.2374304526875257,0.2901322831059557,0.1947135422922393,2.394457078080471,1.490039108997353,1.221962296157062,0.1841524744488068,374.825979649048,15.868299085069763,-0.9981958132120052,0.0600426388995623,7.717101033320256,9.58606821966311,10.819864588837358,0.4767,Moderate Priority,89.4,32.5,0.22,1250.0
GRID_0819,AP Belt,Andhra Pradesh,18.26,83.24,0.0559993715279502,0.1372874785991969,0.1673109882594894,0.3154163943902216,0.2856767042628597,0.2592527723321518,2.987676397396454,1.1019191801647354,0.9057100506937548,0.3068089871115037,332.6126179685414,16.02366462233023,0.999936863514596,-0.0112369472986279,13.09848785590006,3.711615353939552,2.109942874363303,0.8133,High Priority,91.8,32.5,0.22,1250.0
GRID_0820,AP Belt,Andhra Pradesh,18.26,83.36,0.0715150278898293,0.1579224979977651,0.2293744804145807,0.2123425556660216,0.26639885388006,0.1908747415355914,3.20731571904319,1.395666372986356,1.254565287109809,-0.0385583638369958,345.93869786793186,15.266173741156392,-0.1504595856874992,-0.988616160638064,10.71929506450574,4.244326639115644,5.752244803412061,0.63,Moderate Priority,90.5,32.5,0.22,1250.0
GRID_0821,AP Belt,Andhra Pradesh,18.26,83.48,0.0883556892049215,0.0905769218256239,0.2056697500900361,0.2670872257804071,0.2530368025512501,0.1460022585082623,2.32772132976866,1.7330901045398974,0.9473903307115092,0.1299131454679088,128.4177574979332,9.120543190647563,0.9999548115855256,-0.0095065654658129,20.21439480183765,1.403793929216583,0.1521354536313058,0.7233,Moderate Priority,90.9,32.5,0.22,1250.0
GRID_0822,AP Belt,Andhra Pradesh,18.26,83.6,0.0909251620339141,0.0807967792963442,0.2324534992705766,0.3055239747965411,0.2579323943362376,0.1695773491492083,2.5565084247576064,1.521021967900445,0.8442268737866785,0.1358241622077397,424.8195784394147,11.39956783470186,0.8656447752309698,0.5006586892438039,7.97294701440306,3.760557930318979,2.6756463496347664,0.25,Low Priority / Background,83.3,32.5,0.22,1250.0
GRID_0823,AP Belt,Andhra Pradesh,18.26,83.72,0.0578825019008148,0.0828051959214975,0.1244704656737035,0.1852694664387835,0.3330424400845783,0.1781611645777158,2.150361702147659,1.8693219229456683,1.7976013472963388,0.1962898489083125,318.33204540657505,16.185182416424016,0.2910475830967736,-0.9567085786034986,25.052000897206582,1.597603703433392,0.3889164198466653,1.0,High Priority,94.8,32.5,0.22,1250.0
GRID_0824,AP Belt,Andhra Pradesh,18.26,83.84,0.0733634401114877,0.1061582098594191,0.1730989576401644,0.309389341667461,0.2889426334054287,0.2144334580521011,2.359439496534234,1.3474636307529655,0.9339096749050751,0.2824733817369089,361.139085350496,17.500389078446517,-0.9619188941958092,-0.2733350343243833,15.84332626577414,3.819886105279653,3.408036257334097,0.5733,Low Priority / Background,86.5,32.5,0.22,1250.0
GRID_0825,AP Belt,Andhra Pradesh,18.26,83.96,0.0924135761363567,0.1145817030230534,0.1695315687298552,0.332849124170476,0.3048596906675589,0.1485208136267106,1.834467849311056,2.052625693312514,0.9159067956706508,0.32508659799636,433.1498866931662,13.591409718977028,-0.2903683402443334,0.9569149528478228,14.770706403477758,2.7916880187915587,1.2042681655837786,0.6267,Moderate Priority,88.9,32.5,0.22,1250.0
GRID_0826,AP Belt,Andhra Pradesh,18.26,84.08,0.0454191136179443,0.1250123295737047,0.1774848870809536,0.2009108916302048,0.310248111277475,0.2285543744303526,3.907627545229954,1.3574308285277996,1.544199841831725,0.0619085728716865,290.86953611210544,11.28642303416552,0.538631577797788,-0.8425414075278825,15.130918284562528,15.2957857281726,6.016999045086696,0.89,High Priority,93.6,32.5,0.22,1250.0
GRID_0827,AP Belt,Andhra Pradesh,18.26,84.2,0.0577900942614363,0.0927426429879566,0.1722467275353616,0.2603797415911933,0.3036294749596168,0.2100063478793297,2.9805064212168904,1.4458040541232982,1.1660980497410425,0.2037157146627009,356.5788648648963,17.483191512354267,0.6120261404558981,0.7908375328717381,11.426819595816394,17.75384834536077,0.3762138858391811,0.8867,High Priority,93.7,32.5,0.22,1250.0
GRID_0828,AP Belt,Andhra Pradesh,18.26,84.32,0.0974950703339501,0.0872809445506013,0.1477243365536471,0.1893159884173083,0.3269203663950191,0.242035848388615,1.515182468869275,1.3507049384072085,1.7268411521230935,0.1234022322551851,430.7725728355048,13.35872386442604,-0.5374124442597692,-0.8433195507959841,13.311005449482671,4.97135779260214,5.601115059016548,0.83,High Priority,93.2,32.5,0.22,1250.0
GRID_0829,AP Belt,Andhra Pradesh,18.26,84.44,0.0578080123031103,0.10834125770621,0.2287142303033573,0.3601926992077527,0.3757668997161567,0.2482205979730005,3.956376716905984,1.5138364380243394,1.043235627226843,0.2232581059208085,364.8780634807305,9.229346628287797,0.5366834036343607,-0.8437836951870057,13.91183748184664,4.03534433231013,2.263631385620628,0.7633,Moderate Priority,90.3,32.5,0.22,1250.0
GRID_0830,AP Belt,Andhra Pradesh,18.26,84.56,0.0593042217914966,0.0860017671114334,0.2274781476482302,0.3405351625052574,0.2251148205007404,0.2332121925620087,3.835718690134746,0.9652748115477428,0.6610599557022524,0.1990390256655279,376.0171890336454,4.302140411742283,0.9996808410773363,-0.0252629369414794,24.522951469098487,9.82088734872008,3.61380159685827,0.4867,Low Priority / Background,85.8,32.5,0.22,1250.0
GRID_0831,AP Belt,Andhra Pradesh,18.26,84.68,0.0728643945681482,0.1287654827118771,0.1309279418498617,0.2747839521822384,0.2348660527014263,0.165006041481059,1.7968466735935915,1.423369879208375,0.8547267630057935,0.3545758896215775,415.5233628513761,11.156488505136238,0.5685276819847558,-0.8226641324483768,17.535200793395536,10.246969492772934,4.13877622855258,0.33,Low Priority / Background,83.5,32.5,0.22,1250.0
GRID_0832,AP Belt,Andhra Pradesh,18.26,84.8,0.0921254338321952,0.1229243736808639,0.2102251493243029,0.2080129118717872,0.2626894307653745,0.1867458997377827,2.281919972146321,1.406660196952266,1.2628454914462035,-0.0052894089953936,234.23683190711387,13.51485541546873,-0.7102251649411201,0.703974584118176,14.123374822578963,0.7223867931442972,0.5690887964788488,0.84,High Priority,92.9,32.5,0.22,1250.0
GRID_0833,AP Belt,Andhra Pradesh,18.34667,83.0,0.0614584329753346,0.1032595092712539,0.1937725143787514,0.360555209552909,0.3732124775010656,0.2184323543042272,3.1528522961888954,1.7085874027336818,1.0351020662321986,0.3008732688272511,359.2627587948924,15.592881532862416,0.965915439777302,0.2588578049814639,29.922349252198103,6.782853866427919,0.7449340720609429,0.8467,High Priority,93.3,32.5,0.22,1250.0
GRID_0834,AP Belt,Andhra Pradesh,18.34667,83.12,0.0620986229252039,0.1091221975371653,0.2351327514889397,0.2687889920653438,0.3359169141136663,0.2300973657649327,3.786379697863,1.4598839630909737,1.249737430819239,0.0667884928928168,468.9418284463477,12.226375506408402,-0.616362082157388,0.7874628776511369,4.316053237423398,3.223668479073641,8.70768262935858,0.7867,High Priority,92.3,32.5,0.22,1250.0
GRID_0835,AP Belt,Andhra Pradesh,18.34667,83.24,0.0528674937594497,0.0859327284619224,0.2269744647773699,0.3495362395924433,0.3786661776680921,0.2215272185734911,4.293189547069336,1.7093360841633412,1.0833357215660706,0.2125919975016744,373.3865101009247,15.242458971537657,0.6736415157483324,-0.7390582576903455,13.336802555079268,3.8698274231912233,1.7723908322244306,0.83,High Priority,92.9,32.5,0.22,1250.0
GRID_0836,AP Belt,Andhra Pradesh,18.34667,83.36,0.0738890988376118,0.1176404063193861,0.1257561070295371,0.3564096372015397,0.2799908874048386,0.2106732378208818,1.7019344811800987,1.3290229042759878,0.7855851037535447,0.4783688069151917,420.7586457485561,13.67666508816636,0.5836833748468244,0.8119813531894815,7.896728852599045,11.978298089945644,0.726300937155749,0.6033,Moderate Priority,88.9,32.5,0.22,1250.0
GRID_0837,AP Belt,Andhra Pradesh,18.34667,83.48,0.0522756168575065,0.0945206369297196,0.1216778055565637,0.3343610936956469,0.3575062156241465,0.2136995243139438,2.3275761300358844,1.6729309241138788,1.0692187373056905,0.4663699130006598,290.17206658021524,6.090546049421906,0.150680920498772,-0.9885824498733744,11.395806417385929,1.7680222305854394,1.8259545495943936,0.9067,High Priority,93.1,32.5,0.22,1250.0
GRID_0838,AP Belt,Andhra Pradesh,18.34667,83.6,0.0442724030524739,0.1438949896744289,0.149196231357956,0.325082424638594,0.212302706860675,0.2546118267398823,3.3698839725766034,0.8338256543436747,0.6530714603388315,0.3708491204647357,516.0426853493348,10.964930186856012,-0.9309898539572514,0.3650450545188302,12.968081027550932,17.188257782770453,1.9496347537314127,0.56,Moderate Priority,89.1,32.5,0.22,1250.0
GRID_0839,AP Belt,Andhra Pradesh,18.34667,83.72,0.0836438376307571,0.1096568525630227,0.1421241885623632,0.2686151865866897,0.2298348227699219,0.2578453547343661,1.6991387943121867,0.8913634749915247,0.8556253652858257,0.3079585199736558,368.8073356991773,6.1696878289863175,-0.7135805176020715,-0.7005732259362755,26.247143019164515,0.6175136693828227,2.429167875329888,0.7,Moderate Priority,89.2,32.5,0.22,1250.0
GRID_0840,AP Belt,Andhra Pradesh,18.34667,83.84,0.0572327542676417,0.1552140850640845,0.211448598412767,0.3745028964319485,0.2067600925532341,0.174215981021685,3.694473674118456,1.186796438215735,0.5520906311606419,0.278272213965729,397.9250095896725,13.50382314088971,0.9929489908768468,0.118542403875792,7.266470127242587,3.556590842442229,6.562901254138078,0.4233,Low Priority / Background,86.3,32.5,0.22,1250.0
GRID_0841,AP Belt,Andhra Pradesh,18.34667,83.96,0.0816254752209445,0.1115703255924825,0.164696272669453,0.2711471628016969,0.2318674593907831,0.2160800920899185,2.0176820354383453,1.0730576060504884,0.8551319580961294,0.2442405626153515,448.8608793499175,8.284880364969615,-0.9991525703238358,0.0411599467355389,4.465712686319982,1.1781802411142372,4.490362265419121,0.4133,Low Priority / Background,85.4,32.5,0.22,1250.0
GRID_0842,AP Belt,Andhra Pradesh,18.34667,84.08,0.0691845459394652,0.0979800030541886,0.1434209538048007,0.2130801809002718,0.3398890153170071,0.1674784622360374,2.072990129040664,2.02943698755125,1.5951151288019425,0.1953963814356927,479.3178085528223,0.5,-0.4796098487319267,-0.8774818476751176,22.579566741992537,10.484155349359746,6.06912442112022,0.8767,High Priority,92.7,32.5,0.22,1250.0
GRID_0843,AP Belt,Andhra Pradesh,18.34667,84.2,0.0670645643094915,0.0812293000587778,0.1711732566857163,0.301238707484828,0.3003976566376511,0.2181603326960246,2.5523270913787086,1.3769518774264664,0.9972047149620228,0.2753215103389016,391.7095324423246,5.569148408419201,0.9117948916125512,0.4106459248905995,9.330911129747,6.187569232231425,0.1471472296072759,0.7567,Moderate Priority,90.0,32.5,0.22,1250.0
GRID_0844,AP Belt,Andhra Pradesh,18.34667,84.32,0.0644716015354548,0.1364027617810666,0.1472244619597792,0.3390574089594445,0.3135403519588877,0.2105074126579758,2.283519796836762,1.489443333879076,0.9247384629719978,0.3944883903416999,471.15482569117614,8.816917609562653,-0.5742303130687619,-0.8186938057375002,1.5,3.197672971243481,3.595098890013651,0.51,Low Priority / Background,86.3,32.5,0.22,1250.0
GRID_0845,AP Belt,Andhra Pradesh,18.34667,84.44,0.0660218159864175,0.0961818545393624,0.1456720539361256,0.1811607537685882,0.254172388800561,0.2298701168574223,2.2063895906241533,1.1057169438046952,1.4030135142389653,0.1085833197051807,289.9661340993513,12.67092744531936,-0.2545033975811795,0.9670718797584986,19.113045087931432,6.13390952433278,3.845083372604365,0.9233,High Priority,93.5,32.5,0.22,1250.0
GRID_0846,AP Belt,Andhra Pradesh,18.34667,84.56,0.0451026172783642,0.0975992901517544,0.1210577799953367,0.3232255280953475,0.2619988919171318,0.2343983019291616,2.683992710567072,1.117746041736554,0.810573604403676,0.4550413877294665,350.49105585635533,14.6513314125051,0.7319648867491755,0.6813423548894246,10.871983145197085,0.9520095157429238,1.2505332508016078,0.8333,High Priority,93.0,32.5,0.22,1250.0
GRID_0847,AP Belt,Andhra Pradesh,18.34667,84.68,0.0645092433329364,0.1078962248674382,0.2116376439027864,0.1993902785253429,0.2632190635349278,0.2404687999418551,3.2806827717348344,1.0946034121481094,1.3201132240168283,-0.0297968456941979,261.8039235732826,3.5077834629877938,-0.9862830298411854,0.1650629729748355,24.287324886566047,7.083970379465371,0.3766182392901024,0.8767,High Priority,91.7,32.5,0.22,1250.0
GRID_0848,AP Belt,Andhra Pradesh,18.34667,84.8,0.0899925674146157,0.1364495843344115,0.1892810070235644,0.3579470669566113,0.3260551436990853,0.164203995515723,2.1032726278258806,1.985659100534884,0.9109006970516984,0.3082183823061219,463.92713991971016,8.935721310441146,0.3400241533687776,0.9404167029173004,1.5,15.465349004803082,0.4128842118485204,0.69,Moderate Priority,89.8,32.5,0.22,1250.0
GRID_0849,AP Belt,Andhra Pradesh,18.43333,83.0,0.0818476760336036,0.1204984828872704,0.1230758699861307,0.3649494951728723,0.353330625587408,0.2029109513484602,1.5037001934594636,1.7413002203139532,0.9681604224705596,0.4956158979401393,306.4922758423684,8.597458514056447,0.7567521753653119,-0.6537018778310708,14.277450950109197,16.96752960316713,2.566670065048597,0.54,Low Priority / Background,87.1,32.5,0.22,1250.0
GRID_0850,AP Belt,Andhra Pradesh,18.43333,83.12,0.0933958633534058,0.1320703069996621,0.177029583190464,0.3509215125466742,0.2848462598311395,0.2442353804612433,1.8954553379442625,1.1662728512975993,0.8117069998273586,0.3293706583613774,180.98037823671984,6.852426069028251,-0.7889424658428905,0.6144670744553686,11.643496289617522,4.426567154101588,6.597173522934698,0.1967,Low Priority / Background,82.8,32.5,0.22,1250.0
GRID_0851,AP Belt,Andhra Pradesh,18.43333,83.24,0.096269632419543,0.0842902712297159,0.1801163162230642,0.2549929098149058,0.3126545114726211,0.2352309436642788,1.8709372910123363,1.3291328830698228,1.22612540707176,0.1720864946651644,394.5838875229247,2.249843797191164,-0.9665656001917928,-0.2564194620653419,15.49932534898298,4.658412902984691,8.95957063981271,0.72,Moderate Priority,90.3,32.5,0.22,1250.0
GRID_0852,AP Belt,Andhra Pradesh,18.43333,83.36,0.0603717351478415,0.0886516753869759,0.180780144124431,0.1971621543418877,0.3745147741983212,0.144642194990863,2.994400430620446,2.589231897304115,1.899517054534944,0.0433451533177976,320.91348298093254,10.728277628691709,0.7348739379511463,-0.6782037270025687,23.806299191886584,0.3405493314076043,2.91990833771607,0.8733,High Priority,94.1,32.5,0.22,1250.0
GRID_0853,AP Belt,Andhra Pradesh,18.43333,83.48,0.0751132197634573,0.1024706618454079,0.2292266041692374,0.2408220014685673,0.2809505739065791,0.2052514947102386,3.051707185285242,1.3688046730111894,1.1666268263135542,0.0246684544785358,280.03991912976363,9.05780974009639,0.6504452134830818,-0.7595531740812805,16.04806555607194,5.929714521836729,0.1712477720065686,0.68,Moderate Priority,90.1,32.5,0.22,1250.0
GRID_0854,AP Belt,Andhra Pradesh,18.43333,83.6,0.0570724366163233,0.1455384461472081,0.1295872425349633,0.3510971909391915,0.2165412965738791,0.2401345057870035,2.2705351248798027,0.901746269733006,0.6167542361714505,0.46082101303396,600.5265245473465,15.727408914859222,0.8195458922895772,0.5730135516995045,4.525759333292427,0.3422975065840349,0.7298023210052514,0.75,High Priority,91.6,32.5,0.22,1250.0
GRID_0855,AP Belt,Andhra Pradesh,18.43333,83.72,0.0476712290745217,0.1049924718143705,0.1817259895813224,0.2977518927130019,0.3421762593283537,0.218748787189803,3.811988512163893,1.5642358501197395,1.1491954157374742,0.2419833436177443,207.86500546814528,17.885313591049144,0.1638246604299378,-0.9864894731496204,20.878196451780987,1.306826759298874,0.1,0.9867,High Priority,94.5,32.5,0.22,1250.0
GRID_0856,AP Belt,Andhra Pradesh,18.43333,83.84,0.0790791938335743,0.0961969746911065,0.2268138163571771,0.3518092659413312,0.213810926947077,0.1527666086496893,2.8681494741213043,1.3995828620801805,0.6077449911104434,0.2160218584190724,321.3617329826613,21.086006194595168,0.987778272488672,-0.1558655972281729,13.346561029170008,6.307969273464259,2.710982632844876,0.36,Low Priority / Background,85.4,32.5,0.22,1250.0
GRID_0857,AP Belt,Andhra Pradesh,18.43333,83.96,0.0594894465849132,0.0820297190433852,0.2100180337558221,0.2229507331650165,0.3502052738232731,0.1904348312065106,3.530281680707411,1.838967339310777,1.5707672187686943,0.0298697516484077,452.1962776678142,10.950442296510056,-0.75580455407492,0.6547972785829301,6.619819544467883,7.461521609854548,1.7026123134624598,0.9467,High Priority,94.3,32.5,0.22,1250.0
GRID_0858,AP Belt,Andhra Pradesh,18.43333,84.08,0.0515225196135402,0.152354027385372,0.1437725033089305,0.1851614336382462,0.2036503952781356,0.2146778427745117,2.790424730051777,0.9486281584442866,1.0998472599253557,0.1258271034188209,295.7132405247463,4.284969544941009,0.9047976513238551,-0.4258417665739649,20.51980125104918,2.073744712176542,3.419789593770121,0.69,Moderate Priority,91.2,32.5,0.22,1250.0
GRID_0859,AP Belt,Andhra Pradesh,18.43333,84.2,0.0434880274616097,0.154329308215306,0.1467025253012935,0.3799346410484184,0.2308740848816936,0.2325855748774853,3.373322740564764,0.9926371932830014,0.607666299072667,0.4428697550800904,511.7044924521682,6.533088403879545,-0.3509222720668718,-0.9364045914920668,11.346626444735064,3.70824713089885,1.992935072185156,0.4733,Low Priority / Background,87.1,32.5,0.22,1250.0
GRID_0860,AP Belt,Andhra Pradesh,18.43333,84.32,0.0612343495754115,0.1513164051645097,0.1399053509595042,0.2099017279041392,0.3038437163580952,0.218899307598193,2.2847154777357863,1.388046091355074,1.4475453434643215,0.2000993721243351,434.3971024405594,8.00506763926593,-0.3294767021297575,0.9441637054842232,6.567109891254304,1.415910547052961,3.31112205853034,0.8367,High Priority,93.4,32.5,0.22,1250.0
GRID_0861,AP Belt,Andhra Pradesh,18.43333,84.44,0.0844089636218554,0.1158502959572127,0.2325031184111499,0.3273313470437581,0.2824264243749616,0.2083202242131313,2.7544511149504887,1.3557256368943669,0.862812450176843,0.1693858901124692,429.643036664211,17.48793825913645,-0.6904895036533765,0.723342412239538,5.78008536519858,1.202967661803056,0.1155457465168076,0.7333,Moderate Priority,90.9,32.5,0.22,1250.0
GRID_0862,AP Belt,Andhra Pradesh,18.43333,84.56,0.0425808378628033,0.1496044154487426,0.2014071775687088,0.3121064830872972,0.3106357074082795,0.2419062973632926,4.729884562935807,1.284110528264766,0.9952843947717652,0.215571850231446,252.02572439903537,14.910845303328705,0.7727312534465667,-0.634733337667794,13.65117623300462,13.066485268814503,3.59851818607991,0.8333,High Priority,92.6,32.5,0.22,1250.0
GRID_0863,AP Belt,Andhra Pradesh,18.43333,84.68,0.0554306281614656,0.12512679373509,0.1839636673785906,0.2075797643460668,0.3064237230351105,0.1777742748460349,3.318749123564018,1.723657709433967,1.4761662719588913,0.060315241525599,437.1555966288142,11.472267487950056,-0.8939991503218773,-0.4480686545873986,15.18453828615549,5.63115232308152,9.675611805679145,0.8867,High Priority,92.9,32.5,0.22,1250.0
GRID_0864,AP Belt,Andhra Pradesh,18.43333,84.8,0.0552201675473017,0.1499981646899294,0.2308893366353123,0.3140831029317913,0.3676279929322408,0.1877454304972842,4.181174482367387,1.9581090940504384,1.170476281673121,0.1526565521478688,127.47040972232244,10.3155621960918,0.2608764893878602,0.9653721858872182,14.939952993890602,11.868946600367378,1.9876956903985603,0.78,High Priority,92.3,32.5,0.22,1250.0
GRID_0865,AP Belt,Andhra Pradesh,18.52,83.0,0.0676196190866699,0.1253173284783707,0.1379261456125473,0.2738332097134797,0.3496028990091942,0.1418578950965018,2.0397054548667493,2.464441153100559,1.2766954843771834,0.3300635001476107,509.2024898576084,7.355179138060457,-0.953412805498305,0.301668729423272,14.83936054082191,1.469351679278993,7.736911605433235,0.8533,High Priority,92.7,32.5,0.22,1250.0
GRID_0866,AP Belt,Andhra Pradesh,18.52,83.12,0.0865189452328225,0.1259542786402515,0.2034768258862723,0.3648632710014858,0.3282309251251259,0.1842049409101681,2.351790969570337,1.7818693767601916,0.8995973330690669,0.2839605405960741,407.3976700831678,3.668281610504745,0.8665638964865262,0.4990661412138567,3.763621516411392,0.2,0.429468354635501,0.8033,High Priority,92.3,32.5,0.22,1250.0
GRID_0867,AP Belt,Andhra Pradesh,18.52,83.24,0.0792772897478233,0.144183105309095,0.2385844191272368,0.2492727006216988,0.3078882600069983,0.2524573960178146,3.0094546676795275,1.2195603903990275,1.235141369663596,0.0219085858404128,402.3323782728589,6.397343459433525,-0.999510748660094,0.0312772011685573,14.708095784647435,3.800151338410677,0.9345588671920106,0.8133,High Priority,92.1,32.5,0.22,1250.0
GRID_0868,AP Belt,Andhra Pradesh,18.52,83.36,0.0946958131936164,0.109461023189753,0.1254660187158423,0.2400454223082772,0.295599696057948,0.1889866187105878,1.3249233473075313,1.5641220206632895,1.23142720985163,0.3134760701206175,140.0428357419691,7.078842168584917,-0.907049745752596,0.4210234657713879,11.61076445768466,27.79223540885605,1.1993832515899403,0.4767,Moderate Priority,87.5,32.5,0.22,1250.0
GRID_0869,AP Belt,Andhra Pradesh,18.52,83.48,0.0628972626505962,0.1294430019741565,0.2062129769682649,0.2584059069607182,0.3628873130567267,0.2072004787074702,3.278516262266112,1.7513741471365454,1.404325129404885,0.112334688629966,555.1246943269464,6.877880119441798,-0.2922150527239053,0.9563526352562456,11.845201866217533,1.888162072286392,3.613794607844618,0.91,High Priority,93.3,32.5,0.22,1250.0
GRID_0870,AP Belt,Andhra Pradesh,18.52,83.6,0.0895761489917548,0.1385076076148217,0.238719994419393,0.2345095295786058,0.3574981091043958,0.2319947198209383,2.664965307629583,1.540968554852323,1.5244437413824767,-0.0088972807696677,145.5443747062385,16.057538883542335,0.6083091589764855,0.7937001745655099,9.24550752900217,7.78739440408194,2.2799809454342883,0.7133,High Priority,91.8,32.5,0.22,1250.0
GRID_0871,AP Belt,Andhra Pradesh,18.52,83.72,0.0575374103625551,0.1324621841427344,0.196994399845729,0.2218972445439199,0.2054715346660747,0.1920347104282008,3.423702507671796,1.069965238277374,0.925971879986667,0.0594492288936602,451.5627883994471,10.843567219400098,-0.4358902211377768,0.8999998417313527,23.771766187287447,2.8928755600860385,4.112233546078691,0.6133,Low Priority / Background,87.2,32.5,0.22,1250.0
GRID_0872,AP Belt,Andhra Pradesh,18.52,83.84,0.05228809149635,0.1096851787842825,0.1961073598576337,0.1836315931214157,0.3300430358610117,0.24026426015218,3.750444963675126,1.3736610763119392,1.7973009597636682,-0.0328534478354094,368.483976436038,4.973456969963535,-0.8042553714697535,0.5942838526007995,1.5,7.472843039551773,1.0196620383649906,0.9233,High Priority,93.5,32.5,0.22,1250.0
GRID_0873,AP Belt,Andhra Pradesh,18.52,83.96,0.0594385663936923,0.1343102585912477,0.1875837710937793,0.2124459142192993,0.25578738366125,0.2479979932254385,3.1558738139396234,1.0314049276350554,1.2040061141919538,0.0621505900380167,417.9293819982349,6.80438526923178,0.126689058491838,0.9919424794101984,11.814259424645536,2.1290539643553323,5.950307952060356,0.7967,High Priority,91.5,32.5,0.22,1250.0
GRID_0874,AP Belt,Andhra Pradesh,18.52,84.08,0.0912560615594518,0.0817841363918914,0.1931406146939317,0.2535664448641913,0.2748189802700808,0.2398448887062531,2.116445690814898,1.145814846993939,1.0838101887143743,0.1352691738537959,552.5091083491953,11.57758955925645,0.903845052463159,0.4278599316807653,13.097180615104946,5.434245090643703,3.34518614452466,0.5,Low Priority / Background,85.2,32.5,0.22,1250.0
GRID_0875,AP Belt,Andhra Pradesh,18.52,84.2,0.055131709685675,0.1059800487173761,0.2201758191095928,0.3323610509909905,0.2592372584566567,0.204074785632192,3.99356063514506,1.2702989610138402,0.7799845309766849,0.2030362767007727,263.31154151165333,9.866400443713095,-0.8329246427954149,0.5533864286591518,15.152685602472012,5.912147777092105,8.46036818912765,0.5033,Low Priority / Background,86.8,32.5,0.22,1250.0
GRID_0876,AP Belt,Andhra Pradesh,18.52,84.32,0.0732707533414579,0.1280174888849575,0.2372365265551513,0.308425829372852,0.2055415823949344,0.2268563331956627,3.2377623809490643,0.906038960696308,0.6664192697272084,0.1304637777932328,359.440695340416,17.936286434878554,-0.0615878047077174,0.998101669325968,19.17852671603148,0.4751925703453735,3.301044841590386,0.5467,Moderate Priority,88.0,32.5,0.22,1250.0
GRID_0877,AP Belt,Andhra Pradesh,18.52,84.44,0.0570038616742356,0.1312072317268936,0.1929148291060726,0.2106913664216324,0.237214396233243,0.2145955493651856,3.384182040621704,1.1053970668911732,1.1258803546709206,0.0440441536041433,311.718251901325,7.272622755011536,-0.8599556426393892,0.5103687810717611,13.149108213985034,14.162996150710285,0.773007358258694,0.8,High Priority,91.9,32.5,0.22,1250.0
GRID_0878,AP Belt,Andhra Pradesh,18.52,84.56,0.0633775610414806,0.1285166220434836,0.2106406715404766,0.360330677342541,0.3647851377632327,0.2331968089247147,3.323531933812989,1.5642734356950987,1.0123593364134291,0.2621668213791789,144.6282204380936,5.446984709247246,-0.969186011680795,-0.2463300118992283,12.031608774833032,5.410702288450555,0.1349031083844206,0.7633,Moderate Priority,90.3,32.5,0.22,1250.0
GRID_0879,AP Belt,Andhra Pradesh,18.52,84.68,0.090195626747857,0.0998994613032945,0.171867249058925,0.3135867470911485,0.2772953816334056,0.1929545363359932,1.905473134149203,1.437094715699432,0.8842672719377841,0.2919312792249279,334.95318585050177,7.015759344432178,-0.9956514506552848,0.0931567968965591,13.006787662113942,2.7546441306104263,3.638305180319031,0.0433,Low Priority / Background,80.8,32.5,0.22,1250.0
GRID_0880,AP Belt,Andhra Pradesh,18.52,84.8,0.0965663200663166,0.1013648752191488,0.1728173047845524,0.3391946487104602,0.3097448424873269,0.1532703612756746,1.7896044403621425,2.02089183464756,0.913174575395946,0.3249475287494429,429.44982907563104,4.790943740041314,-0.0641445379070878,-0.9979406186024729,16.832068588777286,3.765582304689643,6.267345232866383,0.4933,Low Priority / Background,87.1,32.5,0.22,1250.0
GRID_0881,AP Belt,Andhra Pradesh,18.60667,83.0,0.0677496564407462,0.1023553937788715,0.1477159617859237,0.3548503753368672,0.2307819537952811,0.1911042273059772,2.180288273887264,1.2076171701246965,0.650362292033377,0.4121525579771906,406.6540987081656,7.081888599913881,0.1603265285821214,-0.987064032488676,6.239926901991015,9.559956981765325,2.42078887926072,0.0133,Low Priority / Background,80.4,32.5,0.22,1250.0
GRID_0882,AP Belt,Andhra Pradesh,18.60667,83.12,0.0830720710678758,0.1517630813000547,0.228209001124877,0.2457018108675726,0.3714412273663493,0.1429851058417526,2.747087572318305,2.5977435022773143,1.5117500123616672,0.0369115293184005,211.3951459414427,13.721001489175189,0.9880426828647516,-0.1541805981225379,12.456134802891942,1.5947042196526595,1.081284299311883,0.7367,High Priority,92.5,32.5,0.22,1250.0
GRID_0883,AP Belt,Andhra Pradesh,18.60667,83.24,0.0767388030908153,0.1150666220491483,0.2072081803624011,0.3589821285129331,0.3213558874897149,0.164536006423709,2.7001395888022675,1.9530918574157847,0.8951838177490768,0.2680612467401015,338.34286535466714,10.963760235092874,0.8086264313175767,0.5883224409918428,14.791820011673453,0.60385131636039,0.4482015336839116,0.8367,High Priority,92.1,32.5,0.22,1250.0
GRID_0884,AP Belt,Andhra Pradesh,18.60667,83.36,0.0580018288357297,0.1025322407747571,0.192508741239857,0.3433490558945363,0.3370429381165206,0.1714981345659772,3.318954352813763,1.965274862578722,0.981630648751218,0.2814926534029607,264.6279180784393,6.68010138925203,-0.9639256704676146,-0.2661715646224436,2.29752679005556,4.429644894803227,1.147909997163496,0.7467,Moderate Priority,90.1,32.5,0.22,1250.0
GRID_0885,AP Belt,Andhra Pradesh,18.60667,83.48,0.0732298549520694,0.1384565507490309,0.125080193508299,0.1822398610511408,0.2824520490331204,0.1558203941364217,1.708025853175765,1.812665395522219,1.549883200748586,0.1859933339900288,238.1476515788368,12.892849722833263,0.4095027402999408,-0.9123088872124612,15.330624694648314,0.6167934629503902,0.1,0.9467,High Priority,93.8,32.5,0.22,1250.0
GRID_0886,AP Belt,Andhra Pradesh,18.60667,83.6,0.0430678982864018,0.1563406753212248,0.1370743462333123,0.321695650627367,0.2122267167601087,0.1529792422682218,3.18267593755912,1.3872818712628876,0.6597106819304087,0.4024258413400117,211.71040807274625,0.5,-0.2995585175412876,0.9540779289808908,18.7625488585948,14.487173984539766,4.537051246379455,0.4667,Moderate Priority,87.6,32.5,0.22,1250.0
GRID_0887,AP Belt,Andhra Pradesh,18.60667,83.72,0.0761261098076409,0.1163968253914408,0.1627414241194105,0.3694175093951111,0.3085235860564434,0.2094887033223193,2.137759131150884,1.4727386652591286,0.8351600642902883,0.3883721269858825,335.4650577686115,11.56328868895643,0.3529515478502449,-0.935641600651722,9.495914077690069,4.171457307508733,1.1247625248837572,0.6767,Moderate Priority,88.2,32.5,0.22,1250.0
GRID_0888,AP Belt,Andhra Pradesh,18.60667,83.84,0.050693985934695,0.1487345759528887,0.1684227319808675,0.2597087428730765,0.2305796014651916,0.1859678811302934,3.3222759386466483,1.2398827162037018,0.887835777412012,0.2132190764630758,401.4377136613857,8.498086275292135,-0.2994191204255473,0.9541216852810712,19.437092944089795,14.622540060135568,0.4696058698297516,0.7233,High Priority,91.6,32.5,0.22,1250.0
GRID_0889,AP Belt,Andhra Pradesh,18.60667,83.96,0.0506386752113586,0.1490139256265511,0.1671313102709662,0.1808747964566018,0.2492969275469667,0.2117154791834672,3.300402492184192,1.1775036525660971,1.3782768752411902,0.0394919699050699,313.6687991611455,11.334577045124387,0.6400411925137286,0.7683405962758991,14.819549104390358,4.455303523195243,4.398439530799634,0.8767,High Priority,93.0,32.5,0.22,1250.0
GRID_0890,AP Belt,Andhra Pradesh,18.60667,84.08,0.0657312616783983,0.1406764597847301,0.1646163589529443,0.2288189144985204,0.3312224158327344,0.1903606750588722,2.504346492112904,1.7399637596711568,1.447524427926819,0.1631841288612051,372.95626148559614,13.31386185041206,0.4082217720003953,-0.9128827881304682,10.17526085409432,12.476283772859686,1.7941889295963356,0.8767,High Priority,93.1,32.5,0.22,1250.0
GRID_0891,AP Belt,Andhra Pradesh,18.60667,84.2,0.0846582230402419,0.1173573927331038,0.1473360906855427,0.2198700257889372,0.2765776149661422,0.2306593588417058,1.7403430529418855,1.1990686928391878,1.2579084214199274,0.1975286748246761,510.1074306164393,14.013282608176658,0.979443482969174,-0.2017187737153226,10.360215036067174,8.505913717122617,13.783332420676649,0.51,Moderate Priority,89.7,32.5,0.22,1250.0
GRID_0892,AP Belt,Andhra Pradesh,18.60667,84.32,0.0644127437574802,0.0808770922505234,0.1403751167461137,0.3105053755500837,0.3101742772766946,0.2345437663502652,2.1792727538804506,1.3224523493032692,0.9989304623043548,0.3773281044150874,347.5281443376727,13.760122493528772,-0.925039073973792,-0.3798719674070581,9.319604282449308,1.949050186358189,2.365593866466683,0.8433,High Priority,91.5,32.5,0.22,1250.0
GRID_0893,AP Belt,Andhra Pradesh,18.60667,84.44,0.0488364285098996,0.1162051602748466,0.2257436807466769,0.2642382759650781,0.3511220071655759,0.2108304038311633,4.622349858181363,1.6654160660371031,1.3288032442685782,0.0785631310050783,384.17539207135394,4.157533271489938,-0.0375855108928611,-0.9992934150543186,8.329346803321881,2.6953424924557154,0.2266362298612165,0.89,High Priority,93.3,32.5,0.22,1250.0
GRID_0894,AP Belt,Andhra Pradesh,18.60667,84.56,0.045926143083925,0.1132733226346172,0.1566457778362156,0.3651088651724447,0.2676270449684487,0.230942974648652,3.410745091415083,1.158839694240149,0.7330041461411788,0.3995416055955696,324.81528946706493,18.376178820932,0.9979807052856348,-0.0635178075628146,15.655244038250892,14.228376049042732,2.265632679943055,0.5967,Moderate Priority,88.9,32.5,0.22,1250.0
GRID_0895,AP Belt,Andhra Pradesh,18.60667,84.68,0.0898794442771149,0.109203655478089,0.1320253618860629,0.3147423295441697,0.2013967367007364,0.197035157187861,1.468899747302192,1.0221308595087848,0.63987610791438,0.4089744226999842,398.91783506377936,4.691004627814712,-0.1289486952580598,0.9916512663185804,21.980943350821185,3.544190071289365,2.054584988003767,0.2633,Low Priority / Background,82.4,32.5,0.22,1250.0
GRID_0896,AP Belt,Andhra Pradesh,18.60667,84.8,0.0958254095907266,0.1511972694997345,0.2142960558225569,0.2392511506633568,0.2981015148303093,0.1668676679966822,2.236294323640138,1.7864439047133545,1.245972142794893,0.0550219237645137,335.0866168937092,6.424543863678851,-0.871295926741117,0.490757993357559,1.5,11.318185802757943,1.6064825297193526,0.2,Low Priority / Background,84.5,32.5,0.22,1250.0
GRID_0897,AP Belt,Andhra Pradesh,18.69333,83.0,0.0410622667043942,0.1489419071831483,0.1409134414201632,0.3043763927780787,0.2044947620781436,0.1879407770312677,3.4316179088860443,1.088075069355772,0.671846092811632,0.3670925579508836,175.5467111393946,6.893756950432579,-0.5616253408571866,0.8273916705569672,11.817045646712604,0.423367579862958,2.959643873523974,0.7233,Moderate Priority,90.7,32.5,0.22,1250.0
GRID_0898,AP Belt,Andhra Pradesh,18.69333,83.12,0.0601821227130225,0.133766751248485,0.1238543707281377,0.2066798470354978,0.3235470018990758,0.1654844786362997,2.0579585296483427,1.955138327334208,1.5654425968338803,0.2505798833411704,401.2294310504259,17.880110188364995,0.9118243808328684,0.4105804409841705,10.535586846623367,4.70636009763802,3.885043075134309,0.95,High Priority,93.8,32.5,0.22,1250.0
GRID_0899,AP Belt,Andhra Pradesh,18.69333,83.24,0.0588685981519906,0.1463117689580702,0.1924101094166739,0.257824601923006,0.3003756308017685,0.2092113016923109,3.2684121423745056,1.4357455482877473,1.1650341492908418,0.1452894358639183,316.421406102025,4.804145475720201,0.83258292468277,-0.5539004184207528,22.56180442646246,3.294099869618793,8.456081606151647,0.7467,Moderate Priority,91.0,32.5,0.22,1250.0
GRID_0900,AP Belt,Andhra Pradesh,18.69333,83.36,0.0576205848015061,0.1132562862627943,0.2144348172574849,0.28920491866415,0.2984650663564006,0.146400819560622,3.72143213339526,2.038670470436416,1.0320157614167056,0.1484592013190511,295.8434123389115,3.1609503849160347,-0.0041775343076089,0.9999912740654834,9.96694885249972,1.843412814497537,6.475364243056806,0.54,Moderate Priority,88.0,32.5,0.22,1250.0
GRID_0901,AP Belt,Andhra Pradesh,18.69333,83.48,0.0805740241024286,0.1072733127353672,0.1852241254048948,0.3481071759898387,0.3590062936455641,0.1592472650007374,2.2987784051970506,2.25438119306293,1.0313066983409305,0.3054063107728211,223.7135246271822,4.467131869521762,0.2611132142456871,0.9653081836109574,20.398111347171422,2.4028918286278294,4.041635722389467,0.6167,Moderate Priority,87.6,32.5,0.22,1250.0
GRID_0902,AP Belt,Andhra Pradesh,18.69333,83.6,0.0776620248160444,0.11005189883944,0.1369271759390756,0.3218647705551934,0.3538217304094233,0.222302539088179,1.763093521832385,1.5916153735594656,1.0992834988296778,0.4030959848647715,379.5237036693526,10.536358658534164,-0.9991718507501938,0.0406892205434382,9.625781431840773,0.5859240004360605,5.466739300037157,0.8667,High Priority,93.3,32.5,0.22,1250.0
GRID_0903,AP Belt,Andhra Pradesh,18.69333,83.72,0.0733305387037289,0.135197520971338,0.2365682218330375,0.1967361976495394,0.3622203241360021,0.1551323235184891,3.226009245337269,2.3348969513492817,1.8411379671131043,-0.0919259773650251,456.216744758866,8.544182739469942,-0.5555480989277966,0.8314844014037251,29.4623259774202,6.157530872977058,5.364952231892015,0.88,High Priority,92.1,32.5,0.22,1250.0
GRID_0904,AP Belt,Andhra Pradesh,18.69333,83.84,0.0472906701722599,0.1448055446583382,0.177753138061394,0.2701246850216338,0.2763019553594596,0.2011053902295251,3.758656385235031,1.3739093772411357,1.0228644319303857,0.2062422740249005,367.4488199487736,10.32228276719626,-0.289968768125146,0.957036108781683,17.967383065185942,0.9940240957804244,3.86354163479992,0.85,High Priority,92.3,32.5,0.22,1250.0
GRID_0905,AP Belt,Andhra Pradesh,18.69333,83.96,0.0887343723165248,0.1343303065067889,0.1928306736271848,0.2929625562172364,0.3549674868641653,0.23859759165974,2.173098152328085,1.4877182819686392,1.211643835320432,0.206119950461576,197.6827535826152,7.608648694877088,-0.7299632768912333,0.6834863673770039,21.94452670167257,1.5285758926721804,0.1,0.86,High Priority,93.7,32.5,0.22,1250.0
GRID_0906,AP Belt,Andhra Pradesh,18.69333,84.08,0.0697275515741766,0.0880182605314307,0.2105251146629891,0.235215027213882,0.2798562163886262,0.1504440278109865,3.0192096337901733,1.8601892030637728,1.189783790260826,0.0553906970465677,320.8121145965389,14.22868371375516,0.8148410497918608,0.5796844517270566,9.72678824848794,5.208696693810795,7.4821759061823325,0.7167,Moderate Priority,90.7,32.5,0.22,1250.0
GRID_0907,AP Belt,Andhra Pradesh,18.69333,84.2,0.0807902055854632,0.1448817351433781,0.1330765955164699,0.2301463652004108,0.3610169934033064,0.2258126736341707,1.6471668488186837,1.5987384093851271,1.5686340492707145,0.2672449512756764,489.7844307031498,15.360278702230431,0.513358539257596,-0.8581742306614125,12.179073443009386,11.500920656466604,1.2291408532067625,0.8267,High Priority,93.9,32.5,0.22,1250.0
GRID_0908,AP Belt,Andhra Pradesh,18.69333,84.32,0.0576593046538741,0.1498237060063554,0.2156385185710782,0.2829959621296689,0.223532253102413,0.1658085765758063,3.7398088661779134,1.3481263128382488,0.7898750976697437,0.135083535299035,549.4344949719849,4.809397594662482,-0.8559933619674344,0.5169868124698045,23.40531332062959,14.97416432393713,4.914082049482286,0.52,Low Priority / Background,86.0,32.5,0.22,1250.0
GRID_0909,AP Belt,Andhra Pradesh,18.69333,84.44,0.0626527253797334,0.1430949143385139,0.162173000816482,0.2134200175531267,0.2060107768758543,0.1862860055313224,2.588401564848369,1.1058784067534737,0.9652787679384583,0.1364425795679589,328.3998578426887,11.502843173542855,0.962902751110342,0.2698486462892389,10.005200779389376,0.2,7.495892640571476,0.5733,Low Priority / Background,87.1,32.5,0.22,1250.0
GRID_0910,AP Belt,Andhra Pradesh,18.69333,84.56,0.048378539812575,0.1241423426980556,0.1528865048915457,0.1930385604369382,0.2089860474194082,0.1538668038603606,3.1601479775094266,1.3582181728483558,1.0826073523291069,0.1160712058724599,456.518318012364,0.5,0.4907089940336891,-0.8713235238270828,12.820922513442984,13.221627400000475,7.249002507960663,0.6567,Moderate Priority,88.4,32.5,0.22,1250.0
GRID_0911,AP Belt,Andhra Pradesh,18.69333,84.68,0.0829405888073546,0.150774590193735,0.1583577633105149,0.2562218652016566,0.310468192733761,0.2148351136756717,1.909268505554273,1.4451396807636387,1.211711501584417,0.2360556551866688,101.25432412938709,7.937996368345746,-0.0867225895167679,0.996232499202624,12.451745418667612,6.49677701648775,0.9423315144530418,0.7833,High Priority,92.1,32.5,0.22,1250.0
GRID_0912,AP Belt,Andhra Pradesh,18.69333,84.8,0.0460101595742397,0.1081944820442192,0.1683567360148073,0.1833074249121341,0.3466625602944613,0.1831032082867018,3.659041362414716,1.8932528287480008,1.891143631072212,0.0425139893241595,477.4435144272819,6.660621572847504,0.8909974780021171,0.4540082534424531,14.840449087758964,11.022472335056188,2.8147466301935173,0.9267,High Priority,94.5,32.5,0.22,1250.0
GRID_0913,AP Belt,Andhra Pradesh,18.78,83.0,0.0970170430102291,0.1599000027513053,0.1646232138399713,0.2397606128166549,0.3545040899286374,0.2598333712444945,1.6968309062120968,1.3643464035597594,1.4785690076239426,0.185806672317319,471.317918839159,12.39801274102168,-0.9801727031448446,0.1981450781869897,19.80872046344372,8.950512451806803,3.495351437439588,0.7233,High Priority,93.3,32.5,0.22,1250.0
GRID_0914,AP Belt,Andhra Pradesh,18.78,83.12,0.0412698288389222,0.1069364535118026,0.1373370835913526,0.2265944424156078,0.3629881059484386,0.1444271946692921,3.32770354885218,2.5132773194292093,1.601921477673269,0.2452579872526922,161.43420517390098,6.8438007764989495,-0.6701451159466496,-0.7422301015001018,7.807966062005758,3.818939438690587,0.7387356151708079,0.84,High Priority,93.7,32.5,0.22,1250.0
GRID_0915,AP Belt,Andhra Pradesh,18.78,83.24,0.0498544640333892,0.0989438427676895,0.1803035552041986,0.2342355571422406,0.37056845028939,0.1956638265714617,3.616525464158663,1.8938940471963115,1.5820265410764276,0.1301008040760359,356.89061331209723,9.403281647917764,0.8797788376561849,-0.475383210486374,6.237095809592644,4.228505998864237,4.437236263688135,0.9533,High Priority,94.1,32.5,0.22,1250.0
GRID_0916,AP Belt,Andhra Pradesh,18.78,83.36,0.0956805245064732,0.1008901715546461,0.1601828341198777,0.2728532840571879,0.3668914707924779,0.2481664228172788,1.674125019914798,1.4784030338366103,1.3446425151806694,0.2601865872644204,440.1005324202116,5.593364501480348,0.8250236149297574,-0.5650982523493019,13.932925307132708,0.8031058816635384,3.03213684971519,0.8467,High Priority,93.2,32.5,0.22,1250.0
GRID_0917,AP Belt,Andhra Pradesh,18.78,83.48,0.0969697259043497,0.1597387016235505,0.1650289358996297,0.2998025274229224,0.3541281776343346,0.1540954487355661,1.7018428434000952,2.2980943463663377,1.1812008373563208,0.2899401443693313,269.34801675434386,17.547402294847434,0.9622779318678972,0.2720683403853576,9.636890704082788,5.943896537864593,0.8740370006717317,0.75,High Priority,92.4,32.5,0.22,1250.0
GRID_0918,AP Belt,Andhra Pradesh,18.78,83.6,0.0586843387026926,0.089686503859317,0.2237590936667869,0.2786888558565477,0.302986438001552,0.2083319219713825,3.8128619279234073,1.4543377740517245,1.0871814371223858,0.1093240661401954,333.32323691255147,4.231919708418662,-0.9995324118799744,-0.0305770764037546,11.76115714277002,0.6794208790054563,0.3290220505892563,0.9067,High Priority,93.9,32.5,0.22,1250.0
GRID_0919,AP Belt,Andhra Pradesh,18.78,83.72,0.0826087022557902,0.0967069616361587,0.1568127301623398,0.275045493400348,0.2808832370113183,0.2250294950077999,1.8982362347317223,1.248200769418307,1.0212209344638856,0.2737761677581624,499.5571736482426,15.752957310845716,-0.974603375217326,-0.2239380740628891,7.92834832091045,2.8812471089659537,1.102177255902498,0.7133,Moderate Priority,89.7,32.5,0.22,1250.0
GRID_0920,AP Belt,Andhra Pradesh,18.78,83.84,0.0990962721382518,0.1451241541137143,0.1397585625907235,0.1811188311763739,0.2077009882845082,0.169287614125151,1.4103169499534225,1.2269046524945844,1.1467600589923788,0.1288970195222019,231.87775523916176,10.39197798687687,-0.7784811423073378,0.6276679943026109,7.953294368493895,6.673259835724783,0.7285432166565928,0.62,Moderate Priority,90.1,32.5,0.22,1250.0
GRID_0921,AP Belt,Andhra Pradesh,18.78,83.96,0.0639579553615471,0.1206315367625022,0.2172247019404002,0.347824320621233,0.3637492961433997,0.201109430060345,3.396314100386296,1.80870428268814,1.0457815304927365,0.2311293044264722,282.7606415673498,11.514249049694056,-0.3988135002931589,-0.9170320561375804,11.45873999965532,5.026299779708968,0.8911209248127193,0.7733,Moderate Priority,90.8,32.5,0.22,1250.0
GRID_0922,AP Belt,Andhra Pradesh,18.78,84.08,0.0431311034678056,0.0808187085127006,0.1226591442653425,0.1816699475027539,0.2198639101804176,0.1687386457484156,2.843801586372825,1.3029771942761237,1.210231537858219,0.1939039379726482,194.11972305820825,6.668083086907931,-0.2823835807624623,-0.9593015757913514,11.686857773338328,9.758143281891254,3.4001737697126364,0.7967,High Priority,93.0,32.5,0.22,1250.0
GRID_0923,AP Belt,Andhra Pradesh,18.78,84.2,0.057764925348127,0.1249292927833164,0.2057827169040491,0.3256208984735484,0.319976921953584,0.2444972509730741,3.562354721471129,1.3087084291201003,0.9826640144706884,0.2255121203347971,372.0189314205133,14.645752291568783,0.42659568783025,-0.9044424354952812,20.59288442406321,0.2,14.483819802095512,0.8633,High Priority,93.2,32.5,0.22,1250.0
GRID_0924,AP Belt,Andhra Pradesh,18.78,84.32,0.0509736263397519,0.1176199188527981,0.224643568181144,0.2250080798088398,0.285823140302069,0.1559098616217415,4.406968413733293,1.833247134478099,1.2702738064832528,0.0008106515758892,398.8854700912928,4.674063831350843,0.7557850200691828,-0.6548198251725622,11.692254943614916,2.337746951119782,14.95963865835553,0.6067,Moderate Priority,89.4,32.5,0.22,1250.0
GRID_0925,AP Belt,Andhra Pradesh,18.78,84.44,0.0996887817582263,0.0891829022928489,0.2071162535194016,0.1903490959338202,0.2054345627606939,0.1526400673093957,2.0776076531265004,1.3458669176119458,1.0792459113449475,-0.0421850997163592,305.1091612686994,8.172503393394685,0.9982321922296712,0.0594347574769587,30.33870792575859,1.2525315415998213,4.239428180537999,0.6533,Moderate Priority,89.5,32.5,0.22,1250.0
GRID_0926,AP Belt,Andhra Pradesh,18.78,84.56,0.058573190164159,0.1537705060423528,0.1988067247748076,0.2672702388607223,0.3421841603065121,0.2381497551255997,3.394101125728504,1.4368384434726884,1.280288001676184,0.1468928364513983,410.7367085705787,5.62719870652725,-0.3916329518647204,0.9201215305674167,6.378744539678319,0.9000673425805763,0.1291935743472824,0.8633,High Priority,93.9,32.5,0.22,1250.0
GRID_0927,AP Belt,Andhra Pradesh,18.78,84.68,0.0672433193565729,0.1440967920194903,0.2126001727572894,0.3639061257825665,0.2959761195864272,0.152007760587984,3.161607921554616,1.9470990911416164,0.8133287276250593,0.2624527970565089,489.6760177398492,12.00235741919279,0.553364266907745,0.8329393664064954,19.57355036385108,5.553373479357203,12.058839279370291,0.2267,Low Priority / Background,83.0,32.5,0.22,1250.0
GRID_0928,AP Belt,Andhra Pradesh,18.78,84.8,0.0437820191499856,0.1522400868121197,0.2176881944864016,0.242848304099901,0.3752347793307053,0.1745525297805698,4.971977691640591,2.14968313618413,1.5451342581420158,0.0546320542642727,372.49508444391535,11.713401305865697,0.6845596997454476,0.7289568008355657,23.274042353519967,3.796132942566371,1.3238812191069604,0.8867,High Priority,94.6,32.5,0.22,1250.0
GRID_0929,AP Belt,Andhra Pradesh,18.86667,83.0,0.0875330219893211,0.1406503365197476,0.2292735008847126,0.1829660324863415,0.3456385790281483,0.2526154463749602,2.619250157529415,1.3682346655890911,1.8890757221738843,-0.1123311868915376,310.4953147830432,11.390710757608156,0.4887807876379602,0.8724066377762237,14.273775979927183,4.9668396988953845,13.008571452090884,0.71,High Priority,91.9,32.5,0.22,1250.0
GRID_0930,AP Belt,Andhra Pradesh,18.86667,83.12,0.0638825904462457,0.1065525027917997,0.1949309912621271,0.3451217345015188,0.3686193109141403,0.2363748999414846,3.0513468310168,1.5594623267659389,1.068081798339246,0.2781033368986007,333.0180027822801,18.59183672781909,-0.7851250180612045,0.6193373119830528,7.773771067793148,3.372703678413505,0.7326673903196039,0.8533,High Priority,92.6,32.5,0.22,1250.0
GRID_0931,AP Belt,Andhra Pradesh,18.86667,83.24,0.0501834063848723,0.0800126195662445,0.2061885593977541,0.2022194417691981,0.2438910379452692,0.1757451597827352,4.108618079816677,1.3877460437643565,1.2060652019721698,-0.0097184871469898,143.51347223163583,15.498121082395157,-0.8900747157380411,-0.4558146557580673,1.5,1.7535592411564338,0.2081405220572947,0.93,High Priority,93.8,32.5,0.22,1250.0
GRID_0932,AP Belt,Andhra Pradesh,18.86667,83.36,0.09374315048488,0.135345486890004,0.1345941788183579,0.1930091915474281,0.3754770560176237,0.2217407060527406,1.4357608247787843,1.693308231011435,1.94537424685866,0.1783096259181373,348.97606021827755,17.589931091505537,-0.9992087294884529,0.0397732939806605,9.859154974706632,7.569779700316166,1.9495580162309407,0.8133,High Priority,93.2,32.5,0.22,1250.0
GRID_0933,AP Belt,Andhra Pradesh,18.86667,83.48,0.0657929654874908,0.080882246741512,0.2311868538170205,0.3006615756777886,0.2365677086941942,0.2503524103305724,3.5138002718649792,0.9449350355636252,0.7868212668666721,0.1306285538874421,413.6908079002985,7.861936246999285,-0.8965622694567432,0.4429177090460192,12.166446394913503,19.41730254463297,1.0530353932538,0.6033,Moderate Priority,88.3,32.5,0.22,1250.0
GRID_0934,AP Belt,Andhra Pradesh,18.86667,83.6,0.0922535074280683,0.0803301723739683,0.1225229768663522,0.2731742617392736,0.2429686431083114,0.2227809540123157,1.328097458673057,1.0906118683871484,0.8894240333526531,0.3807226572546575,329.5243440919846,6.481837614885295,0.8530610783506195,0.5218110736686968,14.727915393539346,2.455517531710198,0.6159258699612696,0.5967,Moderate Priority,89.0,32.5,0.22,1250.0
GRID_0935,AP Belt,Andhra Pradesh,18.86667,83.72,0.0875333408346357,0.1132856188442624,0.1312118240210999,0.276868580454425,0.2163508725910545,0.155472476650378,1.4989754051952808,1.3915612955486607,0.7814179955629605,0.3569306389261386,405.86952829218194,8.179126659815742,-0.4561583353499742,0.8898986307949578,10.961998624812646,1.5903383108869162,2.38989963442255,0.43,Low Priority / Background,85.3,32.5,0.22,1250.0
GRID_0936,AP Belt,Andhra Pradesh,18.86667,83.84,0.0833111896319867,0.1594698230528139,0.1357884854254711,0.1898583998047608,0.3249840600191488,0.2398670940204686,1.629875364280868,1.354844884002859,1.7117090876371746,0.1660379717837334,449.5615164025244,12.058817058302662,-0.2849240796504815,0.9585500867640282,19.32746531751051,3.57701265477343,7.353770371452756,0.74,High Priority,93.0,32.5,0.22,1250.0
GRID_0937,AP Belt,Andhra Pradesh,18.86667,83.96,0.0980687282194913,0.1477725965602486,0.1571710275910344,0.219243130234059,0.2986616116967273,0.1943617700456226,1.6026456934729902,1.536619444282579,1.3622331023315624,0.1649033025175549,436.2754591952687,6.264682771918434,0.5620139738200891,0.8271277369493494,8.074520029008188,4.872166044410048,0.5163984409013744,0.66,Moderate Priority,89.6,32.5,0.22,1250.0
GRID_0938,AP Belt,Andhra Pradesh,18.86667,84.08,0.0916362694209825,0.1158033788373019,0.2300426054256667,0.2735739827267863,0.249507246609332,0.157019459442521,2.510360761284239,1.5890110594197235,0.9120250840279126,0.0864373650269377,193.13873255175525,10.042858710701235,0.6235577859470145,0.7817772621308816,13.118138107717174,2.4856637002187174,2.6694705082287595,0.0533,Low Priority / Background,80.3,32.5,0.22,1250.0
GRID_0939,AP Belt,Andhra Pradesh,18.86667,84.2,0.056541153814162,0.0940179433892892,0.212966594713121,0.3693582344563241,0.2180792752151538,0.1586708389262009,3.7665101229267215,1.3744044103288149,0.5904259454515988,0.268563803817976,311.83689045867885,13.3305654884736,-0.3763538060523429,0.9264760183997832,20.637030510753984,0.4170850574260507,0.8325212864557237,0.71,High Priority,92.5,32.5,0.22,1250.0
GRID_0940,AP Belt,Andhra Pradesh,18.86667,84.32,0.086420760788755,0.1222948682943055,0.2313562874144453,0.2657502816682708,0.3565662258465061,0.1938746524973885,2.677060560938592,1.839149069279388,1.3417290919845757,0.0691882328754131,218.7740406674632,13.38781749040122,-0.8177471371787631,0.5755776399721736,12.000110032951977,1.1829198353030472,2.936816329533221,0.7933,High Priority,93.1,32.5,0.22,1250.0
GRID_0941,AP Belt,Andhra Pradesh,18.86667,84.44,0.0443609389353888,0.1469368576466769,0.1409455060204195,0.1941629402771529,0.272039437196986,0.2092306566319572,3.1771719046297813,1.300182972194829,1.4010811523945814,0.158806129891895,281.5187890261104,9.575789181557948,-0.9999845600215376,-0.0055569522700928,3.972876002620204,1.850023232065196,2.0938673371432466,0.8533,High Priority,93.5,32.5,0.22,1250.0
GRID_0942,AP Belt,Andhra Pradesh,18.86667,84.56,0.0603207762674218,0.1405609494197888,0.1852672435791169,0.3553695548308224,0.2978379046368996,0.1685914896007916,3.071316115722121,1.7666143097011426,0.8381051851037243,0.3146326648857895,559.018482476606,10.844692516575662,0.9634566194569776,0.2678644105224374,20.91062881632124,4.884289877664815,1.3281776894388035,0.5,Low Priority / Background,85.8,32.5,0.22,1250.0
GRID_0943,AP Belt,Andhra Pradesh,18.86667,84.68,0.0906643367375239,0.1162639790917234,0.20717296297289,0.1991072415272474,0.2712843823344223,0.2579889723766878,2.285029432721962,1.0515307235985265,1.362497002904311,-0.0198525586620875,306.7340486603408,11.76605208311734,0.9848227277986012,-0.1735632300094756,21.05869295219763,7.07336134993969,4.153207760655973,0.77,High Priority,91.7,32.5,0.22,1250.0
GRID_0944,AP Belt,Andhra Pradesh,18.86667,84.8,0.0705924433783841,0.1448656430270521,0.172449369930897,0.2047761130591123,0.3015995314976863,0.2542761661521328,2.4428525041137354,1.186105445729409,1.4728185537542204,0.085695847417668,216.8491700445548,11.650274884836158,-0.7970576245541536,-0.6039032564410378,22.1917168153482,13.336607001182976,1.6776472746574818,0.8467,High Priority,92.7,32.5,0.22,1250.0
GRID_0945,AP Belt,Andhra Pradesh,18.95333,83.0,0.0598836483365582,0.1581793252000359,0.22361317602124,0.2446087169237205,0.2834805075249661,0.1898093754809359,3.734065110719355,1.4934932129325995,1.158909429642025,0.0448409106407116,447.9259744286963,8.876550078014862,0.9282798416542573,0.3718824217119536,11.493263305525607,7.22429082106251,2.609036660175747,0.36,Low Priority / Background,87.4,32.5,0.22,1250.0
GRID_0946,AP Belt,Andhra Pradesh,18.95333,83.12,0.0775353750081851,0.0841376706043722,0.1453245996250338,0.194866174470716,0.2520045768446861,0.2152926809218581,1.874276423287684,1.1705154362433536,1.293212043173318,0.1456283738117026,354.2013229553475,18.99021756262209,-0.3045394404776986,-0.9524997266107378,21.07418451555169,1.5943420557035908,0.8411562630123677,0.9767,High Priority,94.5,32.5,0.22,1250.0
GRID_0947,AP Belt,Andhra Pradesh,18.95333,83.24,0.0482235810121948,0.1479256699922793,0.1939775230249493,0.2173022025008119,0.2318976883678231,0.2447642721831364,4.022378607621223,0.9474288827800472,1.0671618535716547,0.0567123087182008,430.92586281232985,15.545478723465989,0.5523578369112975,-0.8336071136948584,10.14011403704107,9.4050783342851,4.268028043371605,0.78,High Priority,91.7,32.5,0.22,1250.0
GRID_0948,AP Belt,Andhra Pradesh,18.95333,83.36,0.0578248329926799,0.1141242283393311,0.1423144134469232,0.2022104888756218,0.3300971659111454,0.172101422882464,2.461087131506408,1.9180274186876656,1.6324352673857454,0.1738507178267949,446.4674239686421,9.768117528161016,-0.9469720779681554,0.3213158625848929,9.145564028345287,7.778322273833007,4.28131354626783,0.9667,High Priority,94.0,32.5,0.22,1250.0
GRID_0949,AP Belt,Andhra Pradesh,18.95333,83.48,0.0609396961181146,0.1163082604548041,0.1913962028809764,0.3747881167146514,0.2589585087689287,0.2507772665260229,3.140696038489849,1.0326194225529386,0.690944579818439,0.3239079281756269,306.9572301199284,19.03812854941765,-0.6536921239006984,-0.7567606009499925,8.36249306843151,0.6026784126948549,0.3632852982230596,0.73,High Priority,91.4,32.5,0.22,1250.0
GRID_0950,AP Belt,Andhra Pradesh,18.95333,83.6,0.0608603044881346,0.1410284382317097,0.1929565401117794,0.2005169120662041,0.353402574495664,0.2121641152388079,3.1704305672481543,1.665695956179613,1.762448904709234,0.0192143909536592,255.35808527152483,10.41366716653252,0.891504786143345,0.4530112761107702,15.493592635761605,3.210211461522889,3.136616198688543,0.9133,High Priority,93.5,32.5,0.22,1250.0
GRID_0951,AP Belt,Andhra Pradesh,18.95333,83.72,0.0416958820629986,0.0811928211323846,0.1355283600718281,0.2303328870090941,0.2773188422337216,0.1984928568511746,3.250323606140672,1.397115490791475,1.2039862906614882,0.2591262905469909,390.5035385855713,6.195015206404237,-0.5679831231380463,-0.8230402006161976,12.897016518079267,0.8360280103221446,1.418757736089952,0.9367,High Priority,93.9,32.5,0.22,1250.0
GRID_0952,AP Belt,Andhra Pradesh,18.95333,83.84,0.0776909562706213,0.1237789942303426,0.1477411059764873,0.2487644982517504,0.3105256157207571,0.2433026033652138,1.9016267972692893,1.2762886016720385,1.2482664111504138,0.2547836308348396,278.31257292875256,11.507180616529697,0.7612500137698728,-0.6484584925308393,23.529043569025724,2.2710551769220286,6.346258618565298,0.9667,High Priority,93.1,32.5,0.22,1250.0
GRID_0953,AP Belt,Andhra Pradesh,18.95333,83.96,0.0423546145624327,0.1590386115536208,0.1997250493021874,0.3162275398144781,0.2068396107148536,0.2126635129869526,4.715432685029039,0.972609900023816,0.6540826796853955,0.2258003296609445,252.7172107417043,9.83096420785214,0.9846499812560894,-0.1745405809901606,14.74606150928678,2.667201895931488,0.2263766946779754,0.74,High Priority,91.4,32.5,0.22,1250.0
GRID_0954,AP Belt,Andhra Pradesh,18.95333,84.08,0.0828472916441383,0.1362280658716826,0.1936852328367076,0.2820525292441298,0.2780811923973271,0.211192531158559,2.337830134973111,1.3167126420579158,0.9859163724791954,0.1857475224867357,447.0886912013352,2.3861745114059136,0.3109294715338996,-0.950432987501828,18.77428668719215,8.19136819436984,0.5288373660127729,0.5733,Moderate Priority,87.6,32.5,0.22,1250.0
GRID_0955,AP Belt,Andhra Pradesh,18.95333,84.2,0.0575701373476156,0.1343606418189244,0.1578587047778668,0.3385003363722932,0.2234816276919249,0.231522340454553,2.7419764842357206,0.9652660818263952,0.6602089967707946,0.363932663023892,368.2170627712102,14.013449355566236,0.8022168146226804,-0.597032815125467,17.52666936733789,3.556577991595857,14.337776370996067,0.4467,Low Priority / Background,86.8,32.5,0.22,1250.0
GRID_0956,AP Belt,Andhra Pradesh,18.95333,84.32,0.0989929591992247,0.1308019652913287,0.1731444607327068,0.2782281938269324,0.3228462319226352,0.1521889453082457,1.7490406700903298,2.121337459375137,1.1603607352701313,0.232808742895607,215.5310799750047,7.531457722492936,0.4447895250309567,0.8956351257195845,12.669829779446244,1.0897804094867116,1.992240767285944,0.7933,High Priority,92.1,32.5,0.22,1250.0
GRID_0957,AP Belt,Andhra Pradesh,18.95333,84.44,0.0870864592697673,0.1188396712932698,0.1602571932673043,0.1964705980673516,0.2990531941729633,0.1725522303779812,1.8401868031409896,1.733106899928106,1.522119212724305,0.1015152285986206,376.4481684951374,10.28666061894597,0.6437651774430021,0.7652231023118552,13.17355340565453,17.306937310284468,4.432727049808145,0.6267,Moderate Priority,88.9,32.5,0.22,1250.0
GRID_0958,AP Belt,Andhra Pradesh,18.95333,84.56,0.0938937515897698,0.1066971878780634,0.2390446168534313,0.2005665632128314,0.2095351230882981,0.2426723152464834,2.545878367066005,0.8634452571576452,1.0447109180159446,-0.0875272692280729,202.62410986566024,9.27244032753477,-0.1869084091899806,0.982377344289897,12.679678955769832,5.510996906591124,4.522716333048679,0.38,Low Priority / Background,84.4,32.5,0.22,1250.0
GRID_0959,AP Belt,Andhra Pradesh,18.95333,84.68,0.0865683642214913,0.1228058999823371,0.215698677325562,0.2991615064779939,0.2566182975686044,0.2073332130522081,2.491628294435523,1.2377035791193145,0.8577889675739863,0.1621074413414644,480.4834763319329,10.60829308604201,-0.114559212161376,0.9934164217028852,22.710235284660943,0.5254861073813166,4.4994828074261655,0.66,Moderate Priority,87.8,32.5,0.22,1250.0
GRID_0960,AP Belt,Andhra Pradesh,18.95333,84.8,0.0622850147195939,0.0831512130311749,0.1635895414274612,0.3021285501843289,0.221465030182664,0.2508841390916305,2.626424923217945,0.8827347485965622,0.7330134707033735,0.2974733294213966,300.9701589739418,5.488544654247151,0.6337842776714349,-0.7735098508593782,21.316958135399773,6.75095722263427,2.7599257909058035,0.4767,Low Priority / Background,86.7,32.5,0.22,1250.0
GRID_0961,AP Belt,Andhra Pradesh,19.04,83.0,0.0802985752872967,0.1111331693210784,0.1785376178169118,0.3779734968075787,0.2385061166899492,0.1901427423826557,2.2233942978918377,1.2543463892173023,0.631011136212635,0.3583675426818645,448.77285159246,6.509771373530786,-0.9961266368262902,0.0879302189531226,11.201304848558784,0.2,1.672968427409413,0.3867,Low Priority / Background,85.9,32.5,0.22,1250.0
GRID_0962,AP Belt,Andhra Pradesh,19.04,83.12,0.0646202556601462,0.159071190291189,0.1763762490837215,0.2312836739150841,0.3604212993856641,0.1989281539584294,2.729384430586014,1.8118073304679208,1.5583449317441258,0.1346889577432552,326.8725734637424,6.259122407618719,0.6710750677334375,-0.74138940744157,15.223432108069424,14.432028866741051,2.6711773989466887,0.7267,Moderate Priority,91.0,32.5,0.22,1250.0
GRID_0963,AP Belt,Andhra Pradesh,19.04,83.24,0.0606701113085477,0.1300533744505274,0.2292493307493739,0.234798120094518,0.2909210093247214,0.2550428784694106,3.778558292487976,1.1406704253033613,1.2390208668908624,0.0119573491411368,404.2423969532102,6.359662481833898,-0.658862300181092,-0.7522635637860448,7.317526877468753,1.8835091315584416,3.4580304004156903,0.6333,Moderate Priority,88.5,32.5,0.22,1250.0
GRID_0964,AP Belt,Andhra Pradesh,19.04,83.36,0.0529325971062727,0.1135723795887204,0.1425809575263501,0.1816609682246659,0.3746103248068525,0.1918043574387703,2.6935814930562136,1.953075397940533,2.0621285152187854,0.1205269493784578,484.50186562715805,4.057893410408777,-0.9684672279051928,0.2491409811203915,16.31481665074819,7.65551381891877,0.3584024886992348,0.9767,High Priority,94.4,32.5,0.22,1250.0
GRID_0965,AP Belt,Andhra Pradesh,19.04,83.48,0.0947238671725833,0.0955703717762579,0.1935572809907232,0.3771267240175408,0.3588313762579455,0.2547876714273402,2.043362917976679,1.4083490221435366,0.9514850099995716,0.3216650891749983,274.9373178023244,8.652027649603635,0.9259027259066672,0.3777620178877215,22.766153734034585,0.8134985184991451,3.234061085858742,0.7467,High Priority,92.0,32.5,0.22,1250.0
GRID_0966,AP Belt,Andhra Pradesh,19.04,83.6,0.0594146562423707,0.1072961657913722,0.1994301276189511,0.273399883906644,0.3461659927446789,0.1587102211595392,3.3565248661973506,2.1811059748365675,1.2661480379956689,0.1564401540605988,350.24658294875195,12.50694081356948,-0.7904412235759678,0.6125378943965237,7.450825345783043,1.4563065363155707,1.188884081784453,0.9533,High Priority,94.5,32.5,0.22,1250.0
GRID_0967,AP Belt,Andhra Pradesh,19.04,83.72,0.0722272448972043,0.0969258245191442,0.2173387513905006,0.3347273290011521,0.2261525081538407,0.1956595678179958,3.0090548607379053,1.1558410091307132,0.6756300216019728,0.2126346268054463,281.7925201976217,15.185568875328666,-0.7421917610240809,-0.6701875781212105,14.784460075472785,0.8282248169814812,5.326182199886885,0.5933,Moderate Priority,88.9,32.5,0.22,1250.0
GRID_0968,AP Belt,Andhra Pradesh,19.04,83.84,0.0613269678148287,0.1025243090182556,0.2209066772053782,0.190028804614362,0.2713895838801821,0.1844004248690037,3.602054414592299,1.4717325751304444,1.4281422034344975,-0.0751402563585506,295.894459407192,12.161459686937716,-0.999982986537526,0.0058332354221474,12.493777220856664,0.3302885816758992,3.762510092897937,0.9,High Priority,92.9,32.5,0.22,1250.0
GRID_0969,AP Belt,Andhra Pradesh,19.04,83.96,0.0716379479877276,0.1520694315521263,0.157553474081803,0.2948323999219165,0.2901359494533775,0.1987473087473127,2.1992711856795166,1.459815941489366,0.9840674412404324,0.3034547059802289,207.52343462785103,9.043967337791248,-0.9993565073597171,0.0358688053576822,17.396429343859886,1.5109907957138804,3.4441372636106884,0.52,Low Priority / Background,86.5,32.5,0.22,1250.0
GRID_0970,AP Belt,Andhra Pradesh,19.04,84.08,0.0964430247783465,0.1330766658412874,0.2245527489140873,0.3454961919514012,0.2648211887880207,0.2120148727927396,2.3283220441097106,1.249063031459451,0.7664930278949165,0.2121628902437729,343.9920807103311,10.56235235856258,0.9924435132736564,0.1227023755313715,6.745111202724324,6.80775148004554,2.2527002287576274,0.0067,Low Priority / Background,80.3,32.5,0.22,1250.0
GRID_0971,AP Belt,Andhra Pradesh,19.04,84.2,0.0646736417578996,0.1015037676933582,0.2398438178209544,0.1943421041769865,0.2078409225030356,0.1660708880592637,3.708467666798617,1.2515117695829792,1.0694535490889183,-0.1047975223081078,432.2682426574144,11.508927653787884,0.974472918212766,0.2245050816126349,22.56205341619437,2.28379604833257,11.435988416391684,0.49,Low Priority / Background,85.1,32.5,0.22,1250.0
GRID_0972,AP Belt,Andhra Pradesh,19.04,84.32,0.0660652082870997,0.0920358840618573,0.1759160097823364,0.315807433084488,0.3498006404907882,0.1950521947947911,2.6627229614551093,1.793360220830023,1.1076355278872692,0.284491497893748,387.14010859322354,3.0642010259411885,-0.7936714421368032,-0.6083466461948214,17.72074430574162,21.333479755782108,0.1508926527701776,0.8267,High Priority,93.3,32.5,0.22,1250.0
GRID_0973,AP Belt,Andhra Pradesh,19.04,84.44,0.09319184024231,0.1249826002214018,0.1502518391474759,0.3709779420018516,0.2870037745506018,0.1798028302008062,1.612268053605912,1.59620500981583,0.7736389914799244,0.4234709668674377,293.679026595738,6.841192157671951,-0.8675428394632606,0.4973624651057045,18.533091563171016,1.319622343792949,0.387384129464579,0.6333,Moderate Priority,90.1,32.5,0.22,1250.0
GRID_0974,AP Belt,Andhra Pradesh,19.04,84.56,0.0403652518585354,0.1206289630092795,0.2397968316458385,0.3189930537637278,0.2555110265537263,0.2452230299631406,5.940527559660801,1.0419493823347246,0.8009899355145285,0.1417278344829162,370.9169810688752,7.421360832045004,0.8078093437491745,0.58944386005075,19.46151008919717,1.283054691461727,1.89660672544627,0.82,High Priority,92.5,32.5,0.22,1250.0
GRID_0975,AP Belt,Andhra Pradesh,19.04,84.68,0.0654920756240806,0.1031109839499381,0.1406661986648439,0.3324461579284338,0.378219761072285,0.2333349896503628,2.147802608511539,1.620923380225314,1.1376838455442737,0.405357313614077,248.11948024092865,6.333914560430484,0.9794336297614156,0.2017666099541204,14.933925182598392,4.649418140013212,3.6674559313233335,0.8233,Moderate Priority,90.9,32.5,0.22,1250.0
GRID_0976,AP Belt,Andhra Pradesh,19.04,84.8,0.08081280225602,0.1033866649026706,0.1596373206476216,0.3163029070884675,0.2629005753410531,0.1655147827543175,1.9753719809134425,1.5883716402519032,0.8311644891174931,0.3291700262783654,239.8318120071319,3.631576961147913,0.5268457216989391,0.8499609317654101,9.318268793463364,8.863871240664631,5.754242186424476,0.02,Low Priority / Background,80.3,32.5,0.22,1250.0
GRID_0977,AP Belt,Andhra Pradesh,19.12667,83.0,0.0531850180100127,0.0851817759620161,0.2086592924821415,0.2223057251726827,0.2708183880986348,0.147696230268486,3.923198244374292,1.833605055466088,1.2182195023037174,0.0316647534411195,418.6774070503355,7.111803682250464,-0.9421585745485556,0.3351674512905956,10.29890845404971,0.7207285952823208,0.2312024625271759,0.88,High Priority,93.5,32.5,0.22,1250.0
GRID_0978,AP Belt,Andhra Pradesh,19.12667,83.12,0.0995303028669045,0.1324475160995871,0.1850515811037982,0.3330997000810599,0.3512138887437903,0.2368057721653673,1.8592299685984544,1.4831243445121158,1.0543775160434146,0.2857231828425424,239.88448588755767,4.588823356384181,-0.1098426587411221,0.9939489877859332,22.9956595041012,5.474169070087563,9.408357936098298,0.6,Moderate Priority,87.6,32.5,0.22,1250.0
GRID_0979,AP Belt,Andhra Pradesh,19.12667,83.24,0.0520867888987476,0.1491165622492018,0.158562276697827,0.3779129616475614,0.2283839609731665,0.2019607782605992,3.0441352963945723,1.130827639467869,0.6043279268580054,0.4088730670090077,318.0092721997086,16.258750966794896,0.1991924268181588,-0.9799603956784644,13.769505144188372,4.632615782623365,0.168250015613305,0.7067,High Priority,91.3,32.5,0.22,1250.0
GRID_0980,AP Belt,Andhra Pradesh,19.12667,83.36,0.0905326048126156,0.1318534439183634,0.1684824123435376,0.1832339079909039,0.3065003877068307,0.1415189394180994,1.860993083090624,2.1657752891012847,1.672718321347621,0.0419413398047597,375.0144447732554,7.690670285842613,-0.8209276552739598,-0.571032209955269,10.892207693033097,0.2759633191740125,1.128034494037654,0.79,High Priority,93.6,32.5,0.22,1250.0
GRID_0981,AP Belt,Andhra Pradesh,19.12667,83.48,0.0489659141285211,0.1264141095837227,0.1994118185672875,0.3242271707198086,0.2459416190453417,0.1507099701963901,4.072378709507827,1.631876025513322,0.7585448805985446,0.23836100127198,336.3577849722384,6.497611511470735,-0.3337412591933816,0.9426647187160534,9.752162317961586,0.5317428075490344,2.7909428659271134,0.72,Moderate Priority,90.9,32.5,0.22,1250.0
GRID_0982,AP Belt,Andhra Pradesh,19.12667,83.6,0.0807923724368304,0.1314344966528608,0.2233356291653737,0.2772851670052143,0.2242022673380716,0.1747286156845295,2.76428155465341,1.2831383303839223,0.8085591494142422,0.1077650598765722,267.8485887514762,14.95123831065358,-0.1935687609180918,-0.98108671115077,23.479201733633044,5.743706337597311,3.043289242773477,0.4533,Low Priority / Background,85.4,32.5,0.22,1250.0
GRID_0983,AP Belt,Andhra Pradesh,19.12667,83.72,0.0928794933678971,0.1268813101982637,0.2134321630440667,0.2297414311932935,0.3220728652260322,0.248263294205921,2.2979223656647445,1.297298374122584,1.4018867283382082,0.0368009997894683,481.60074197184986,7.575468229686751,-0.9874803778688378,-0.1577418882986295,14.723927883145318,0.6973986689033651,10.262900039309546,0.7867,High Priority,92.5,32.5,0.22,1250.0
GRID_0984,AP Belt,Andhra Pradesh,19.12667,83.84,0.0886844501620393,0.0887779040997696,0.1346102397177214,0.2988947709825238,0.262080051351173,0.1441887030887731,1.5178390533257902,1.8176058743239,0.8768275659761564,0.3789671358868415,284.79779968647205,0.5,0.5932437953241659,0.805022856389419,18.99502868824261,8.095431348892854,7.398022654435072,0.3,Low Priority / Background,84.7,32.5,0.22,1250.0
GRID_0985,AP Belt,Andhra Pradesh,19.12667,83.96,0.0853956360408478,0.1457937848013021,0.145978868071934,0.2327145901837202,0.2375349572538538,0.2318076117638677,1.709421762258972,1.024702902305542,1.020709257451677,0.2290387942599133,355.9909774079504,10.556895891359249,-0.6777999881670511,0.7352463369788016,6.334398408990238,2.77355331939177,0.234927288284569,0.4967,Low Priority / Background,87.2,32.5,0.22,1250.0
GRID_0986,AP Belt,Andhra Pradesh,19.12667,84.08,0.0418874317147615,0.1356380483351262,0.1726114670413416,0.2904430136109259,0.3003790245720349,0.1732850975999962,4.120743125852407,1.7334282942040329,1.034206285877931,0.2544652887027809,507.73708700880354,0.5,0.6450070006762088,-0.7641766609094268,1.7390389850892731,8.5927880749773,1.7998668413195869,0.7467,Moderate Priority,89.8,32.5,0.22,1250.0
GRID_0987,AP Belt,Andhra Pradesh,19.12667,84.2,0.0762186714703592,0.151641609630466,0.2239480347430706,0.358084440755833,0.2486008993637025,0.1441978985969675,2.9381920759152163,1.7240138571275505,0.6942502293278534,0.2304616687172231,261.01552290588586,5.676491987897994,-0.5392159687583488,0.8421675243299254,10.109239934345492,0.7273177555567845,0.5076573614552399,0.67,Moderate Priority,89.8,32.5,0.22,1250.0
GRID_0988,AP Belt,Andhra Pradesh,19.12667,84.32,0.0778253048901354,0.1388331220405602,0.2231572692678475,0.3681273101612486,0.2363068203295595,0.1771726981668859,2.86737587738324,1.333757904104785,0.6419142831640733,0.2451777042040734,373.13623243412906,6.882449555305189,-0.5108514540780603,0.859669001340825,6.357542687805106,4.279655042634775,4.020430428351154,0.0,Low Priority / Background,80.1,32.5,0.22,1250.0
GRID_0989,AP Belt,Andhra Pradesh,19.12667,84.44,0.0694071541676069,0.0823086330668899,0.1277034583197377,0.2875846062535772,0.3293820262676046,0.1658396633034478,1.8398912901697284,1.9861354851488755,1.1453355769731175,0.3849876184389972,434.5273297042096,12.717016612988314,0.5257226996533786,-0.85065600748432,10.524364296269349,5.671466190417118,4.331732913454186,0.9433,High Priority,93.5,32.5,0.22,1250.0
GRID_0990,AP Belt,Andhra Pradesh,19.12667,84.56,0.0995155970984866,0.1076317329650876,0.1693248936689533,0.2131240118820342,0.2367331505123252,0.2232074003118053,1.7014739109435275,1.0605924785161618,1.110771318775847,0.1145224971358808,498.7379807016452,9.144652387525309,0.9044104767313006,0.4266634382961137,18.512785694765828,1.6780595297399636,1.821193080081133,0.6633,Moderate Priority,90.9,32.5,0.22,1250.0
GRID_0991,AP Belt,Andhra Pradesh,19.12667,84.68,0.0574390197619221,0.0986863266497493,0.2083181386508495,0.1815689842481246,0.297061494920567,0.2352520168435704,3.626707294222536,1.2627319254234923,1.6360716015407994,-0.0686072563684019,416.21687539475,3.256140262828546,-0.8729564578853317,-0.4877981371800174,9.824381585295711,2.127660458966788,5.422277966857733,0.8133,High Priority,92.3,32.5,0.22,1250.0
GRID_0992,AP Belt,Andhra Pradesh,19.12667,84.8,0.0855067574199918,0.105700413873113,0.1323623033330647,0.1943615090890938,0.2169696760218085,0.2099443233430451,1.5479566688076676,1.0334580097661226,1.1163144427321203,0.1897597103091161,549.2365663845944,9.333509592376526,-0.9997979149643268,0.020102965775849,11.556819092711832,1.7431665841683894,4.322987661505055,0.6567,Moderate Priority,90.6,32.5,0.22,1250.0
GRID_0993,AP Belt,Andhra Pradesh,19.21333,83.0,0.0847280222924233,0.0996661706106573,0.2074586616111294,0.3295553276544201,0.2715417066200648,0.1652504580489822,2.4484958754171875,1.6432030907683557,0.8239614409856191,0.2273617468485873,432.2988592003321,10.186938282537524,-0.7689760031612172,-0.639277644347274,17.14424862422125,2.78611974204368,2.6860015875869534,0.1933,Low Priority / Background,82.9,32.5,0.22,1250.0
GRID_0994,AP Belt,Andhra Pradesh,19.21333,83.12,0.0840438421013864,0.1211957881211555,0.217678076948797,0.3244311158633255,0.3107132012033319,0.1580951378998822,2.5900230342059984,1.965343400103156,0.9577140671678356,0.1969212907817904,256.2130396838361,9.835288017872738,0.9984408157112484,-0.0558205833170603,7.219734985013812,7.022766374257601,3.8364084220635215,0.4967,Low Priority / Background,86.2,32.5,0.22,1250.0
GRID_0995,AP Belt,Andhra Pradesh,19.21333,83.24,0.0484531072342239,0.1501621817009309,0.1417167676773602,0.3394518051296215,0.2822564647330409,0.1793926752269781,2.9247627449270883,1.5733913939603243,0.8315042929907741,0.4109466779013921,319.56551289460486,8.591819647644936,-0.8506331363506989,-0.5257597049434021,7.806659705624744,0.5978486191331934,0.225174819906523,0.8533,High Priority,93.1,32.5,0.22,1250.0
GRID_0996,AP Belt,Andhra Pradesh,19.21333,83.36,0.0846260408424126,0.1369505668183431,0.127011718902549,0.2920540151193946,0.2152417079436842,0.248449492473073,1.500840838084632,0.8663364109331038,0.7369902819703046,0.3938329693528083,363.77438940031374,11.240484389354162,-0.4473218852782953,0.8943730379159871,17.396829852274223,8.342040638044741,5.290190910589482,0.3067,Low Priority / Background,84.6,32.5,0.22,1250.0
GRID_0997,AP Belt,Andhra Pradesh,19.21333,83.48,0.074182471034196,0.104484735857294,0.1461358938139705,0.2454400044077858,0.3131291774160312,0.1607187842998879,1.9699252647076464,1.9482926683858768,1.2757818448941214,0.2536005342623091,327.74250727751473,2.4311404720656515,0.9943343000154784,0.1062981646724378,18.47776315933072,6.893404400856861,3.293677170911608,0.8767,High Priority,91.8,32.5,0.22,1250.0
GRID_0998,AP Belt,Andhra Pradesh,19.21333,83.6,0.0749632885590267,0.1190358327405652,0.1423876631561591,0.3589420910853731,0.2447364803623105,0.1509570653093793,1.899406582696285,1.6212216277463425,0.6818252988858923,0.4319591928024465,365.6327915521103,6.815707584090502,0.7207621417035274,-0.6931824688254488,17.272336885548043,0.2,0.4422579579548393,0.6833,Moderate Priority,90.1,32.5,0.22,1250.0
GRID_0999,AP Belt,Andhra Pradesh,19.21333,83.72,0.0503922178455947,0.0843528102200142,0.1987988347947414,0.3474015591606234,0.2671967731458693,0.2449491772061841,3.944952183920123,1.0908209015948556,0.7691272447487341,0.2720658094439534,284.31645313055697,5.147582200168475,0.8117301466494024,0.5840326780416826,6.6046366250559165,4.750315082481496,4.302358780923639,0.6767,Moderate Priority,90.3,32.5,0.22,1250.0
GRID_1000,AP Belt,Andhra Pradesh,19.21333,83.84,0.0727421809619769,0.130210428392143,0.2322300377273199,0.2398128619217686,0.2646495089541115,0.2261244034051204,3.192464704680805,1.1703661108786274,1.103562182908529,0.0160638114380583,535.4433433361828,4.722319957300473,0.7019910885034087,-0.7121857283474581,16.436474999779627,3.1540367468972668,1.6310271747203935,0.4433,Low Priority / Background,85.5,32.5,0.22,1250.0
GRID_1001,AP Belt,Andhra Pradesh,19.21333,83.96,0.0506964884993224,0.153954407342741,0.211478251403277,0.2762711664215704,0.3224109850952306,0.2476739206562626,4.171375302074449,1.3017506344241083,1.167004947589457,0.1328403065388263,309.9880338698869,7.375754272348196,-0.2650924962779479,-0.9642229868744708,13.813186770108343,2.22543240442341,1.0390047792612234,0.9067,High Priority,94.0,32.5,0.22,1250.0
GRID_1002,AP Belt,Andhra Pradesh,19.21333,84.08,0.0504614024590523,0.1433259127144022,0.2346496997695316,0.2627289509690796,0.3714357250556221,0.2388557138522041,4.649990653138998,1.5550566658362937,1.4137547838972344,0.0564543626942723,383.4198943171766,19.165924773081173,0.3972391182579507,-0.9177151425827328,12.669288793529647,4.090417039381854,0.1793975869695548,0.87,High Priority,93.7,32.5,0.22,1250.0
GRID_1003,AP Belt,Andhra Pradesh,19.21333,84.2,0.0817758085180319,0.0842259715587309,0.2180501936303579,0.3449893858921115,0.2426739117601186,0.178839533724296,2.666406253580773,1.3569290289316032,0.7034222450361555,0.2254530079686516,600.317179090571,7.822070471797511,0.9725841554344976,-0.2325511999490968,4.176632558455619,0.2854488395921666,0.1,0.7067,Moderate Priority,90.5,32.5,0.22,1250.0
GRID_1004,AP Belt,Andhra Pradesh,19.21333,84.32,0.0460690634751057,0.1433800560131214,0.2353717574860004,0.2653932398562438,0.2922831116209897,0.1576217802888111,5.108995728065042,1.8543202390253573,1.1013167119953724,0.0599511199434043,424.8821181180778,4.872237426634305,-0.6432842933101579,-0.7656274015344872,14.981868656017207,13.534654207658804,0.6533433868924545,0.7267,Moderate Priority,91.2,32.5,0.22,1250.0
GRID_1005,AP Belt,Andhra Pradesh,19.21333,84.44,0.0858738230834261,0.0818801938254659,0.1650596689585945,0.2021497015661018,0.2634455794872259,0.160824430356666,1.922096174780372,1.6380840946794106,1.303213777870967,0.1010048614762986,230.66242314566847,1.7507329673557257,0.9499022286117912,-0.3125472061598892,17.755757892686983,2.5590920329363303,0.6408540278362123,0.71,High Priority,92.2,32.5,0.22,1250.0
GRID_1006,AP Belt,Andhra Pradesh,19.21333,84.56,0.056243365491759,0.1483200658797095,0.1885967667924177,0.2710022064613914,0.2269346098716068,0.1939672769988538,3.35316729317626,1.1699573424212444,0.8373871764647817,0.1792981820376786,373.406599105568,10.77068586619087,-0.6656832079550057,0.7462344582279303,13.486380006123587,0.4381626229176546,2.1810644070295298,0.7367,Moderate Priority,90.4,32.5,0.22,1250.0
GRID_1007,AP Belt,Andhra Pradesh,19.21333,84.68,0.0535035007308803,0.1128621671619432,0.2252217597901747,0.2855029039777089,0.2601587528067368,0.1649466024925996,4.209398400388908,1.5772205771733403,0.911226603847242,0.1180303800337923,400.2546246454182,15.454408236952313,0.1993069492619537,-0.9799371102146774,10.050714206947385,16.07484567196789,2.202469687944927,0.7,Moderate Priority,89.3,32.5,0.22,1250.0
GRID_1008,AP Belt,Andhra Pradesh,19.21333,84.8,0.0640419568745951,0.1217137633878659,0.213478620707953,0.2480217873005737,0.2321671017678696,0.2101923342006857,3.3333660893573853,1.1045407441237125,0.936071658151761,0.07484953673637,237.81190336657485,15.59084188553292,-0.6753903096089598,0.7374604597443265,19.789386314637067,2.31950441024578,0.2350358600678792,0.74,Moderate Priority,90.2,32.5,0.22,1250.0
GRID_1009,AP Belt,Andhra Pradesh,19.3,83.0,0.0975009150178565,0.114800954194998,0.1947909011607757,0.3132610646256584,0.2983724675662166,0.1646309035683524,1.9978161569965232,1.8123611590407045,0.9524691983460094,0.2331846705815373,423.67633451678967,12.78487148565086,-0.3267430554241561,-0.9451132078920952,7.905401198455035,0.4384307220595832,1.2445690089512844,0.5967,Moderate Priority,88.6,32.5,0.22,1250.0
GRID_1010,AP Belt,Andhra Pradesh,19.3,83.12,0.0586507693310436,0.1562925160770616,0.2140347290932115,0.3119848590518119,0.2931766560231689,0.1600841036871981,3.64924590569727,1.831379992707053,0.9397113603616266,0.1862096886816064,346.9903292709467,9.760932375604945,0.6224219810487404,0.7826818494812318,15.220488040337491,3.4041062467790217,6.214372773919889,0.39,Low Priority / Background,84.6,32.5,0.22,1250.0
GRID_1011,AP Belt,Andhra Pradesh,19.3,83.24,0.0932374601066397,0.0808772732845157,0.2263554893701679,0.2342968434999717,0.2070150255143161,0.2417348324435449,2.42770514561564,0.8563688031755181,0.8835549761017804,0.017239328499643,377.2517990229593,14.63697453536556,-0.4508176031316546,-0.892616092565348,17.281338220710108,11.041171113295375,2.413895549180618,0.46,Moderate Priority,88.5,32.5,0.22,1250.0
GRID_1012,AP Belt,Andhra Pradesh,19.3,83.36,0.0980588255639685,0.159691746474667,0.1339853531998359,0.3499087519108244,0.289968006394746,0.1865079605959798,1.3663633647036384,1.5547135401332357,0.8286936983358076,0.4462194315059454,409.81017797611554,7.423178487870198,-0.0405852564828557,-0.9991760790552487,14.874908588127736,10.235474699259289,0.7203408814556955,0.51,Low Priority / Background,86.6,32.5,0.22,1250.0
GRID_1013,AP Belt,Andhra Pradesh,19.3,83.48,0.0655833936861655,0.15515847101719,0.1714276605366836,0.2516735264664796,0.2792965966622081,0.2023343319821067,2.613848370040584,1.3803649314540245,1.109753142614564,0.189660721203495,468.7427151682,12.345534957900435,0.2964283275991086,-0.955055101340648,14.848876048902822,2.0660791653826585,3.218402324477707,0.51,Moderate Priority,88.7,32.5,0.22,1250.0
GRID_1014,AP Belt,Andhra Pradesh,19.3,83.6,0.0830633352846094,0.124643918050359,0.1267937967761668,0.2139765750321649,0.2513535897602411,0.1739150727141792,1.52645291558313,1.445257967464145,1.1746725782945142,0.2558395025772131,483.20318116312336,6.322595187240935,0.929725946945463,-0.3682521738922421,19.342511512941243,3.752926345755944,0.7297540991178249,0.7533,Moderate Priority,91.0,32.5,0.22,1250.0
GRID_1015,AP Belt,Andhra Pradesh,19.3,83.72,0.0930682788145316,0.0868295023461252,0.1733258834761277,0.349884453890978,0.3108519009958224,0.175079541901116,1.8623318637886013,1.7754794314686833,0.8884390520924081,0.3374517289769081,518.5701754034972,7.091909541340325,-0.1672184384292866,0.9859198719212788,12.18131407089971,31.59395567084585,0.1,0.73,Moderate Priority,91.0,32.5,0.22,1250.0
GRID_1016,AP Belt,Andhra Pradesh,19.3,83.84,0.0416577853485049,0.1459072412136955,0.1439355224199662,0.1921538536792481,0.2426866531825704,0.1911320184777032,3.455106077045809,1.269726471728804,1.2629743591471894,0.1434683486594326,425.6286728602229,13.434592820137212,0.9969768015684728,0.0776997885087097,22.49208888198988,3.498547810815537,7.819763087115886,0.8067,High Priority,93.0,32.5,0.22,1250.0
GRID_1017,AP Belt,Andhra Pradesh,19.3,83.96,0.0889004666190254,0.1058551827865434,0.2378717473626835,0.3217240800870262,0.2112408840200207,0.1442192855946366,2.675678550749325,1.464709927241168,0.6565881775921243,0.149844188907376,402.8036004547964,6.542040173934282,0.9145790229592848,0.4044072338161623,8.555233310601205,12.684337118464564,1.2646033547143227,0.23,Low Priority / Background,82.9,32.5,0.22,1250.0
GRID_1018,AP Belt,Andhra Pradesh,19.3,84.08,0.0944879233936378,0.1555900513528435,0.1207354376776417,0.2728270374397464,0.2044380900272407,0.2490431319563487,1.2777734504886007,0.8208910140596033,0.7493294748799069,0.3864474459087962,352.5627672402025,6.3871064189473215,0.6387627439190172,0.7694037671996726,14.20861408755961,2.418557973768586,8.451964706190722,0.31,Low Priority / Background,83.7,32.5,0.22,1250.0
GRID_1019,AP Belt,Andhra Pradesh,19.3,84.2,0.0815745490940848,0.1494095092951305,0.1639747975607975,0.1886427399099996,0.3753771746967945,0.1420607588794843,2.010097380670743,2.642352014064808,1.9898734772533868,0.0699564535833429,335.17771111568794,12.273676044283908,0.0633574199935993,0.9979909004253268,15.58384585661695,5.070962698625449,4.034512070214015,0.72,High Priority,92.6,32.5,0.22,1250.0
GRID_1020,AP Belt,Andhra Pradesh,19.3,84.32,0.0508630216283288,0.1567205669411547,0.1966487107547085,0.3494093837741109,0.2972118287511509,0.1897132217107859,3.866165207927336,1.5666291439354618,0.8506096056472504,0.2797511744607344,221.6146113141361,10.273544574939924,-0.7422742660575408,0.6700961975334132,16.11931509098477,15.319241544259087,3.375065557282668,0.4833,Moderate Priority,87.7,32.5,0.22,1250.0
GRID_1021,AP Belt,Andhra Pradesh,19.3,84.44,0.0729363207111205,0.080280868072852,0.1248023568886807,0.2201702432102232,0.2334815177340791,0.1705710554239814,1.7110905044480549,1.3688145877923974,1.0604541916091512,0.276449810345489,250.14296135175604,3.7360752094131575,0.4787904104129364,-0.8779292356999008,16.559934863554854,2.936231874406388,3.0189740809274035,0.4767,Low Priority / Background,86.3,32.5,0.22,1250.0
GRID_1022,AP Belt,Andhra Pradesh,19.3,84.56,0.0896607644322124,0.1142154327292963,0.1969343358062375,0.3707144447670317,0.3511324092550809,0.1911200972602891,2.196413789683194,1.8372247454024988,0.947175021196494,0.3061396567180802,548.7806564762085,5.171270685820903,-0.37117314801072,-0.9285636726664532,16.8852503926758,19.903728979034305,2.191395434130119,0.4967,Moderate Priority,87.8,32.5,0.22,1250.0
GRID_1023,AP Belt,Andhra Pradesh,19.3,84.68,0.0956582979514088,0.1125867936402608,0.2398613792621557,0.2958440070455115,0.2076084189624682,0.2104105756029665,2.5074549405954856,0.9866777451170856,0.7017472460859568,0.1045024461425849,293.3186682197661,13.649111976770634,-0.9575337311747188,0.2883212681413241,8.632932670290359,18.23591943439736,1.3465837124694973,0.3433,Low Priority / Background,84.8,32.5,0.22,1250.0
GRID_1024,AP Belt,Andhra Pradesh,19.3,84.8,0.0760825726865896,0.1287985194251577,0.1872568178608202,0.3629391487042429,0.3213993928460363,0.1884479604925916,2.461199063721488,1.705498358844337,0.8855437845426746,0.3193080687816688,288.02483433289194,8.88561041192961,-0.2743827375873046,-0.9616205661871507,15.68824480361151,15.03400371277286,2.945670485773179,0.4933,Low Priority / Background,86.2,32.5,0.22,1250.0
