occurrence_id,latitude,longitude,state,label,b2_blue,b3_green,b4_red,b8_nir,b11_swir1,b12_swir2,ferrous_iron_index,swir_alteration_index,clay_carbonate_index,ndvi,elevation_m,slope_deg,aspect_deg,aspect_sin,aspect_cos,tri_roughness,dist_to_fault_km,dist_to_lineament_km,lithology,spatial_block_id,spatial_split,lst,soil_moisture,rainfall
MN_OCC_0001,21.92946,80.35034,Madhya Pradesh / Maharashtra,1,0.055,0.137,0.1932,0.2638,0.2681,0.1703,3.5138,1.5744,1.0162,0.154485438762716,569.51,16.34,7.41,0.129,0.9916,13.55,0.65,0.65,Precambrian Granitic Gneiss,21_80,validation,34.84,0.1148,1667.6
MN_OCC_0002,29.96588,69.38662,Other State,1,0.0573,0.0975,0.1812,0.1995,0.2926,0.1976,3.1632,1.4805,1.4664,0.04806921967633395,316.98,19.83,71.88,0.9504,0.311,16.39,2.31,1.62,Gondwana Supergroup Metasediment,29_69,test,37.32,0.0947,1227.0
MN_OCC_0003,18.27479,83.55025,Odisha,1,0.0643,0.0902,0.1265,0.3128,0.4138,0.2551,1.9673,1.6222,1.3227,0.42408280427315215,307.92,11.04,246.32,-0.9158,-0.4016,10.03,2.19,0.06,Sausar Group Metamorphic,18_83,validation,33.02,0.1916,1613.0
MN_OCC_0004,21.82947,80.26034,Madhya Pradesh / Maharashtra,1,0.0504,0.1198,0.1512,0.2528,0.3384,0.174,3.0023,1.9445,1.3386,0.251484526028401,360.59,16.19,31.86,0.5278,0.8494,19.57,0.7,0.08,Gondwana Supergroup Metasediment,21_80,validation,35.65,0.1375,1586.9
MN_OCC_0005,21.40951,79.43036,Madhya Pradesh / Maharashtra,1,0.0555,0.0963,0.2029,0.2299,0.2906,0.2206,3.6522,1.3175,1.2636,0.062384329056540996,418.89,10.57,26.84,0.4515,0.8923,22.86,4.18,2.66,Gondwana Supergroup Metasediment,21_79,train,36.17,0.1535,1655.1
MN_OCC_0006,21.99947,79.00038,Madhya Pradesh / Maharashtra,1,0.0543,0.087,0.2063,0.2673,0.2996,0.1583,3.7967,1.8928,1.1209,0.12880040371536372,486.53,6.97,262.66,-0.9918,-0.1278,8.63,3.25,3.93,Precambrian Granitic Gneiss,21_79,train,35.03,0.1812,1619.1
MN_OCC_0007,19.1664,83.46695,Odisha,1,0.0448,0.1228,0.1961,0.2586,0.3788,0.2142,4.3782,1.7684,1.4648,0.1374529635958575,120.0,16.61,9.15,0.159,0.9873,6.85,2.27,4.29,Gondwana Supergroup Metasediment,19_83,train,38.27,0.098,1580.6
MN_OCC_0008,21.87447,80.35034,Madhya Pradesh / Maharashtra,1,0.0564,0.1253,0.1429,0.1908,0.2922,0.171,2.5326,1.7089,1.5314,0.1435416735340919,505.1,17.08,289.32,-0.9437,0.3309,20.83,0.66,4.02,Precambrian Granitic Gneiss,21_80,validation,35.54,0.1411,1680.8
MN_OCC_0009,22.88286,79.61656,Other State,1,0.0723,0.1338,0.1518,0.1954,0.281,0.2055,2.0996,1.3674,1.4382,0.12557567518526735,415.53,13.81,2.5,0.0437,0.999,2.0,0.8,0.23,Gondwana Supergroup Metasediment,22_79,train,35.3,0.1115,1673.8
MN_OCC_0010,22.11614,85.3502,Odisha,1,0.0777,0.0994,0.1719,0.2784,0.3055,0.2763,2.2116,1.1054,1.0971,0.23650846877977175,421.46,2.91,102.54,0.9761,-0.2172,17.99,0.12,1.69,Precambrian Granitic Gneiss,22_85,train,34.72,0.1925,1897.2
MN_OCC_0011,21.36618,80.16701,Madhya Pradesh / Maharashtra,1,0.0421,0.0967,0.2108,0.2135,0.2661,0.2136,5.0125,1.2455,1.246,0.006363407109575532,517.14,16.26,85.55,0.997,0.0776,11.79,3.2,1.81,Precambrian Granitic Gneiss,21_80,validation,36.12,0.0874,1643.5
MN_OCC_0012,21.4795,79.26036,Madhya Pradesh / Maharashtra,1,0.0436,0.1301,0.1521,0.2061,0.2473,0.2268,3.487,1.0905,1.2,0.15075334798060305,546.08,4.75,232.26,-0.7908,-0.612,18.75,0.61,2.11,Precambrian Granitic Gneiss,21_79,train,34.23,0.1623,1583.3
MN_OCC_0013,33.66527,71.50063,Other State,1,0.0775,0.0883,0.1541,0.1959,0.4064,0.2641,1.9892,1.5392,2.0749,0.11942823020505658,477.62,6.35,294.2,-0.9121,0.4099,29.11,0.89,0.18,Lateritic Duricrust,33_71,train,36.02,0.1739,1514.4
MN_OCC_0014,15.0501,74.25048,Karnataka,1,0.076,0.118,0.1539,0.2289,0.3707,0.2666,2.0246,1.3902,1.6194,0.19592425307143915,684.7,13.75,231.13,-0.7786,-0.6275,20.97,0.28,0.32,Lateritic Duricrust,15_74,train,31.5,0.1435,1324.6
MN_OCC_0015,20.56599,84.50478,Odisha,1,0.0643,0.0806,0.1301,0.2729,0.2409,0.1709,2.0254,1.4096,0.8828,0.3543415525023511,603.89,14.87,234.71,-0.8162,-0.5778,24.08,0.87,0.71,Dharwar Schist,20_84,test,30.42,0.194,1890.7
MN_OCC_0016,21.4795,79.31036,Madhya Pradesh / Maharashtra,1,0.066,0.131,0.1858,0.2596,0.2569,0.1978,2.8151,1.2986,0.9896,0.16569338640910103,265.46,8.05,350.28,-0.1688,0.9857,11.67,1.6,4.01,Dharwar Schist,21_79,train,35.52,0.1592,1545.0
MN_OCC_0017,14.41686,79.60034,Other State,1,0.0718,0.1102,0.1777,0.249,0.2751,0.2439,2.475,1.128,1.1052,0.16709592899946335,251.49,14.91,338.57,-0.3654,0.9308,17.21,10.88,5.96,Lateritic Duricrust,14_79,train,34.92,0.1382,1430.6
MN_OCC_0018,23.79167,87.99351,Other State,1,0.0518,0.1031,0.2051,0.2244,0.2705,0.2224,3.9613,1.2164,1.2056,0.044935867436862745,468.84,13.37,205.22,-0.4261,-0.9047,21.28,0.33,1.72,Sausar Group Metamorphic,23_87,train,36.64,0.1108,2000.5
MN_OCC_0019,21.76615,80.04201,Madhya Pradesh / Maharashtra,1,0.0456,0.1111,0.2077,0.2837,0.3655,0.2413,4.5552,1.5144,1.2882,0.1546598399270657,214.68,7.81,291.37,-0.9312,0.3644,20.64,7.82,1.29,Precambrian Granitic Gneiss,21_80,validation,35.66,0.1587,1596.6
MN_OCC_0020,21.5495,79.70035,Madhya Pradesh / Maharashtra,1,0.0719,0.119,0.1902,0.2914,0.4002,0.1939,2.6441,2.0635,1.3733,0.21013245404390768,410.86,8.64,208.18,-0.4723,-0.8815,16.31,0.12,1.13,Precambrian Granitic Gneiss,21_79,train,33.51,0.1836,1595.2
MN_OCC_0021,21.95779,80.27534,Madhya Pradesh / Maharashtra,1,0.0515,0.1154,0.1231,0.1852,0.3881,0.1968,2.3911,1.9716,2.0951,0.2014265279710413,387.71,7.11,277.2,-0.9921,0.1253,22.6,0.29,0.1,Precambrian Granitic Gneiss,21_80,validation,36.06,0.1895,1705.6
MN_OCC_0022,21.79947,80.10867,Madhya Pradesh / Maharashtra,1,0.0616,0.1182,0.1926,0.3166,0.3329,0.192,3.1254,1.7342,1.0515,0.24351876763792685,227.5,9.19,158.03,0.3741,-0.9274,25.02,0.26,0.05,Sausar Group Metamorphic,21_80,validation,35.07,0.1718,1514.5
MN_OCC_0024,22.04945,80.567,Madhya Pradesh / Maharashtra,1,0.0734,0.1218,0.1609,0.2043,0.2682,0.1825,2.1908,1.4691,1.3128,0.11883866692588473,591.85,14.52,237.67,-0.845,-0.5348,21.22,3.03,0.98,Gondwana Supergroup Metasediment,22_80,train,34.81,0.138,1776.8
MN_OCC_0025,21.87447,80.20867,Madhya Pradesh / Maharashtra,1,0.0542,0.1255,0.1214,0.1963,0.2483,0.1553,2.2389,1.5988,1.2651,0.2357562613904269,578.16,14.72,170.7,0.1616,-0.9869,24.4,0.33,1.22,Precambrian Granitic Gneiss,21_80,validation,32.28,0.176,1683.1
MN_OCC_0026,15.50006,73.91718,Other State,1,0.0469,0.106,0.1599,0.2662,0.3543,0.1559,3.4062,2.2729,1.3309,0.2494713694640473,552.95,5.32,181.13,-0.0197,-0.9998,21.44,0.57,0.13,Dharwar Schist,15_73,validation,32.7,0.1727,1225.5
MN_OCC_0027,21.89114,80.19201,Madhya Pradesh / Maharashtra,1,0.0411,0.1151,0.214,0.2606,0.3099,0.2336,5.2123,1.3263,1.1892,0.09818774086021732,489.17,23.17,338.93,-0.3596,0.9331,2.58,1.56,5.85,Sausar Group Metamorphic,21_80,validation,35.65,0.0912,1620.9
MN_OCC_0028,21.8828,80.31701,Madhya Pradesh / Maharashtra,1,0.0478,0.0842,0.1301,0.1826,0.257,0.2388,2.7194,1.0762,1.4078,0.16789201185797303,355.03,10.03,304.16,-0.8275,0.5614,13.22,3.82,1.78,Lateritic Duricrust,21_80,validation,34.54,0.1451,1586.8
MN_OCC_0029,34.43187,73.50058,Other State,1,0.0694,0.1282,0.1482,0.2048,0.3751,0.2549,2.1354,1.4717,1.8312,0.16033948912326032,337.34,12.4,133.93,0.7202,-0.6937,19.14,4.79,0.75,Sausar Group Metamorphic,34_73,train,36.43,0.1596,1558.3
MN_OCC_0030,15.00844,74.25048,Karnataka,1,0.0743,0.1057,0.1951,0.2856,0.2586,0.2673,2.6243,0.9672,0.9052,0.18826671881273396,536.66,12.61,115.22,0.9047,-0.4261,16.29,0.1,4.24,Gondwana Supergroup Metasediment,15_74,train,33.46,0.1421,1277.8
MN_OCC_0031,21.89946,85.25021,Odisha,1,0.0528,0.137,0.2151,0.2603,0.3537,0.2083,4.0752,1.6982,1.359,0.09507762920145302,482.48,7.47,242.11,-0.8838,-0.4678,8.49,4.47,2.82,Dharwar Schist,21_85,test,35.4,0.1162,1842.3
MN_OCC_0032,21.94946,80.467,Madhya Pradesh / Maharashtra,1,0.0436,0.1097,0.1258,0.2569,0.3195,0.2654,2.8811,1.2037,1.2434,0.3425650834463459,280.94,10.89,51.48,0.7824,0.6228,23.11,0.34,0.16,Dharwar Schist,21_80,validation,33.3,0.1759,1582.2
MN_OCC_0033,21.86614,80.13367,Madhya Pradesh / Maharashtra,1,0.0429,0.1293,0.1906,0.1914,0.2553,0.2783,4.4423,0.9174,1.3338,0.002094235355404816,542.95,5.26,292.61,-0.9232,0.3844,6.94,9.41,7.68,Dharwar Schist,21_80,validation,37.9,0.1297,1754.8
MN_OCC_0034,22.00778,80.36701,Madhya Pradesh / Maharashtra,1,0.0551,0.085,0.1977,0.2582,0.3164,0.2678,3.5915,1.1812,1.2254,0.13270424938747669,377.72,7.49,4.09,0.0713,0.9975,12.74,0.4,0.23,Dharwar Schist,22_80,train,35.76,0.1596,1691.6
MN_OCC_0035,21.95506,80.05034,Madhya Pradesh / Maharashtra,1,0.0698,0.115,0.2162,0.2325,0.2914,0.2629,3.0958,1.1084,1.2535,0.03632708641166391,374.22,13.62,26.57,0.4472,0.8944,18.3,2.58,6.27,Precambrian Granitic Gneiss,21_80,validation,36.09,0.1051,1617.0
MN_OCC_0036,21.79114,80.14201,Madhya Pradesh / Maharashtra,1,0.0652,0.1217,0.1655,0.2679,0.3452,0.2672,2.5385,1.2921,1.2886,0.2362707977138955,642.78,8.46,99.86,0.9852,-0.1712,16.94,1.4,1.58,Gondwana Supergroup Metasediment,21_80,validation,33.72,0.1889,1693.9
MN_OCC_0037,21.86614,80.35034,Madhya Pradesh / Maharashtra,1,0.079,0.1392,0.1898,0.2551,0.2957,0.2558,2.4034,1.1561,1.1594,0.14677422617616057,217.39,8.01,327.93,-0.5309,0.8474,22.14,5.53,5.39,Dharwar Schist,21_80,validation,35.5,0.1415,1559.6
MN_OCC_0038,21.92724,80.23367,Madhya Pradesh / Maharashtra,1,0.0645,0.1051,0.2133,0.3012,0.2481,0.1534,3.3046,1.6173,0.8237,0.1708451489890205,521.53,10.15,355.42,-0.0799,0.9968,20.56,1.53,6.31,Lateritic Duricrust,21_80,validation,34.68,0.1616,1684.2
MN_OCC_0039,21.87864,79.99202,Madhya Pradesh / Maharashtra,1,0.0735,0.1081,0.1615,0.2183,0.2501,0.2624,2.196,0.9533,1.146,0.14955200223274817,248.32,12.53,276.84,-0.9929,0.119,18.58,9.27,3.41,Gondwana Supergroup Metasediment,21_79,train,34.7,0.1295,1503.1
MN_OCC_0040,21.99947,80.29201,Madhya Pradesh / Maharashtra,1,0.058,0.0877,0.2154,0.2649,0.2812,0.2373,3.7124,1.1847,1.0615,0.10306037255804175,195.91,18.89,40.88,0.6545,0.7561,20.14,4.74,1.32,Lateritic Duricrust,21_80,validation,36.06,0.1069,1535.1
MN_OCC_0042,15.08899,74.20881,Karnataka,1,0.0621,0.1137,0.2077,0.2365,0.2641,0.1537,3.3453,1.718,1.1169,0.0648355136526032,625.69,15.73,253.47,-0.9587,-0.2845,29.15,0.77,0.26,Gondwana Supergroup Metasediment,15_74,train,35.09,0.1291,1210.1
MN_OCC_0043,21.97446,80.38367,Madhya Pradesh / Maharashtra,1,0.054,0.1154,0.1592,0.2412,0.4027,0.1953,2.9473,2.0625,1.6694,0.20479469331994676,560.28,12.87,142.76,0.6052,-0.7961,26.05,9.56,0.29,Sausar Group Metamorphic,21_80,validation,34.49,0.1532,1695.8
MN_OCC_0044,21.87447,80.11701,Madhya Pradesh / Maharashtra,1,0.0597,0.0955,0.1659,0.3172,0.3287,0.1927,2.7798,1.7053,1.0361,0.31318502756152444,419.68,5.98,27.31,0.4588,0.8885,23.56,0.44,0.25,Gondwana Supergroup Metasediment,21_80,validation,33.5,0.2058,1643.8
MN_OCC_0045,23.57292,96.18213,Other State,1,0.0456,0.1185,0.1382,0.2284,0.4014,0.2116,3.0335,1.8969,1.7576,0.2460440642551439,261.71,15.02,69.22,0.935,0.3547,11.68,0.3,0.23,Precambrian Granitic Gneiss,23_96,train,35.02,0.1683,2294.5
MN_OCC_0046,21.79947,80.15034,Madhya Pradesh / Maharashtra,1,0.0483,0.1019,0.1703,0.2767,0.2471,0.2539,3.5301,0.973,0.8931,0.23803078740316017,312.92,9.0,314.49,-0.7134,0.7008,19.91,8.12,0.11,Gondwana Supergroup Metasediment,21_80,validation,34.61,0.1721,1648.1
MN_OCC_0048,21.96613,80.467,Madhya Pradesh / Maharashtra,1,0.0722,0.1249,0.1385,0.2093,0.3067,0.213,1.9163,1.4399,1.4652,0.20356468210269668,198.18,19.33,166.51,0.2332,-0.9724,25.01,7.22,1.29,Precambrian Granitic Gneiss,21_80,validation,34.72,0.1547,1499.5
MN_OCC_0049,22.29942,85.3002,Odisha,1,0.0443,0.1068,0.1733,0.2139,0.2885,0.199,3.9122,1.4492,1.3483,0.10485510109736287,261.45,9.27,43.11,0.6835,0.73,9.55,7.08,1.62,Dharwar Schist,22_85,train,36.18,0.1232,1735.1
MN_OCC_0051,21.89114,80.40866,Madhya Pradesh / Maharashtra,1,0.0716,0.1099,0.1287,0.2552,0.3456,0.2469,1.7982,1.3998,1.3544,0.32951203565502557,255.53,11.55,102.16,0.9776,-0.2106,29.37,2.71,0.79,Sausar Group Metamorphic,21_80,validation,33.7,0.2094,1580.7
MN_OCC_0052,21.81614,80.18367,Madhya Pradesh / Maharashtra,1,0.0642,0.0942,0.1302,0.2014,0.2843,0.1709,2.0267,1.6635,1.4115,0.2147158784201495,222.84,9.54,62.41,0.8863,0.4631,11.29,7.27,0.15,Precambrian Granitic Gneiss,21_80,validation,36.47,0.1868,1594.7
MN_OCC_0053,21.8328,80.23367,Madhya Pradesh / Maharashtra,1,0.0564,0.1389,0.1312,0.2357,0.4145,0.2625,2.3256,1.579,1.7586,0.2848179754211626,310.79,16.28,61.52,0.879,0.4769,22.43,2.6,1.53,Gondwana Supergroup Metasediment,21_80,validation,34.58,0.131,1656.7
MN_OCC_0054,20.82955,86.33018,Odisha,1,0.0708,0.0912,0.1524,0.2396,0.3314,0.1815,2.1527,1.8256,1.3832,0.22244841212139765,404.9,13.8,103.91,0.9707,-0.2403,10.97,2.79,0.3,Precambrian Granitic Gneiss,20_86,train,33.08,0.1397,1847.5
MN_OCC_0055,21.96613,80.26701,Madhya Pradesh / Maharashtra,1,0.0613,0.0831,0.1537,0.1988,0.2514,0.2787,2.5065,0.9021,1.2645,0.12794289945276752,500.76,9.62,91.67,0.9996,-0.0292,27.05,2.9,1.15,Precambrian Granitic Gneiss,21_80,validation,35.4,0.1702,1700.1
MN_OCC_0056,21.40951,79.28036,Madhya Pradesh / Maharashtra,1,0.054,0.1358,0.2031,0.3151,0.2624,0.245,3.7635,1.0709,0.8327,0.21613235018844035,472.6,12.93,206.81,-0.451,-0.8925,16.95,5.9,0.27,Dharwar Schist,21_79,train,33.91,0.1562,1584.5
MN_OCC_0057,21.92168,80.23784,Madhya Pradesh / Maharashtra,1,0.0481,0.0898,0.1364,0.294,0.3597,0.218,2.8383,1.6502,1.2234,0.36617015295038813,484.53,10.87,141.28,0.6255,-0.7802,16.2,1.51,1.12,Gondwana Supergroup Metasediment,21_80,validation,31.83,0.2043,1636.0
MN_OCC_0059,21.95946,80.46033,Madhya Pradesh / Maharashtra,1,0.0699,0.1102,0.1432,0.3059,0.3091,0.2207,2.0488,1.4008,1.0103,0.36227930910864153,536.13,13.68,42.08,0.6702,0.7422,24.37,8.99,1.78,Gondwana Supergroup Metasediment,21_80,validation,32.63,0.1871,1712.3
MN_OCC_0060,21.94946,80.26034,Madhya Pradesh / Maharashtra,1,0.0456,0.1276,0.182,0.2547,0.4009,0.2525,3.9939,1.5876,1.5741,0.16647546032640181,324.88,8.25,89.46,1.0,0.0095,30.28,6.7,0.75,Lateritic Duricrust,21_80,validation,36.47,0.1793,1618.8
MN_OCC_0061,23.49934,74.2505,Other State,1,0.0444,0.1308,0.1327,0.2356,0.3835,0.1695,2.9881,2.2627,1.6277,0.27939104156654476,428.24,16.28,259.21,-0.9823,-0.1872,10.82,3.28,2.13,Precambrian Granitic Gneiss,23_74,train,34.53,0.153,1315.2
MN_OCC_0062,22.9994,72.50054,Other State,1,0.0501,0.1007,0.1382,0.3072,0.345,0.2021,2.7592,1.707,1.1231,0.3794333645411663,458.52,12.22,55.21,0.8212,0.5706,19.64,3.03,0.05,Lateritic Duricrust,22_72,train,31.73,0.2179,1374.4
MN_OCC_0063,21.79947,80.20867,Madhya Pradesh / Maharashtra,1,0.0773,0.1139,0.1897,0.3091,0.3673,0.1698,2.4541,2.1628,1.1881,0.23937401889731572,697.23,21.91,152.69,0.4589,-0.8885,28.96,4.27,4.9,Sausar Group Metamorphic,21_80,validation,32.47,0.1488,1776.5
MN_OCC_0064,34.29855,73.46725,Other State,1,0.058,0.0868,0.2185,0.2974,0.2624,0.2697,3.7647,0.973,0.8823,0.1529363191775166,386.69,17.97,212.86,-0.5426,-0.84,13.5,1.31,2.92,Gondwana Supergroup Metasediment,34_73,train,36.21,0.1293,1524.2
MN_OCC_0065,22.49943,73.33382,Other State,1,0.0533,0.1039,0.1737,0.3088,0.3023,0.1951,3.2572,1.5496,0.9791,0.27999941969032194,363.99,10.82,80.86,0.9873,0.1589,31.55,1.93,0.27,Gondwana Supergroup Metasediment,22_73,train,34.88,0.1891,1320.2
MN_OCC_0067,19.21637,83.21693,Odisha,1,0.0599,0.1051,0.2115,0.2307,0.3445,0.2322,3.5285,1.4837,1.4931,0.04341916911087943,347.73,6.97,30.73,0.5109,0.8596,18.21,2.9,0.12,Dharwar Schist,19_83,train,36.51,0.1361,1698.0
MN_OCC_0068,21.76615,79.80035,Madhya Pradesh / Maharashtra,1,0.0484,0.1339,0.1405,0.2067,0.2466,0.2114,2.9033,1.1666,1.1929,0.19066765360698842,398.99,8.94,279.19,-0.9872,0.1597,19.05,1.93,1.34,Precambrian Granitic Gneiss,21_79,train,34.8,0.1632,1602.7
MN_OCC_0069,21.39951,79.26036,Madhya Pradesh / Maharashtra,1,0.056,0.1136,0.1355,0.2055,0.3951,0.273,2.4187,1.4474,1.923,0.20527799038712494,211.1,8.61,231.84,-0.7863,-0.6179,15.3,0.54,2.27,Dharwar Schist,21_79,train,34.9,0.1762,1468.8
MN_OCC_0070,13.93351,75.51714,Karnataka,1,0.0411,0.0933,0.1431,0.2741,0.2435,0.1635,3.4832,1.4893,0.8886,0.31399732982423345,371.65,9.88,234.99,-0.819,-0.5737,22.11,0.87,0.19,Gondwana Supergroup Metasediment,13_75,train,32.33,0.1903,1201.8
MN_OCC_0071,15.0801,76.55042,Karnataka,1,0.0689,0.1313,0.203,0.2356,0.3603,0.1766,2.947,2.0394,1.5291,0.07432723591601477,451.17,10.95,4.68,0.0816,0.9967,4.84,7.14,3.06,Gondwana Supergroup Metasediment,15_76,test,36.43,0.1272,1328.1
MN_OCC_0072,21.39951,79.45036,Madhya Pradesh / Maharashtra,1,0.0504,0.1028,0.179,0.2175,0.3523,0.2032,3.5537,1.7338,1.6198,0.0970993767985453,591.76,2.09,106.01,0.9612,-0.2758,31.77,9.49,2.6,Gondwana Supergroup Metasediment,21_79,train,36.08,0.2169,1688.1
MN_OCC_0073,21.98279,80.26701,Madhya Pradesh / Maharashtra,1,0.0747,0.1092,0.2095,0.292,0.3165,0.1529,2.8025,2.0699,1.0841,0.16450615253010462,416.94,3.95,228.05,-0.7438,-0.6685,13.22,5.76,7.49,Precambrian Granitic Gneiss,21_80,validation,35.11,0.1887,1647.1
MN_OCC_0074,34.29855,73.33391,Other State,1,0.0469,0.0963,0.1218,0.308,0.2612,0.2249,2.5996,1.1611,0.848,0.4332237477344166,329.82,14.54,234.51,-0.8142,-0.5805,4.58,5.67,0.42,Gondwana Supergroup Metasediment,34_73,train,33.7,0.1841,1509.8
MN_OCC_0075,21.89114,80.16284,Madhya Pradesh / Maharashtra,1,0.0455,0.134,0.2074,0.2636,0.3481,0.2365,4.5604,1.4721,1.3203,0.11932034114577253,159.1,6.1,186.81,-0.1186,-0.9929,15.42,2.96,0.51,Precambrian Granitic Gneiss,21_80,validation,37.41,0.1783,1560.6
MN_OCC_0076,23.7493,86.86016,Other State,1,0.0515,0.1013,0.1919,0.2216,0.342,0.2119,3.7228,1.6138,1.5431,0.07182570296081511,403.83,14.97,263.73,-0.994,-0.1093,19.68,0.77,0.06,Gondwana Supergroup Metasediment,23_86,test,35.91,0.117,1821.8
MN_OCC_0078,21.99113,80.15867,Madhya Pradesh / Maharashtra,1,0.0638,0.0831,0.1696,0.2636,0.3002,0.2502,2.6587,1.1996,1.1389,0.21698934212986581,375.8,21.35,247.82,-0.926,-0.3774,5.74,5.47,2.89,Dharwar Schist,21_80,validation,35.05,0.0882,1655.2
MN_OCC_0079,21.94946,80.40033,Madhya Pradesh / Maharashtra,1,0.0509,0.1154,0.1561,0.1928,0.4051,0.1678,3.0675,2.4145,2.101,0.10518743139171288,331.95,12.13,66.65,0.9181,0.3964,23.17,2.5,3.71,Dharwar Schist,21_80,validation,37.58,0.1287,1519.9
MN_OCC_0080,21.84947,80.25034,Madhya Pradesh / Maharashtra,1,0.0723,0.1195,0.1892,0.2989,0.2849,0.2136,2.6186,1.3338,0.9533,0.22474856638277735,431.55,13.54,65.01,0.9064,0.4225,24.75,0.11,2.15,Gondwana Supergroup Metasediment,21_80,validation,34.33,0.1387,1608.0
MN_OCC_0081,21.34951,79.30036,Madhya Pradesh / Maharashtra,1,0.077,0.1383,0.2144,0.2464,0.3952,0.2598,2.7856,1.5211,1.6038,0.06944429374068199,396.06,17.19,13.32,0.2304,0.9731,14.07,2.9,0.47,Gondwana Supergroup Metasediment,21_79,train,37.65,0.1039,1508.7
MN_OCC_0082,21.98279,80.36701,Madhya Pradesh / Maharashtra,1,0.0431,0.1218,0.154,0.2815,0.2518,0.191,3.5745,1.3182,0.8945,0.29276626230479375,553.64,13.48,114.75,0.9081,-0.4187,25.14,3.06,0.48,Gondwana Supergroup Metasediment,21_80,validation,30.78,0.1826,1616.7
MN_OCC_0083,21.76615,80.11701,Madhya Pradesh / Maharashtra,1,0.0748,0.0813,0.2075,0.2541,0.409,0.2538,2.7735,1.6114,1.61,0.10095298753685543,413.96,9.91,172.76,0.1261,-0.992,29.47,3.16,3.72,Sausar Group Metamorphic,21_80,validation,36.6,0.1821,1662.7
MN_OCC_0084,15.1251,74.14215,Other State,1,0.0707,0.1051,0.1621,0.2833,0.283,0.1644,2.2923,1.7217,0.999,0.27211434190762934,218.67,7.91,106.67,0.958,-0.2869,2.73,3.64,0.44,Sausar Group Metamorphic,15_74,train,34.75,0.1798,1119.4
MN_OCC_0085,31.34876,69.51734,Other State,1,0.0715,0.0854,0.1618,0.3031,0.4101,0.2108,2.2638,1.9456,1.353,0.30393567662792725,235.11,6.89,356.82,-0.0555,0.9985,21.26,0.84,5.15,Dharwar Schist,31_69,validation,34.62,0.2007,1278.1
MN_OCC_0086,21.93279,80.35034,Madhya Pradesh / Maharashtra,1,0.0643,0.1108,0.1431,0.2047,0.2797,0.1742,2.2246,1.6052,1.3662,0.1771127742588434,303.51,18.45,20.82,0.3555,0.9347,15.21,4.54,2.14,Gondwana Supergroup Metasediment,21_80,validation,35.71,0.142,1583.5
MN_OCC_0087,15.46006,79.15035,Other State,1,0.0726,0.0935,0.1424,0.2552,0.3467,0.2254,1.9603,1.5382,1.3588,0.283701499744719,239.17,9.44,319.95,-0.6435,0.7655,15.1,9.97,3.57,Lateritic Duricrust,15_79,validation,32.86,0.1513,1401.1
MN_OCC_0088,16.60541,79.58501,Other State,1,0.0662,0.1131,0.1287,0.2372,0.3071,0.1838,1.9438,1.671,1.2947,0.29652829590517654,376.02,21.47,29.18,0.4875,0.8731,23.76,0.25,3.43,Precambrian Granitic Gneiss,16_79,train,33.41,0.1574,1473.5
MN_OCC_0089,21.5095,79.43036,Madhya Pradesh / Maharashtra,1,0.0592,0.1155,0.2025,0.2287,0.362,0.2235,3.4187,1.6195,1.5831,0.06076052699321192,252.7,15.42,287.07,-0.9559,0.2936,15.33,3.44,3.42,Lateritic Duricrust,21_79,train,37.58,0.1263,1460.3
MN_OCC_0090,15.16676,74.10881,Other State,1,0.0683,0.1302,0.1897,0.2752,0.3514,0.2479,2.7767,1.4176,1.2766,0.18391012280033814,359.95,13.23,120.64,0.8604,-0.5097,12.68,5.45,3.21,Precambrian Granitic Gneiss,15_74,train,36.15,0.1247,1234.0
MN_OCC_0092,21.39951,78.98367,Madhya Pradesh / Maharashtra,1,0.0403,0.0972,0.1817,0.3174,0.3537,0.1838,4.5134,1.9248,1.1146,0.2718888561633818,439.39,15.73,280.74,-0.9825,0.1864,35.51,0.36,2.58,Precambrian Granitic Gneiss,21_78,train,33.32,0.1974,1538.8
MN_OCC_0093,14.68706,76.1853,Karnataka,1,0.0785,0.1005,0.1833,0.3105,0.2585,0.2718,2.3339,0.9507,0.8324,0.2575936460233981,326.43,13.47,108.35,0.9492,-0.3148,15.3,2.79,0.76,Dharwar Schist,14_76,validation,33.6,0.1699,1191.3
MN_OCC_0094,21.83277,80.30034,Madhya Pradesh / Maharashtra,1,0.0418,0.1323,0.2173,0.3156,0.3749,0.1669,5.1959,2.2463,1.1878,0.18446202953268995,400.96,20.33,245.99,-0.9134,-0.407,17.67,1.89,0.58,Sausar Group Metamorphic,21_80,validation,34.61,0.1209,1596.2
MN_OCC_0095,21.74948,80.11701,Madhya Pradesh / Maharashtra,1,0.057,0.1071,0.1364,0.2913,0.3649,0.1787,2.3903,2.0417,1.2526,0.3621688983659146,409.26,9.68,235.62,-0.8254,-0.5646,16.42,9.2,0.98,Dharwar Schist,21_80,validation,33.56,0.2117,1676.0
MN_OCC_0096,21.84947,80.13367,Madhya Pradesh / Maharashtra,1,0.0559,0.0965,0.2184,0.2373,0.4009,0.1799,3.9066,2.2287,1.6895,0.04147456336501346,242.36,6.24,311.17,-0.7528,0.6583,29.75,2.05,6.21,Gondwana Supergroup Metasediment,21_80,validation,37.86,0.1911,1591.1
MN_OCC_0097,21.68278,79.75035,Madhya Pradesh / Maharashtra,1,0.0747,0.1266,0.1971,0.2983,0.377,0.2314,2.6368,1.6291,1.2639,0.2042789578543443,403.58,16.05,286.75,-0.9576,0.2883,9.95,0.43,2.08,Precambrian Granitic Gneiss,21_79,train,34.33,0.1414,1573.0
MN_OCC_0098,22.5494,85.81019,Other State,1,0.048,0.1095,0.1264,0.2615,0.2884,0.2537,2.6326,1.1369,1.103,0.3482847427565281,374.03,10.27,4.18,0.0729,0.9973,3.08,0.24,0.9,Precambrian Granitic Gneiss,22_85,train,33.63,0.1875,1852.6
MN_OCC_0100,15.22509,74.16715,Other State,1,0.064,0.0975,0.1895,0.3004,0.3804,0.1552,2.9608,2.4516,1.2661,0.22637226704987334,263.96,12.26,87.14,0.9988,0.05,37.42,3.88,1.48,Gondwana Supergroup Metasediment,15_74,train,35.07,0.1774,1144.9
MN_OCC_0101,21.99529,80.13367,Madhya Pradesh / Maharashtra,1,0.0531,0.1111,0.1288,0.2291,0.246,0.1602,2.4272,1.5353,1.0737,0.28024509571082507,377.29,7.49,204.31,-0.4117,-0.9113,15.95,3.74,2.9,Gondwana Supergroup Metasediment,21_80,validation,34.77,0.1786,1696.4
MN_OCC_0102,21.4595,79.41036,Madhya Pradesh / Maharashtra,1,0.0467,0.0863,0.1836,0.2789,0.2457,0.2717,3.9324,0.9042,0.8809,0.20605360853273824,387.16,9.27,255.26,-0.9671,-0.2544,21.35,5.18,0.75,Lateritic Duricrust,21_79,train,34.25,0.1867,1580.3
MN_OCC_0103,21.84947,80.24201,Madhya Pradesh / Maharashtra,1,0.0432,0.1337,0.1748,0.2944,0.3214,0.2337,4.0448,1.3755,1.0917,0.2549014175161604,461.77,21.18,29.39,0.4907,0.8713,19.78,0.2,0.51,Gondwana Supergroup Metasediment,21_80,validation,33.57,0.1289,1653.9
MN_OCC_0106,21.32952,79.36036,Madhya Pradesh / Maharashtra,1,0.0749,0.0932,0.2176,0.2272,0.2728,0.2527,2.9061,1.0796,1.2008,0.021582685290725576,377.08,23.21,199.93,-0.3409,-0.9401,10.73,17.95,6.63,Dharwar Schist,21_79,train,36.76,0.0753,1601.1
MN_OCC_0107,22.02944,85.4102,Odisha,1,0.048,0.1208,0.1272,0.1843,0.2864,0.2101,2.6514,1.3628,1.554,0.18330599259713448,470.4,14.5,267.37,-0.999,-0.0458,23.38,1.77,0.76,Precambrian Granitic Gneiss,22_85,train,33.48,0.1458,1884.4
MN_OCC_0108,22.01612,80.36701,Madhya Pradesh / Maharashtra,1,0.0795,0.0824,0.2067,0.261,0.319,0.2443,2.5998,1.3057,1.222,0.11609981590802675,509.44,12.31,324.25,-0.5842,0.8116,5.14,2.87,4.38,Gondwana Supergroup Metasediment,22_80,train,35.48,0.1348,1648.5
MN_OCC_0109,34.26522,73.31725,Other State,1,0.0649,0.1179,0.1933,0.1984,0.3688,0.2682,2.9777,1.3754,1.8589,0.013020135256228587,311.27,9.75,349.7,-0.1788,0.9839,12.83,0.64,3.47,Precambrian Granitic Gneiss,34_73,train,38.25,0.1266,1509.7
MN_OCC_0110,21.40951,79.40036,Madhya Pradesh / Maharashtra,1,0.0499,0.1322,0.1645,0.2521,0.3047,0.2271,3.2978,1.3416,1.2086,0.21027313904671374,336.51,6.9,348.99,-0.191,0.9816,24.66,1.26,2.67,Gondwana Supergroup Metasediment,21_79,train,35.04,0.2023,1540.8
MN_OCC_0111,21.94946,80.31701,Madhya Pradesh / Maharashtra,1,0.0788,0.1072,0.1436,0.1903,0.2706,0.2176,1.8225,1.2435,1.4218,0.13986181532849556,230.51,17.48,155.12,0.4207,-0.9072,14.25,0.92,1.73,Dharwar Schist,21_80,validation,36.3,0.1162,1557.3
MN_OCC_0112,20.80957,76.60043,Other State,1,0.0467,0.0901,0.1237,0.2831,0.3595,0.2117,2.6491,1.6981,1.2698,0.3918377781765532,425.83,14.65,210.73,-0.511,-0.8596,15.77,0.38,0.57,Gondwana Supergroup Metasediment,20_76,train,31.21,0.1867,1470.0
MN_OCC_0113,21.89946,80.30034,Madhya Pradesh / Maharashtra,1,0.0612,0.1362,0.1239,0.1971,0.3214,0.2714,2.0235,1.1842,1.6307,0.22803667278295084,425.57,12.89,14.97,0.2582,0.9661,2.21,0.51,7.77,Sausar Group Metamorphic,21_80,validation,34.02,0.1326,1627.8
MN_OCC_0114,15.16676,74.25048,Karnataka,1,0.0402,0.1371,0.1839,0.3015,0.3219,0.217,4.5751,1.483,1.0675,0.2422739137331814,630.6,11.8,50.27,0.7691,0.6391,10.69,3.58,6.31,Gondwana Supergroup Metasediment,15_74,train,32.5,0.156,1323.3
MN_OCC_0115,21.98279,80.13367,Madhya Pradesh / Maharashtra,1,0.0669,0.1066,0.2068,0.2048,0.3647,0.259,3.0912,1.4082,1.7806,-0.004859074686407472,457.31,13.25,178.98,0.0178,-0.9998,21.12,3.08,3.66,Precambrian Granitic Gneiss,21_80,validation,36.34,0.1193,1627.1
MN_OCC_0116,21.71615,80.08367,Madhya Pradesh / Maharashtra,1,0.0412,0.1359,0.189,0.2747,0.2788,0.2357,4.5844,1.1832,1.015,0.18481737153898742,576.01,6.77,38.37,0.6208,0.784,26.24,4.88,1.51,Dharwar Schist,21_80,validation,33.91,0.1946,1668.2
MN_OCC_0117,21.34951,79.26036,Madhya Pradesh / Maharashtra,1,0.0751,0.1042,0.1527,0.2735,0.3854,0.2491,2.0322,1.5472,1.4094,0.28343434201233697,349.71,11.01,294.42,-0.9105,0.4134,29.21,0.41,1.42,Gondwana Supergroup Metasediment,21_79,train,34.41,0.1792,1451.2
MN_OCC_0118,21.91613,80.417,Madhya Pradesh / Maharashtra,1,0.053,0.102,0.1596,0.2774,0.3099,0.2083,3.0125,1.4877,1.1174,0.26956460053867154,303.32,5.88,81.82,0.9898,0.1423,19.56,3.53,1.74,Precambrian Granitic Gneiss,21_80,validation,36.04,0.2113,1629.5
MN_OCC_0119,21.63281,85.66686,Odisha,1,0.0552,0.1318,0.1719,0.2471,0.2446,0.1944,3.1147,1.2585,0.99,0.17947451199400477,295.99,5.55,208.86,-0.4827,-0.8758,5.04,2.44,1.69,Dharwar Schist,21_85,test,35.78,0.1854,1831.9
MN_OCC_0122,21.94946,80.25034,Madhya Pradesh / Maharashtra,1,0.0725,0.1231,0.2156,0.1826,0.2752,0.151,2.9723,1.823,1.5077,-0.08287272005846295,471.07,13.91,87.65,0.9992,0.0409,16.69,0.34,1.2,Gondwana Supergroup Metasediment,21_80,validation,38.04,0.096,1685.0
MN_OCC_0124,21.85503,79.94202,Madhya Pradesh / Maharashtra,1,0.0514,0.0984,0.2003,0.2555,0.296,0.2293,3.8972,1.2908,1.1587,0.12110548243641414,446.37,7.55,148.88,0.5169,-0.8561,25.73,0.42,0.36,Dharwar Schist,21_79,train,35.46,0.1941,1485.4
MN_OCC_0125,15.21009,74.50047,Karnataka,1,0.0473,0.1115,0.1909,0.195,0.3421,0.1834,4.0396,1.8659,1.7548,0.010624486591120573,377.64,15.26,290.16,-0.9387,0.3446,13.57,3.21,5.44,Dharwar Schist,15_74,train,35.42,0.0909,1307.9
MN_OCC_0126,21.96613,80.48366,Madhya Pradesh / Maharashtra,1,0.0728,0.1331,0.1428,0.2097,0.35,0.2034,1.9625,1.7203,1.669,0.1897866956405797,387.64,6.28,280.99,-0.9817,0.1906,12.66,1.03,3.11,Precambrian Granitic Gneiss,21_80,validation,35.0,0.1538,1615.5
MN_OCC_0127,34.36521,73.50058,Other State,1,0.0667,0.0857,0.1824,0.2432,0.3456,0.1718,2.7343,2.0111,1.4207,0.1428568071973515,456.05,14.57,78.03,0.9782,0.2075,28.0,2.53,0.48,Precambrian Granitic Gneiss,34_73,train,35.74,0.1218,1629.3
MN_OCC_0128,21.63278,85.66689,Odisha,1,0.0638,0.1098,0.2188,0.1991,0.3651,0.2026,3.4302,1.8025,1.8339,-0.04714035142294466,574.81,20.89,249.28,-0.9353,-0.3539,13.77,15.17,0.25,Gondwana Supergroup Metasediment,21_85,test,38.8,0.0927,1867.1
MN_OCC_0129,18.36648,83.45025,Odisha,1,0.069,0.1147,0.1474,0.1911,0.2554,0.2662,2.1373,0.9593,1.3364,0.12909858464229054,310.2,7.43,81.6,0.9893,0.1461,13.51,2.34,0.13,Lateritic Duricrust,18_83,validation,35.88,0.1657,1683.7
MN_OCC_0130,21.99947,80.35034,Madhya Pradesh / Maharashtra,1,0.0493,0.1124,0.208,0.2711,0.3359,0.1922,4.215,1.7482,1.239,0.131705005833843,356.3,18.64,357.89,-0.0368,0.9993,8.52,3.47,1.47,Dharwar Schist,21_80,validation,36.14,0.1114,1558.1
MN_OCC_0131,21.86614,80.26701,Madhya Pradesh / Maharashtra,1,0.0586,0.0836,0.1762,0.3141,0.2716,0.2397,3.0069,1.1329,0.8646,0.2812558000085662,400.32,5.43,34.8,0.5708,0.8211,30.87,1.37,1.97,Dharwar Schist,21_80,validation,33.83,0.2179,1586.4
MN_OCC_0132,22.94939,74.51716,Other State,1,0.0771,0.0941,0.1599,0.2013,0.4186,0.2705,2.0747,1.5476,2.0793,0.11461762287479832,343.19,18.57,187.54,-0.1313,-0.9913,19.33,3.13,0.17,Dharwar Schist,22_74,validation,35.28,0.1027,1443.5
MN_OCC_0133,21.74948,80.16701,Madhya Pradesh / Maharashtra,1,0.0451,0.1296,0.1982,0.2792,0.2465,0.1894,4.3938,1.3015,0.8828,0.1696686852352635,285.68,5.84,31.55,0.5233,0.8522,18.9,1.17,0.91,Precambrian Granitic Gneiss,21_80,validation,36.73,0.2125,1558.9
MN_OCC_0134,15.0501,74.58487,Karnataka,1,0.064,0.1109,0.2119,0.2496,0.4186,0.2607,3.3103,1.6057,1.6772,0.08168996383539794,464.97,12.91,137.02,0.6817,-0.7316,17.41,6.73,3.65,Lateritic Duricrust,15_74,train,36.21,0.1321,1254.8
MN_OCC_0135,22.39944,73.65051,Other State,1,0.0716,0.0983,0.1281,0.2364,0.2712,0.2403,1.7889,1.1285,1.1473,0.2971185264237959,383.38,12.45,230.75,-0.7744,-0.6327,16.4,6.34,4.61,Precambrian Granitic Gneiss,22_73,train,34.41,0.1798,1360.6
MN_OCC_0136,21.98279,80.43366,Madhya Pradesh / Maharashtra,1,0.0643,0.1259,0.1375,0.2504,0.3118,0.169,2.1398,1.8444,1.2452,0.29105364513110304,403.71,9.45,9.29,0.1615,0.9869,16.7,0.46,5.94,Precambrian Granitic Gneiss,21_80,validation,33.0,0.1985,1647.8
MN_OCC_0137,15.13343,74.16715,Other State,1,0.0786,0.1059,0.1512,0.2509,0.3191,0.1637,1.9226,1.9489,1.2721,0.247947654942415,234.84,15.5,223.05,-0.6827,-0.7307,10.47,0.2,2.73,Precambrian Granitic Gneiss,15_74,train,36.01,0.158,1154.2
MN_OCC_0138,21.32952,79.41036,Madhya Pradesh / Maharashtra,1,0.0423,0.1397,0.1258,0.2773,0.4171,0.1811,2.9715,2.303,1.504,0.3758363288605089,430.06,9.43,249.18,-0.9347,-0.3555,15.78,0.21,1.28,Sausar Group Metamorphic,21_79,train,31.41,0.2088,1592.0
MN_BG_0001,15.65067,74.7503,Karnataka,0,0.1068,0.1477,0.1935,0.243,0.2243,0.16,1.8121,1.4014,0.923,0.11340180205772722,325.33,2.41,20.31,0.3471,0.9378,9.43,2.0,35.0,Alluvial Quaternary Plains,15_74,train,36.49,0.1541,1323.8
MN_BG_0002,18.79515,83.01272,Andhra Pradesh,0,0.0614,0.142,0.188,0.2307,0.2963,0.1479,3.0624,2.0031,1.2843,0.10198208267952547,300.62,5.87,137.69,0.6732,-0.7395,5.43,49.06,5.03,Alluvial Quaternary Plains,18_83,validation,38.18,0.1544,1639.1
MN_BG_0003,15.33683,75.5515,Karnataka,0,0.0608,0.1754,0.2076,0.3086,0.1622,0.1477,3.4146,1.0983,0.5256,0.19566021762840438,360.13,1.9,219.6,-0.6374,-0.7705,7.03,5.95,1.61,Schist Gneiss Complex,15_75,test,34.04,0.2117,1266.6
MN_BG_0004,18.24031,84.74525,Andhra Pradesh,0,0.1065,0.1752,0.2474,0.3575,0.2891,0.1306,2.3226,2.213,0.8085,0.182013255061572,323.8,2.17,97.69,0.991,-0.1337,2.17,21.17,3.53,Schist Gneiss Complex,18_84,train,34.86,0.1948,1764.0
MN_BG_0005,18.7055,83.25366,Andhra Pradesh,0,0.1081,0.106,0.2584,0.3976,0.1878,0.1207,2.3899,1.5566,0.4724,0.21219479848353887,342.39,7.86,262.44,-0.9913,-0.1315,5.14,23.86,7.81,Deccan Basalt Trap,18_83,validation,34.95,0.1882,1715.1
MN_BG_0006,18.46695,83.83722,Odisha,0,0.0795,0.1584,0.2165,0.4241,0.2261,0.1344,2.7229,1.683,0.5332,0.3240706773795233,262.17,8.12,202.06,-0.3756,-0.9268,11.68,17.69,5.45,Alluvial Quaternary Plains,18_83,validation,33.56,0.1869,1712.2
MN_BG_0007,14.65436,74.27626,Karnataka,0,0.0665,0.1025,0.2164,0.2923,0.2312,0.2289,3.2549,1.01,0.791,0.14920355965488566,241.9,0.71,272.0,-0.9994,0.0349,5.27,31.86,13.21,Alluvial Quaternary Plains,14_74,train,34.77,0.1608,1173.9
MN_BG_0008,21.86013,85.95579,Odisha,0,0.0712,0.1714,0.2047,0.4057,0.2855,0.1582,2.8755,1.8048,0.7036,0.3292917278969071,244.84,4.43,153.76,0.4422,-0.8969,7.03,20.45,15.77,Sandstone Sedimentary,21_85,test,34.19,0.2021,1764.5
MN_BG_0009,21.10823,83.65847,Odisha,0,0.0746,0.1135,0.1663,0.3484,0.2165,0.1278,2.2271,1.6945,0.6216,0.3537976417376302,213.86,2.73,250.67,-0.9436,-0.331,5.47,50.0,2.48,Deccan Basalt Trap,21_83,train,33.13,0.2146,1760.2
MN_BG_0010,21.45766,78.57602,Madhya Pradesh / Maharashtra,0,0.0807,0.1507,0.2217,0.3421,0.2227,0.1863,2.7468,1.195,0.6509,0.21355052580609113,331.17,2.91,133.08,0.7305,-0.683,9.17,3.33,13.0,Alluvial Quaternary Plains,21_78,train,35.41,0.2024,1454.4
MN_BG_0011,19.27845,83.71788,Andhra Pradesh,0,0.109,0.1639,0.1581,0.3369,0.2574,0.223,1.4505,1.1543,0.7641,0.3612113914921384,191.29,3.15,256.01,-0.9704,-0.2417,6.36,2.0,22.58,Schist Gneiss Complex,19_83,train,33.2,0.1894,1658.4
MN_BG_0012,18.67308,84.50788,Andhra Pradesh,0,0.1005,0.1588,0.1651,0.3445,0.2574,0.1474,1.642,1.746,0.7471,0.3520401255099578,388.69,0.2,358.65,-0.0235,0.9997,8.98,40.37,6.54,Schist Gneiss Complex,18_84,train,34.18,0.2487,1703.4
MN_BG_0013,14.00951,75.03661,Karnataka,0,0.102,0.1677,0.2428,0.313,0.2843,0.2221,2.3795,1.2799,0.9082,0.126304198804968,366.86,10.57,134.02,0.7191,-0.6949,4.56,7.98,4.76,Alluvial Quaternary Plains,14_75,train,34.95,0.133,1207.4
MN_BG_0014,18.93889,82.57772,Odisha,0,0.0896,0.1143,0.184,0.3912,0.2609,0.157,2.0525,1.6623,0.6671,0.36022190503841267,191.55,7.1,229.08,-0.7556,-0.655,20.74,3.46,7.13,Deccan Basalt Trap,18_82,train,33.68,0.2087,1601.6
MN_BG_0015,20.24432,86.39622,Odisha,0,0.0861,0.128,0.2174,0.3739,0.281,0.1476,2.5262,1.9034,0.7516,0.26467061614981197,540.55,5.11,276.68,-0.9932,0.1163,1.37,25.8,11.02,Alluvial Quaternary Plains,20_86,train,33.87,0.1665,1921.4
MN_BG_0016,18.42998,83.99498,Andhra Pradesh,0,0.0943,0.1784,0.149,0.2903,0.1867,0.1522,1.5799,1.2267,0.6432,0.3216473443037917,268.12,0.2,142.09,0.6144,-0.789,7.43,22.31,21.28,Deccan Basalt Trap,18_83,validation,32.97,0.1927,1686.2
MN_BG_0017,18.27159,84.20806,Andhra Pradesh,0,0.0815,0.1203,0.1754,0.2942,0.2788,0.1364,2.1521,2.0442,0.9477,0.2529807219320232,330.48,10.54,106.74,0.9576,-0.2881,2.29,11.35,1.5,Sandstone Sedimentary,18_84,train,34.61,0.1734,1768.1
MN_BG_0018,20.83716,83.33538,Odisha,0,0.0643,0.1317,0.1461,0.4239,0.1639,0.1895,2.2735,0.8649,0.3865,0.4873675660218139,244.06,10.87,118.13,0.8818,-0.4716,5.8,2.02,32.07,Deccan Basalt Trap,20_83,test,33.24,0.2161,1697.7
MN_BG_0019,22.17665,79.07558,Madhya Pradesh / Maharashtra,0,0.0623,0.1243,0.2044,0.2951,0.2759,0.1526,3.2801,1.8082,0.9348,0.1815812180556195,285.71,6.76,303.13,-0.8374,0.5465,7.0,14.43,1.5,Schist Gneiss Complex,22_79,train,34.41,0.1439,1515.9
MN_BG_0020,22.27205,85.57276,Odisha,0,0.0625,0.1319,0.192,0.3911,0.1951,0.1421,3.0741,1.3729,0.4989,0.341450280483141,173.79,4.79,247.86,-0.9263,-0.3769,5.33,2.0,19.74,Sandstone Sedimentary,22_85,train,34.54,0.1843,1825.4
MN_BG_0021,21.18366,78.71591,Madhya Pradesh / Maharashtra,0,0.071,0.1748,0.2166,0.3388,0.252,0.1723,3.0518,1.4627,0.7437,0.22002120990059434,183.48,5.89,43.26,0.6853,0.7283,5.78,2.0,2.98,Deccan Basalt Trap,21_78,train,35.96,0.1685,1508.6
MN_BG_0022,18.22793,83.03089,Andhra Pradesh,0,0.1058,0.1646,0.1816,0.3269,0.251,0.1258,1.716,1.9955,0.7678,0.28574181761687784,266.29,5.21,194.18,-0.2449,-0.9695,11.52,13.82,7.65,Schist Gneiss Complex,18_83,validation,35.01,0.2212,1563.9
MN_BG_0023,16.04948,76.8016,Karnataka,0,0.0982,0.1641,0.2213,0.3519,0.178,0.2173,2.2535,0.8189,0.5058,0.22784328708428633,330.17,8.61,295.35,-0.9037,0.4282,3.92,3.84,1.93,Deccan Basalt Trap,16_76,train,33.65,0.16,1344.5
MN_BG_0024,20.86234,79.92198,Madhya Pradesh / Maharashtra,0,0.0802,0.1525,0.1862,0.3768,0.2077,0.1513,2.3225,1.3728,0.5512,0.33854291555432403,343.22,11.05,125.4,0.8151,-0.5793,8.34,33.11,1.5,Alluvial Quaternary Plains,20_79,validation,32.38,0.1616,1590.4
MN_BG_0025,22.26384,84.85628,Odisha,0,0.0854,0.1455,0.2091,0.3883,0.1779,0.15,2.4483,1.1858,0.4581,0.2999660194743564,383.93,5.89,202.27,-0.379,-0.9254,11.56,16.16,2.18,Deccan Basalt Trap,22_84,train,34.15,0.1933,1809.8
MN_BG_0026,20.44418,84.63521,Odisha,0,0.0834,0.1238,0.152,0.2323,0.2942,0.2217,1.823,1.3272,1.2664,0.20895079638096184,190.0,6.38,243.64,-0.896,-0.4441,8.0,7.91,5.43,Schist Gneiss Complex,20_84,test,36.06,0.1675,1770.9
MN_BG_0027,18.58516,85.0905,Odisha,0,0.0932,0.117,0.2535,0.3997,0.1759,0.2317,2.7197,0.7591,0.44,0.2238208453446948,453.23,6.41,348.71,-0.1957,0.9807,12.06,24.2,14.59,Deccan Basalt Trap,18_85,train,34.32,0.1384,1777.7
MN_BG_0028,19.13482,84.2056,Odisha,0,0.1135,0.1117,0.2016,0.2736,0.2414,0.2236,1.776,1.0796,0.8821,0.1515148326708067,334.65,4.25,326.77,-0.548,0.8365,10.33,10.75,3.45,Schist Gneiss Complex,19_84,test,35.94,0.168,1719.7
MN_BG_0029,14.8005,75.33396,Karnataka,0,0.1023,0.1199,0.1796,0.3199,0.1955,0.1686,1.7558,1.1595,0.6111,0.2808803185579208,433.11,6.61,276.19,-0.9942,0.1078,10.72,13.71,2.17,Alluvial Quaternary Plains,14_75,train,32.84,0.1859,1254.8
MN_BG_0030,14.78983,74.44867,Karnataka,0,0.0917,0.1349,0.2363,0.4449,0.2378,0.1587,2.5763,1.4985,0.5346,0.30622386050519596,355.99,4.7,250.35,-0.9418,-0.3363,9.64,2.0,1.5,Alluvial Quaternary Plains,14_74,train,33.69,0.211,1196.3
MN_BG_0031,21.27119,80.79041,Madhya Pradesh / Maharashtra,0,0.1018,0.1307,0.2285,0.4305,0.2942,0.1269,2.2438,2.3177,0.6834,0.30652457280034473,211.2,4.5,120.84,0.8586,-0.5126,10.35,5.9,2.08,Schist Gneiss Complex,21_80,validation,34.8,0.2298,1510.6
MN_BG_0032,15.38504,75.80829,Karnataka,0,0.0786,0.1651,0.2222,0.2574,0.2875,0.2187,2.8275,1.3147,1.117,0.07339434238043709,196.32,1.24,335.78,-0.4102,0.912,15.83,24.12,1.5,Sandstone Sedimentary,15_75,test,36.63,0.1845,1148.0
MN_BG_0033,18.4894,84.459,Andhra Pradesh,0,0.1192,0.112,0.2113,0.3076,0.2958,0.2211,1.7721,1.3381,0.9616,0.18558453346592127,279.69,8.91,149.34,0.51,-0.8602,8.07,24.01,13.41,Sandstone Sedimentary,18_84,train,37.02,0.1537,1765.1
MN_BG_0034,22.38587,84.88836,Odisha,0,0.1061,0.1756,0.242,0.2769,0.2231,0.1355,2.2796,1.6463,0.8056,0.06725753081994444,285.01,5.56,82.31,0.991,0.1338,10.56,13.37,7.7,Schist Gneiss Complex,22_84,train,37.46,0.1293,1754.3
MN_BG_0035,13.80661,76.21472,Karnataka,0,0.0912,0.1618,0.2024,0.416,0.2373,0.1873,2.219,1.2667,0.5703,0.3454069446847596,267.59,8.11,48.25,0.746,0.6659,14.46,2.87,1.5,Schist Gneiss Complex,13_76,train,32.53,0.2407,1179.8
MN_BG_0036,21.36094,79.85681,Madhya Pradesh / Maharashtra,0,0.0835,0.135,0.2485,0.3001,0.232,0.214,2.9748,1.0837,0.7729,0.0940574297166793,369.0,10.09,310.45,-0.761,0.6488,2.98,35.83,1.5,Schist Gneiss Complex,21_79,train,36.78,0.1292,1478.0
MN_BG_0037,20.26689,83.61045,Odisha,0,0.0875,0.1784,0.1991,0.2956,0.2487,0.1488,2.2743,1.671,0.8412,0.19506732349439354,322.99,2.38,65.48,0.9098,0.4151,11.49,7.71,8.81,Deccan Basalt Trap,20_83,test,34.47,0.1863,1677.1
MN_BG_0038,19.00761,82.67574,Odisha,0,0.0701,0.1223,0.1612,0.2404,0.1769,0.1753,2.2989,1.0091,0.7358,0.1972106643160749,263.84,3.54,181.23,-0.0215,-0.9998,3.71,14.07,1.5,Alluvial Quaternary Plains,19_82,train,36.13,0.1743,1558.4
MN_BG_0039,21.05116,79.36776,Madhya Pradesh / Maharashtra,0,0.0602,0.1695,0.1501,0.3574,0.2981,0.1844,2.4958,1.6165,0.8341,0.4084721015328048,286.83,5.37,273.58,-0.998,0.0625,15.62,2.0,1.5,Sandstone Sedimentary,21_79,train,33.85,0.2297,1591.9
MN_BG_0040,15.35535,76.73332,Karnataka,0,0.105,0.1024,0.2441,0.3015,0.2156,0.1326,2.3249,1.6261,0.7152,0.10520508576780464,312.72,2.89,203.03,-0.3912,-0.9203,10.8,22.04,1.5,Deccan Basalt Trap,15_76,test,35.52,0.1617,1340.0
MN_BG_0041,21.05223,85.89344,Odisha,0,0.0899,0.107,0.2045,0.355,0.2644,0.1718,2.274,1.5388,0.7447,0.2689896890264718,255.07,3.19,130.71,0.758,-0.6522,12.2,5.28,34.45,Alluvial Quaternary Plains,21_85,test,35.54,0.1916,1769.6
MN_BG_0042,19.19635,82.93766,Odisha,0,0.0692,0.1197,0.1593,0.2629,0.1999,0.1408,2.3027,1.4198,0.7604,0.24538075466424766,461.85,0.2,353.66,-0.1105,0.9939,11.24,2.0,4.06,Schist Gneiss Complex,19_82,train,34.17,0.1963,1804.1
MN_BG_0043,15.83687,76.65122,Karnataka,0,0.0755,0.1137,0.2202,0.4338,0.2379,0.1886,2.918,1.2617,0.5486,0.32660500519112357,373.97,2.91,67.34,0.9228,0.3853,5.45,8.5,2.22,Sandstone Sedimentary,15_76,test,33.86,0.2066,1366.1
MN_BG_0044,20.7646,83.74111,Odisha,0,0.0949,0.1123,0.1977,0.3425,0.1673,0.1604,2.0842,1.0428,0.4883,0.26804837458649655,127.56,3.39,245.34,-0.9088,-0.4172,11.54,17.14,7.24,Schist Gneiss Complex,20_83,test,36.99,0.1905,1638.7
MN_BG_0045,20.99888,80.181,Madhya Pradesh / Maharashtra,0,0.1163,0.1145,0.148,0.3905,0.2404,0.221,1.2724,1.0878,0.6158,0.45032414053084396,320.38,3.96,72.59,0.9542,0.2993,7.23,20.22,8.75,Deccan Basalt Trap,20_80,train,32.03,0.2217,1452.8
MN_BG_0046,21.37413,80.51756,Madhya Pradesh / Maharashtra,0,0.0835,0.1653,0.1927,0.3067,0.2248,0.1562,2.3064,1.4393,0.7329,0.22827347161899952,261.28,5.26,83.6,0.9938,0.1115,15.21,27.58,3.87,Deccan Basalt Trap,21_80,validation,34.63,0.1886,1670.3
MN_BG_0047,14.66513,75.19845,Karnataka,0,0.1038,0.1555,0.16,0.4221,0.2294,0.209,1.541,1.0975,0.5434,0.4502655037527852,364.53,8.23,280.29,-0.9839,0.1786,7.09,15.02,5.45,Deccan Basalt Trap,14_75,train,31.01,0.2135,1167.3
MN_BG_0048,18.63225,84.80687,Odisha,0,0.0827,0.1366,0.2125,0.3355,0.2356,0.1784,2.5683,1.3208,0.7021,0.22445214516031906,251.72,9.44,4.39,0.0766,0.9971,6.61,10.95,6.67,Deccan Basalt Trap,18_84,train,34.57,0.1855,1628.0
MN_BG_0049,22.25352,79.8418,Madhya Pradesh / Maharashtra,0,0.0841,0.137,0.2537,0.2553,0.2421,0.1807,3.0181,1.3396,0.9483,0.003143412291920931,271.74,5.34,313.96,-0.7198,0.6942,8.94,14.31,20.46,Schist Gneiss Complex,22_79,train,37.85,0.0912,1604.1
MN_BG_0050,13.91186,75.92887,Karnataka,0,0.0964,0.1339,0.2284,0.4349,0.2896,0.1741,2.3689,1.6633,0.6658,0.31132170764102574,355.32,12.82,143.64,0.5928,-0.8053,10.6,2.0,3.27,Schist Gneiss Complex,13_75,train,33.68,0.1906,1354.2
MN_BG_0051,18.21945,83.93405,Odisha,0,0.0839,0.143,0.2504,0.2997,0.2086,0.2085,2.9846,1.0003,0.696,0.0896199061626865,154.75,4.42,162.88,0.2944,-0.9557,7.52,8.28,4.34,Schist Gneiss Complex,18_83,validation,37.58,0.1705,1682.9
MN_BG_0052,19.72205,84.99653,Odisha,0,0.0979,0.101,0.2196,0.2609,0.2945,0.1378,2.2425,2.1369,1.1288,0.08595195431435113,265.45,2.8,358.87,-0.0196,0.9998,7.84,8.37,7.24,Alluvial Quaternary Plains,19_84,test,37.51,0.1258,1762.6
MN_BG_0053,14.44334,75.6047,Karnataka,0,0.0975,0.1302,0.2404,0.3551,0.2012,0.2057,2.4655,0.978,0.5665,0.19261092760549522,508.69,11.05,173.19,0.1185,-0.9929,14.87,2.0,3.26,Sandstone Sedimentary,14_75,train,34.02,0.1534,1320.9
MN_BG_0054,15.53376,75.01691,Karnataka,0,0.1138,0.1421,0.2361,0.4452,0.2776,0.224,2.0738,1.2389,0.6235,0.3069128035919512,288.39,8.87,91.4,0.9997,-0.0244,1.0,2.62,5.63,Schist Gneiss Complex,15_75,test,35.06,0.1719,1250.8
MN_BG_0055,21.34283,79.80972,Madhya Pradesh / Maharashtra,0,0.1132,0.1445,0.2265,0.4052,0.2984,0.1924,2.0,1.5512,0.7364,0.2828869987541574,137.61,2.5,31.29,0.5194,0.8545,13.95,22.62,1.5,Sandstone Sedimentary,21_79,train,35.05,0.1863,1525.6
MN_BG_0056,18.8358,84.2671,Andhra Pradesh,0,0.1146,0.15,0.1803,0.4098,0.2108,0.1241,1.5728,1.6987,0.5145,0.3889164736206175,359.29,3.77,278.58,-0.9888,0.1492,12.56,5.41,15.79,Sandstone Sedimentary,18_84,train,34.84,0.2133,1732.1
MN_BG_0057,19.26691,84.40357,Andhra Pradesh,0,0.0669,0.1453,0.2582,0.3283,0.1855,0.1782,3.8627,1.0411,0.5649,0.11952238785611617,443.13,5.46,251.58,-0.9488,-0.3159,3.07,12.43,4.38,Deccan Basalt Trap,19_84,test,35.95,0.1336,1768.3
MN_BG_0058,22.24092,80.08981,Madhya Pradesh / Maharashtra,0,0.101,0.1658,0.2036,0.4075,0.2297,0.1281,2.0156,1.7939,0.5638,0.3336600660120012,247.75,4.99,259.27,-0.9825,-0.1861,1.0,2.0,1.5,Sandstone Sedimentary,22_80,train,33.39,0.2232,1557.8
MN_BG_0059,19.31929,85.64839,Odisha,0,0.075,0.1506,0.1993,0.3519,0.2773,0.1685,2.6559,1.6456,0.7882,0.2768500057147936,252.32,9.56,127.39,0.7945,-0.6073,9.09,2.0,14.52,Sandstone Sedimentary,19_85,train,33.76,0.1906,1719.9
MN_BG_0060,19.19017,84.29876,Andhra Pradesh,0,0.0966,0.1759,0.1876,0.4394,0.1789,0.1781,1.9415,1.0048,0.4071,0.401594255830533,269.97,6.09,58.32,0.851,0.5251,1.62,22.11,14.99,Sandstone Sedimentary,19_84,test,33.4,0.2277,1684.1
MN_BG_0061,18.84962,85.18033,Odisha,0,0.0885,0.1276,0.1822,0.3149,0.2587,0.1918,2.0596,1.3488,0.8214,0.26694776313063145,218.27,4.97,28.0,0.4694,0.883,12.44,39.27,12.49,Alluvial Quaternary Plains,18_85,train,34.73,0.2046,1635.3
MN_BG_0062,14.90751,74.46012,Karnataka,0,0.1175,0.1607,0.2167,0.3946,0.2614,0.1965,1.8442,1.3304,0.6624,0.29101866347347705,236.5,9.26,18.57,0.3185,0.9479,12.61,13.3,1.5,Schist Gneiss Complex,14_74,train,34.92,0.1673,1152.2
MN_BG_0063,16.19825,75.86742,Karnataka,0,0.0884,0.125,0.1545,0.3881,0.187,0.1338,1.7474,1.397,0.4817,0.4305189264302867,412.12,4.12,268.22,-0.9995,-0.031,8.23,8.87,8.27,Deccan Basalt Trap,16_75,train,32.14,0.2207,1262.8
MN_BG_0064,14.48468,75.88203,Karnataka,0,0.0889,0.1708,0.2036,0.3214,0.2166,0.1887,2.2915,1.148,0.6739,0.22438052498947622,230.27,5.73,238.2,-0.8499,-0.527,14.05,16.07,5.87,Alluvial Quaternary Plains,14_75,train,35.11,0.1907,1160.3
MN_BG_0065,22.20266,79.46026,Madhya Pradesh / Maharashtra,0,0.0877,0.1792,0.14,0.2627,0.2138,0.2319,1.5964,0.9217,0.8138,0.3046925634652012,287.82,3.53,209.07,-0.4859,-0.874,5.79,2.0,3.28,Schist Gneiss Complex,22_79,train,33.53,0.1821,1553.6
MN_BG_0066,21.27554,82.51439,Odisha,0,0.088,0.1238,0.2423,0.3846,0.2425,0.1533,2.7526,1.582,0.6305,0.2269895884677166,153.09,4.46,44.8,0.7046,0.7096,4.97,37.6,12.8,Alluvial Quaternary Plains,21_82,test,34.63,0.19,1679.9
MN_BG_0067,15.0891,77.14699,Karnataka,0,0.1131,0.1481,0.2484,0.4475,0.2641,0.1278,2.1976,2.0663,0.5901,0.28610391420618736,392.44,4.21,83.0,0.9926,0.1218,7.99,2.0,25.22,Schist Gneiss Complex,15_77,train,33.2,0.1926,1377.1
MN_BG_0068,22.08123,79.94849,Madhya Pradesh / Maharashtra,0,0.073,0.1415,0.2117,0.3408,0.1964,0.1818,2.9004,1.0803,0.5765,0.2336647354484426,244.9,5.71,323.08,-0.6007,0.7994,8.49,7.47,7.8,Alluvial Quaternary Plains,22_79,train,35.97,0.1743,1479.3
MN_BG_0069,13.59414,76.88476,Karnataka,0,0.1116,0.1366,0.1869,0.2828,0.2267,0.1253,1.675,1.8092,0.8018,0.20417244161711384,335.61,4.6,264.68,-0.9957,-0.0928,4.64,2.0,9.52,Schist Gneiss Complex,13_76,train,34.96,0.1841,1229.6
MN_BG_0070,21.65216,80.71288,Madhya Pradesh / Maharashtra,0,0.0666,0.1716,0.259,0.2341,0.2836,0.1819,3.8903,1.5589,1.2112,-0.050496754214653806,213.19,5.65,238.36,-0.8514,-0.5246,11.95,9.42,15.99,Alluvial Quaternary Plains,21_80,validation,37.86,0.1277,1607.1
MN_BG_0071,21.63402,80.49677,Madhya Pradesh / Maharashtra,0,0.0747,0.1126,0.1592,0.2968,0.1934,0.2316,2.1313,0.8351,0.6516,0.301753724224289,318.6,3.31,68.12,0.928,0.3727,12.66,2.0,13.72,Alluvial Quaternary Plains,21_80,validation,34.19,0.202,1547.3
MN_BG_0072,22.25392,78.50258,Madhya Pradesh / Maharashtra,0,0.0934,0.1605,0.171,0.2644,0.1718,0.1592,1.8318,1.0792,0.6496,0.21451489546418132,281.47,2.23,135.61,0.6995,-0.7146,9.12,2.0,13.66,Schist Gneiss Complex,22_78,test,35.63,0.2059,1491.1
MN_BG_0073,21.25335,78.54238,Madhya Pradesh / Maharashtra,0,0.0859,0.1672,0.1871,0.2613,0.2655,0.2147,2.1767,1.2369,1.0162,0.1654768834146222,336.68,3.33,341.03,-0.3251,0.9457,10.46,14.8,5.13,Deccan Basalt Trap,21_78,train,34.86,0.159,1527.1
MN_BG_0074,20.91951,80.46055,Madhya Pradesh / Maharashtra,0,0.1194,0.1541,0.1935,0.3689,0.2432,0.166,1.6206,1.4648,0.6592,0.3118771125940388,235.66,8.61,90.9,0.9999,-0.0158,6.67,2.0,1.5,Deccan Basalt Trap,20_80,train,34.48,0.1944,1503.0
MN_BG_0075,22.16608,82.93943,Odisha,0,0.1113,0.1422,0.2391,0.2886,0.2776,0.2127,2.1492,1.3048,0.9618,0.09380311956960477,246.41,4.14,312.5,-0.7373,0.6756,10.22,23.37,26.71,Sandstone Sedimentary,22_82,train,37.01,0.1653,1691.6
MN_BG_0076,20.05765,83.84139,Odisha,0,0.0792,0.158,0.2295,0.2661,0.2815,0.2058,2.8961,1.3681,1.0581,0.07384972992387019,311.9,1.71,195.56,-0.2683,-0.9633,18.76,2.08,1.82,Alluvial Quaternary Plains,20_83,test,35.84,0.1644,1648.1
MN_BG_0077,18.84536,84.45088,Odisha,0,0.0918,0.1014,0.2356,0.2877,0.2877,0.2361,2.566,1.2184,1.0,0.09956029130462202,275.45,1.18,0.44,0.0077,1.0,15.05,3.41,6.54,Schist Gneiss Complex,18_84,train,36.88,0.1777,1671.5
MN_BG_0078,18.87547,85.30153,Odisha,0,0.0796,0.1472,0.192,0.4464,0.1809,0.1758,2.4132,1.0295,0.4053,0.39849561639157827,425.09,2.39,350.89,-0.1583,0.9874,14.98,15.36,8.56,Alluvial Quaternary Plains,18_85,train,32.64,0.2155,1804.2
MN_BG_0079,22.20112,86.40362,Odisha,0,0.1035,0.1599,0.1575,0.2436,0.2399,0.1222,1.5225,1.9633,0.9847,0.21465915068773206,157.47,4.93,124.57,0.8235,-0.5674,8.75,25.7,1.5,Alluvial Quaternary Plains,22_86,train,36.87,0.1926,1740.6
MN_BG_0080,18.46514,83.57977,Andhra Pradesh,0,0.1186,0.1161,0.2232,0.4089,0.1658,0.2004,1.881,0.827,0.4054,0.2937821645591448,219.76,5.83,221.98,-0.6688,-0.7434,12.02,11.39,2.84,Schist Gneiss Complex,18_83,validation,35.4,0.1935,1652.1
MN_BG_0081,19.23156,84.12555,Andhra Pradesh,0,0.107,0.149,0.1981,0.372,0.2374,0.1917,1.8516,1.2385,0.6382,0.3050336694726022,280.93,9.7,14.67,0.2533,0.9674,7.61,15.48,7.2,Schist Gneiss Complex,19_84,test,33.02,0.1729,1692.7
MN_BG_0082,20.21297,85.14769,Odisha,0,0.0797,0.1376,0.2293,0.4205,0.2207,0.1252,2.8757,1.7623,0.5249,0.29424393006474286,180.69,1.27,195.29,-0.2637,-0.9646,13.29,8.16,1.5,Sandstone Sedimentary,20_85,train,34.09,0.2293,1749.0
MN_BG_0083,14.09552,75.4552,Karnataka,0,0.0722,0.1672,0.1609,0.441,0.2182,0.2215,2.2281,0.985,0.4949,0.4653589211514851,414.6,7.47,276.38,-0.9938,0.1111,20.92,8.66,7.09,Deccan Basalt Trap,14_75,train,31.66,0.2266,1257.6
MN_BG_0084,19.86116,85.10661,Odisha,0,0.0959,0.1634,0.2186,0.4482,0.1997,0.1631,2.2803,1.2247,0.4457,0.34433061738059784,321.27,3.18,300.96,-0.8575,0.5144,1.0,3.23,11.97,Schist Gneiss Complex,19_85,train,33.86,0.1845,1825.9
MN_BG_0085,18.78241,84.13857,Andhra Pradesh,0,0.0824,0.141,0.1896,0.2359,0.2212,0.1317,2.3013,1.6797,0.9377,0.108812905257567,434.91,0.26,208.59,-0.4785,-0.8781,5.76,12.67,2.99,Schist Gneiss Complex,18_84,train,36.02,0.1454,1744.7
MN_BG_0086,22.17278,78.52077,Madhya Pradesh / Maharashtra,0,0.0953,0.1479,0.1876,0.2745,0.1929,0.226,1.9684,0.8532,0.7025,0.18805412669524635,314.8,0.2,161.56,0.3163,-0.9487,5.87,13.28,1.5,Alluvial Quaternary Plains,22_78,test,38.54,0.1956,1492.7
MN_BG_0087,18.76425,84.70745,Andhra Pradesh,0,0.0752,0.1287,0.1855,0.3593,0.2099,0.184,2.4686,1.1409,0.5844,0.3190155671520427,353.65,8.11,160.69,0.3306,-0.9438,9.2,9.32,1.5,Deccan Basalt Trap,18_84,train,33.99,0.1718,1741.4
MN_BG_0088,20.99675,79.0316,Madhya Pradesh / Maharashtra,0,0.0631,0.1512,0.167,0.2614,0.1724,0.1324,2.6459,1.3021,0.6595,0.22035429422433658,388.05,10.35,143.06,0.601,-0.7992,11.59,7.84,9.27,Deccan Basalt Trap,20_79,validation,35.53,0.1902,1561.6
MN_BG_0089,21.31701,80.73812,Madhya Pradesh / Maharashtra,0,0.0948,0.1203,0.2026,0.2988,0.2345,0.1351,2.137,1.736,0.7848,0.1918624015508545,295.75,5.56,58.46,0.8523,0.5231,10.9,2.04,2.14,Sandstone Sedimentary,21_80,validation,36.24,0.1424,1590.3
MN_BG_0090,21.20849,80.02175,Madhya Pradesh / Maharashtra,0,0.1187,0.1299,0.1421,0.2762,0.2763,0.2238,1.197,1.2349,1.0006,0.32058254701757827,217.09,3.99,286.38,-0.9594,0.2821,9.62,30.11,7.34,Sandstone Sedimentary,21_80,validation,34.88,0.2316,1528.0
MN_BG_0091,19.07489,84.20055,Andhra Pradesh,0,0.0946,0.1279,0.1591,0.3591,0.2045,0.224,1.6814,0.9132,0.5695,0.38595062533650065,266.42,3.68,39.28,0.6331,0.7741,13.39,31.19,4.61,Deccan Basalt Trap,19_84,test,32.97,0.2286,1657.2
MN_BG_0092,22.20463,79.22955,Madhya Pradesh / Maharashtra,0,0.1121,0.1301,0.1756,0.3693,0.206,0.1956,1.5662,1.0529,0.5578,0.3554774169986841,352.48,8.71,136.95,0.6826,-0.7308,16.61,9.54,7.26,Schist Gneiss Complex,22_79,train,33.85,0.2029,1528.0
MN_BG_0093,20.06656,82.56307,Odisha,0,0.0952,0.1135,0.2171,0.3946,0.2301,0.1851,2.28,1.243,0.583,0.29017444797376496,143.24,5.71,171.61,0.1459,-0.9893,12.59,16.49,10.06,Sandstone Sedimentary,20_82,train,34.47,0.1883,1528.7
MN_BG_0094,21.65405,84.35271,Odisha,0,0.1138,0.1057,0.2546,0.3706,0.2132,0.1437,2.2368,1.4841,0.5753,0.18554033022979807,93.29,1.01,59.88,0.865,0.5018,8.12,11.53,5.92,Deccan Basalt Trap,21_84,train,36.49,0.1914,1765.3
MN_BG_0095,16.00994,75.79678,Karnataka,0,0.0949,0.1072,0.2261,0.312,0.2967,0.2188,2.3838,1.3563,0.9512,0.15963545877075122,194.72,5.39,309.39,-0.7728,0.6346,6.34,4.2,12.62,Alluvial Quaternary Plains,16_75,train,35.81,0.162,1168.2
MN_BG_0096,22.2684,79.47641,Madhya Pradesh / Maharashtra,0,0.0652,0.1653,0.1848,0.3411,0.1757,0.1203,2.8337,1.4606,0.5152,0.2972042266510237,336.22,5.94,213.67,-0.5545,-0.8322,17.5,18.94,8.32,Schist Gneiss Complex,22_79,train,34.1,0.2186,1533.3
MN_BG_0097,21.37724,80.58355,Madhya Pradesh / Maharashtra,0,0.1062,0.1445,0.1707,0.2895,0.2625,0.2221,1.6072,1.1816,0.9067,0.2581480700824205,382.6,6.91,276.0,-0.9945,0.1045,7.52,2.0,2.15,Schist Gneiss Complex,21_80,validation,36.06,0.1818,1580.4
MN_BG_0098,20.83782,79.97653,Madhya Pradesh / Maharashtra,0,0.0964,0.1437,0.1678,0.3099,0.2432,0.1796,1.7405,1.3542,0.7848,0.297466406810955,188.52,2.79,154.15,0.436,-0.9,15.06,15.17,9.43,Sandstone Sedimentary,20_79,validation,33.29,0.213,1547.0
MN_BG_0099,18.16691,83.1874,Andhra Pradesh,0,0.1035,0.1463,0.1729,0.2383,0.172,0.2273,1.6711,0.7567,0.7218,0.15904630582124074,237.65,2.16,81.6,0.9893,0.1461,6.15,8.78,1.5,Alluvial Quaternary Plains,18_83,validation,36.61,0.1681,1601.7
MN_BG_0100,18.30383,83.97202,Andhra Pradesh,0,0.1128,0.1521,0.204,0.2946,0.2066,0.2003,1.808,1.0314,0.7014,0.1817084201596066,272.22,10.22,167.47,0.2169,-0.9762,10.18,2.0,6.61,Schist Gneiss Complex,18_83,validation,34.32,0.1535,1721.2
MN_BG_0101,18.93627,85.46702,Odisha,0,0.0721,0.1429,0.1516,0.3236,0.2659,0.1617,2.1039,1.6441,0.8216,0.36195210026914926,388.22,7.03,333.78,-0.4418,0.8971,6.36,2.0,35.0,Schist Gneiss Complex,18_85,train,32.46,0.206,1755.3
MN_BG_0102,18.70194,84.51566,Andhra Pradesh,0,0.0913,0.1499,0.1507,0.3937,0.1779,0.2191,1.6513,0.8118,0.4518,0.44636214848980804,163.36,7.32,13.02,0.2253,0.9743,12.33,4.33,2.44,Deccan Basalt Trap,18_84,train,33.92,0.1993,1672.0
MN_BG_0103,18.5681,86.52892,Odisha,0,0.0932,0.1244,0.1876,0.3229,0.2441,0.1819,2.0127,1.342,0.756,0.26503376095247616,289.45,7.72,357.18,-0.0493,0.9988,6.96,32.01,1.5,Deccan Basalt Trap,18_86,train,34.58,0.158,1753.9
MN_BG_0104,19.79862,86.27529,Odisha,0,0.1121,0.1645,0.2348,0.2901,0.1713,0.1684,2.0949,1.0176,0.5906,0.10535319993674999,331.76,6.81,124.6,0.8232,-0.5678,4.91,44.56,8.19,Alluvial Quaternary Plains,19_86,train,35.4,0.1554,1916.0
MN_BG_0105,21.01204,80.48263,Madhya Pradesh / Maharashtra,0,0.1154,0.139,0.2128,0.3959,0.1845,0.1803,1.8441,1.0231,0.466,0.3008045000747493,194.14,4.28,132.31,0.7395,-0.6732,10.53,6.8,2.99,Deccan Basalt Trap,21_80,validation,34.15,0.2043,1481.5
MN_BG_0106,18.57137,83.1902,Andhra Pradesh,0,0.0984,0.1173,0.2144,0.3695,0.1813,0.1274,2.1772,1.4234,0.4906,0.26562722105288394,294.86,4.56,20.94,0.3574,0.934,14.46,50.0,1.5,Schist Gneiss Complex,18_83,validation,35.03,0.1942,1657.1
MN_BG_0107,16.15593,74.91754,Karnataka,0,0.0685,0.1097,0.1764,0.2432,0.2569,0.1275,2.5737,2.0153,1.0562,0.15919885796268363,304.45,5.21,293.03,-0.9203,0.3912,2.36,11.73,5.99,Sandstone Sedimentary,16_74,test,35.03,0.1594,1254.5
MN_BG_0108,21.00914,80.53919,Madhya Pradesh / Maharashtra,0,0.087,0.1156,0.1841,0.3152,0.2759,0.208,2.1167,1.326,0.875,0.26256706876212943,372.12,3.47,6.91,0.1203,0.9927,1.0,3.61,11.43,Deccan Basalt Trap,21_80,validation,34.37,0.1918,1618.3
MN_BG_0109,18.6959,83.38736,Andhra Pradesh,0,0.0607,0.1193,0.2571,0.4044,0.2943,0.1785,4.2337,1.6486,0.7279,0.22267540033953084,300.76,2.28,163.58,0.2827,-0.9592,3.73,4.71,10.7,Schist Gneiss Complex,18_83,validation,35.01,0.1766,1648.3
MN_BG_0110,14.5149,75.38343,Karnataka,0,0.0876,0.1628,0.2471,0.4397,0.2702,0.1578,2.8212,1.7115,0.6144,0.2804305759601398,286.39,3.38,91.68,0.9996,-0.0293,15.8,22.06,1.5,Schist Gneiss Complex,14_75,train,33.66,0.194,1201.9
MN_BG_0111,18.59992,84.14696,Andhra Pradesh,0,0.0996,0.1716,0.2164,0.3612,0.1693,0.1822,2.1735,0.9293,0.4688,0.2506920867519274,331.4,3.17,184.4,-0.0767,-0.9971,7.58,2.0,10.08,Alluvial Quaternary Plains,18_84,train,36.18,0.1946,1701.6
MN_BG_0112,13.69239,74.23633,Karnataka,0,0.1174,0.159,0.1824,0.2882,0.209,0.213,1.5537,0.9812,0.725,0.22481890178728903,298.1,2.06,62.68,0.8885,0.459,10.65,2.0,8.64,Schist Gneiss Complex,13_74,validation,35.26,0.1782,1137.2
MN_BG_0113,18.34456,83.0377,Andhra Pradesh,0,0.0649,0.1774,0.1755,0.3969,0.2475,0.1658,2.7021,1.4922,0.6234,0.38679177709333135,260.96,4.45,221.4,-0.6614,-0.7501,11.07,9.07,1.5,Deccan Basalt Trap,18_83,validation,31.59,0.2267,1663.3
MN_BG_0114,22.07794,79.17349,Madhya Pradesh / Maharashtra,0,0.1188,0.1482,0.2099,0.3921,0.2736,0.1988,1.7668,1.3766,0.698,0.3026573045559725,400.22,4.11,334.11,-0.4366,0.8996,5.14,3.05,3.72,Sandstone Sedimentary,22_79,train,33.76,0.1718,1668.9
MN_BG_0115,21.50305,79.90976,Madhya Pradesh / Maharashtra,0,0.1166,0.1193,0.1546,0.2654,0.2842,0.1975,1.3259,1.4388,1.0706,0.26380889569310556,367.44,3.45,310.09,-0.765,0.644,11.85,7.41,14.76,Schist Gneiss Complex,21_79,train,33.7,0.2133,1554.5
MN_BG_0116,14.36416,76.45956,Karnataka,0,0.0762,0.1432,0.2274,0.2448,0.2559,0.131,2.9852,1.9534,1.0454,0.036848714848126116,216.77,5.16,54.24,0.8115,0.5843,10.65,5.03,4.27,Alluvial Quaternary Plains,14_76,validation,38.17,0.1478,1167.2
MN_BG_0117,21.32238,85.13134,Odisha,0,0.0664,0.1121,0.1513,0.3527,0.2828,0.1721,2.2794,1.6436,0.8017,0.3996023817413061,308.56,1.58,292.23,-0.9257,0.3783,10.66,3.91,1.72,Schist Gneiss Complex,21_85,test,32.28,0.2369,1786.4
MN_BG_0118,21.8521,79.21514,Madhya Pradesh / Maharashtra,0,0.1045,0.1652,0.2138,0.3782,0.2125,0.1846,2.0451,1.1511,0.5619,0.27770223361109186,320.75,8.79,302.39,-0.8444,0.5356,8.83,21.45,1.5,Alluvial Quaternary Plains,21_79,train,34.24,0.1939,1655.1
MN_BG_0119,18.65267,83.22449,Andhra Pradesh,0,0.0831,0.1515,0.2336,0.27,0.1793,0.1996,2.8109,0.8984,0.6642,0.07227944344828546,252.54,1.66,144.84,0.5759,-0.8175,8.62,15.42,1.5,Deccan Basalt Trap,18_83,validation,37.45,0.1837,1595.4
MN_BG_0120,15.39795,74.35841,Karnataka,0,0.0892,0.1479,0.2123,0.2253,0.2051,0.1964,2.3797,1.0444,0.9104,0.02970742754244166,386.78,6.57,268.53,-0.9997,-0.0256,5.23,48.19,1.88,Schist Gneiss Complex,15_74,train,37.37,0.144,1288.2
MN_BG_0121,18.67639,83.67223,Andhra Pradesh,0,0.0673,0.1588,0.1683,0.3054,0.1688,0.2162,2.4992,0.7807,0.5525,0.2894230748932343,359.58,7.85,107.8,0.9521,-0.3057,10.32,8.23,1.57,Sandstone Sedimentary,18_83,validation,32.89,0.1589,1765.1
MN_BG_0122,22.3858,80.21861,Madhya Pradesh / Maharashtra,0,0.1044,0.176,0.1644,0.3501,0.2972,0.1398,1.5743,2.125,0.8488,0.36093224308601934,192.65,7.35,211.13,-0.517,-0.856,15.2,14.35,21.23,Sandstone Sedimentary,22_80,train,33.79,0.1897,1525.1
MN_BG_0123,18.43577,86.16673,Odisha,0,0.0735,0.1302,0.1954,0.3306,0.2209,0.2325,2.6574,0.9503,0.6682,0.2570337318750345,371.83,9.48,17.94,0.3081,0.9514,7.4,30.71,5.11,Alluvial Quaternary Plains,18_86,train,33.78,0.1614,1827.0
MN_BG_0124,21.25239,78.60257,Madhya Pradesh / Maharashtra,0,0.0622,0.1221,0.1731,0.401,0.2965,0.1645,2.7835,1.8018,0.7393,0.39696847767204724,200.06,8.68,96.53,0.9935,-0.1137,7.54,2.04,15.34,Sandstone Sedimentary,21_78,train,33.02,0.2049,1530.5
MN_BG_0125,18.80561,84.01159,Andhra Pradesh,0,0.0808,0.1252,0.2326,0.2399,0.1931,0.2079,2.8806,0.9291,0.8052,0.015449702751951849,194.32,5.61,317.57,-0.6747,0.7381,13.14,18.6,7.83,Alluvial Quaternary Plains,18_84,train,39.46,0.1447,1632.6
MN_BG_0126,22.36728,78.83342,Madhya Pradesh / Maharashtra,0,0.1035,0.1153,0.1806,0.291,0.2926,0.2361,1.7447,1.2393,1.0054,0.23409619572477575,256.08,3.38,31.98,0.5297,0.8482,15.02,13.81,6.3,Schist Gneiss Complex,22_78,test,35.56,0.1838,1500.3
MN_BG_0127,19.15512,84.2371,Odisha,0,0.0926,0.1633,0.2059,0.361,0.1917,0.2216,2.2242,0.8648,0.531,0.2735927437065731,191.42,4.55,239.11,-0.8581,-0.5134,7.7,23.76,4.93,Sandstone Sedimentary,19_84,test,33.98,0.1948,1639.6
MN_BG_0128,21.26494,80.31003,Madhya Pradesh / Maharashtra,0,0.0667,0.1285,0.2574,0.4026,0.2296,0.1608,3.8576,1.4282,0.5703,0.2199996666671717,277.25,5.59,273.03,-0.9986,0.0529,12.76,16.83,1.5,Schist Gneiss Complex,21_80,validation,35.98,0.1703,1515.6
MN_BG_0129,20.97044,83.19497,Odisha,0,0.0753,0.1757,0.2072,0.3927,0.2381,0.1863,2.7508,1.2781,0.6064,0.3092176875851182,265.84,3.11,101.68,0.9793,-0.2024,13.56,5.58,4.81,Sandstone Sedimentary,20_83,test,35.92,0.2015,1652.0
MN_BG_0130,20.94945,79.51447,Madhya Pradesh / Maharashtra,0,0.0717,0.1149,0.1513,0.302,0.266,0.1532,2.1089,1.7369,0.8808,0.3324501821085769,248.32,8.35,70.5,0.9427,0.3338,2.98,27.27,5.87,Schist Gneiss Complex,20_79,validation,34.86,0.1658,1454.0
MN_BG_0131,18.72517,83.29886,Andhra Pradesh,0,0.0968,0.129,0.2477,0.2588,0.231,0.1918,2.5582,1.2045,0.8924,0.021915060384875788,281.53,4.23,263.75,-0.9941,-0.1089,6.3,19.23,27.48,Sandstone Sedimentary,18_83,validation,36.28,0.1225,1648.0
MN_BG_0132,18.15294,84.33151,Andhra Pradesh,0,0.0792,0.1791,0.1982,0.2482,0.2615,0.1588,2.5037,1.6473,1.0539,0.11200691754722776,374.99,2.61,247.27,-0.9223,-0.3864,9.95,2.0,1.5,Schist Gneiss Complex,18_84,train,35.48,0.1452,1679.6
MN_BG_0133,21.1356,79.37176,Madhya Pradesh / Maharashtra,0,0.1184,0.1269,0.1756,0.4312,0.1755,0.2111,1.4828,0.8312,0.407,0.42122540997790053,170.49,8.45,91.56,0.9996,-0.0272,9.04,8.94,2.24,Schist Gneiss Complex,21_79,train,34.42,0.1975,1489.6
MN_BG_0134,18.11333,84.29434,Andhra Pradesh,0,0.0852,0.1724,0.2288,0.264,0.2459,0.1723,2.6847,1.4276,0.9316,0.0714284264845242,300.15,9.95,290.23,-0.9383,0.3458,10.55,22.27,2.34,Alluvial Quaternary Plains,18_84,train,36.2,0.1472,1615.5
MN_BG_0135,18.96108,83.19142,Andhra Pradesh,0,0.0789,0.1003,0.2218,0.2584,0.2517,0.239,2.8113,1.0533,0.9741,0.07621808367746011,368.11,4.07,77.59,0.9766,0.2149,6.12,17.28,4.2,Schist Gneiss Complex,18_83,validation,36.73,0.1344,1691.6
MN_BG_0136,22.24577,79.03536,Madhya Pradesh / Maharashtra,0,0.1084,0.1047,0.2479,0.3697,0.2824,0.12,2.2856,2.3528,0.7639,0.1972147065824051,272.69,4.06,136.62,0.6868,-0.7268,3.95,3.09,3.85,Deccan Basalt Trap,22_79,train,36.2,0.2126,1559.5
MN_BG_0137,14.61446,76.60706,Karnataka,0,0.0887,0.1014,0.1906,0.2263,0.2953,0.1353,2.1474,2.1824,1.3051,0.08563184065281688,338.68,7.85,302.21,-0.8461,0.533,8.66,9.83,7.92,Alluvial Quaternary Plains,14_76,validation,35.5,0.1474,1193.4
MN_BG_0138,18.82562,83.80972,Andhra Pradesh,0,0.0731,0.1096,0.1482,0.2806,0.1665,0.1881,2.0272,0.8851,0.5933,0.30876793664193886,303.89,7.69,26.73,0.4497,0.8932,6.29,3.08,10.48,Alluvial Quaternary Plains,18_83,validation,33.88,0.1901,1696.1
MN_BG_0139,18.08384,84.57903,Andhra Pradesh,0,0.1126,0.1264,0.1808,0.4475,0.2477,0.1838,1.6056,1.3478,0.5535,0.42447807659067877,244.57,7.59,154.51,0.4304,-0.9026,11.91,10.22,8.6,Schist Gneiss Complex,18_84,train,30.24,0.2059,1733.6
MN_BG_0140,18.28629,83.87907,Andhra Pradesh,0,0.1043,0.142,0.1439,0.4198,0.1691,0.2347,1.3804,0.7203,0.4027,0.48944387183985844,228.39,1.84,122.69,0.8416,-0.5401,8.06,2.16,1.5,Alluvial Quaternary Plains,18_83,validation,31.34,0.2598,1590.8
MN_BG_0141,14.70216,76.56641,Karnataka,0,0.0984,0.1541,0.1558,0.2739,0.2701,0.2365,1.5837,1.1423,0.9864,0.2748422740463718,209.36,2.41,170.24,0.1695,-0.9855,12.13,2.0,1.5,Deccan Basalt Trap,14_76,validation,34.48,0.1955,1313.1
MN_BG_0142,22.25181,79.04937,Madhya Pradesh / Maharashtra,0,0.0882,0.136,0.1968,0.3632,0.2258,0.1737,2.2313,1.2998,0.6216,0.29714232653155975,270.61,12.65,193.32,-0.2304,-0.9731,5.69,23.1,1.5,Schist Gneiss Complex,22_79,train,33.39,0.1686,1540.8
MN_BG_0143,15.7786,75.05472,Karnataka,0,0.0878,0.1351,0.1662,0.3113,0.1662,0.1533,1.8938,1.084,0.534,0.30387370916500706,237.73,7.76,294.55,-0.9096,0.4156,12.65,10.26,1.5,Schist Gneiss Complex,15_75,test,35.53,0.2307,1169.5
MN_BG_0144,13.6211,75.55179,Karnataka,0,0.1158,0.1132,0.1868,0.3879,0.2835,0.2005,1.6135,1.4139,0.731,0.3499210894012713,297.77,7.72,106.82,0.9572,-0.2894,3.84,15.21,24.64,Alluvial Quaternary Plains,13_75,train,32.11,0.1924,1199.0
MN_BG_0145,19.12174,83.00379,Andhra Pradesh,0,0.1031,0.1664,0.1449,0.4205,0.1959,0.1998,1.4057,0.9805,0.466,0.48744165645267684,342.91,8.46,33.22,0.5479,0.8365,13.03,27.67,4.14,Sandstone Sedimentary,19_83,train,31.23,0.2479,1687.7
MN_BG_0146,15.5246,75.43803,Karnataka,0,0.0988,0.1517,0.2466,0.3577,0.2303,0.1367,2.4964,1.6851,0.6438,0.18384877734771246,487.92,6.55,266.75,-0.9984,-0.0566,4.2,9.06,14.13,Deccan Basalt Trap,15_75,test,34.38,0.1512,1304.4
MN_BG_0147,19.06602,84.25079,Andhra Pradesh,0,0.0919,0.1359,0.1501,0.3119,0.2874,0.217,1.6327,1.3247,0.9216,0.3502156921738265,274.28,0.74,294.02,-0.9134,0.4071,7.83,22.91,4.14,Alluvial Quaternary Plains,19_84,test,34.76,0.2218,1717.8
MN_BG_0148,14.96484,76.78523,Karnataka,0,0.0954,0.1181,0.1861,0.3235,0.2411,0.2111,1.9505,1.142,0.7452,0.2696227048220078,231.71,4.97,189.29,-0.1615,-0.9869,7.12,8.6,1.5,Sandstone Sedimentary,14_76,validation,33.49,0.2156,1219.3
MN_BG_0149,18.05821,84.37143,Andhra Pradesh,0,0.1168,0.1272,0.2021,0.3071,0.1609,0.1663,1.73,0.9677,0.524,0.20620540808050256,329.28,9.18,36.45,0.5942,0.8043,8.93,22.12,6.94,Deccan Basalt Trap,18_84,train,35.92,0.1528,1705.7
MN_BG_0150,18.64209,83.21965,Odisha,0,0.1183,0.1183,0.2573,0.3423,0.179,0.1319,2.1745,1.357,0.5229,0.1417609376902307,397.7,0.2,112.75,0.9222,-0.3868,2.7,2.0,5.35,Deccan Basalt Trap,18_83,validation,35.42,0.2004,1618.3
MN_BG_0151,21.70902,84.09271,Odisha,0,0.0825,0.1379,0.1933,0.4488,0.2364,0.1306,2.3433,1.81,0.5266,0.397912477943501,193.23,6.19,11.14,0.1932,0.9812,8.43,9.12,1.5,Alluvial Quaternary Plains,21_84,train,32.8,0.2249,1706.0
MN_BG_0152,15.76408,75.26856,Karnataka,0,0.1096,0.1567,0.1613,0.3367,0.2548,0.1482,1.4712,1.7195,0.7568,0.35220812809612834,325.75,5.71,59.49,0.8615,0.5077,13.54,10.5,35.0,Alluvial Quaternary Plains,15_75,test,33.53,0.2026,1200.7
MN_BG_0153,15.70524,74.82193,Karnataka,0,0.1069,0.1588,0.1761,0.2949,0.271,0.1754,1.6463,1.545,0.9187,0.252228763845512,227.55,6.56,306.92,-0.7995,0.6007,10.6,2.0,7.19,Deccan Basalt Trap,15_74,train,35.06,0.1926,1152.6
MN_BG_0154,14.45434,75.5754,Karnataka,0,0.0623,0.1597,0.2059,0.2333,0.2553,0.176,3.3063,1.4505,1.0944,0.0623860146037919,314.43,5.26,33.72,0.5552,0.8317,11.11,16.86,5.42,Sandstone Sedimentary,14_75,train,36.17,0.161,1280.7
MN_BG_0155,22.01888,79.38904,Madhya Pradesh / Maharashtra,0,0.0907,0.1394,0.2093,0.4191,0.2973,0.1689,2.3079,1.7601,0.7094,0.3338632497402136,336.9,7.14,206.47,-0.4457,-0.8952,13.16,26.83,1.5,Deccan Basalt Trap,22_79,train,33.63,0.2109,1604.9
MN_BG_0156,14.71046,75.7313,Karnataka,0,0.0976,0.1741,0.1423,0.3297,0.2563,0.2067,1.458,1.2397,0.7774,0.3970330571333535,271.6,2.88,107.78,0.9522,-0.3054,10.13,5.33,13.05,Schist Gneiss Complex,14_75,train,32.57,0.2038,1249.6
MN_BG_0157,14.0689,77.07234,Karnataka,0,0.0605,0.1798,0.2212,0.4105,0.2012,0.1217,3.6545,1.6534,0.4902,0.299667089334986,355.26,6.75,266.57,-0.9982,-0.0598,10.19,17.58,8.6,Sandstone Sedimentary,14_77,train,33.65,0.1816,1249.8
MN_BG_0158,21.75287,85.1385,Odisha,0,0.0653,0.139,0.1493,0.3137,0.217,0.1279,2.286,1.6963,0.6916,0.35507482705220944,236.55,2.82,290.96,-0.9338,0.3578,7.27,35.41,1.5,Alluvial Quaternary Plains,21_85,test,34.39,0.2118,1759.8
MN_BG_0159,14.91096,75.0987,Karnataka,0,0.0646,0.14,0.2353,0.3826,0.167,0.1287,3.6423,1.2973,0.4365,0.2383877028844426,145.32,2.91,83.66,0.9939,0.1105,11.99,31.78,4.15,Sandstone Sedimentary,14_75,train,36.75,0.1931,1208.1
MN_BG_0160,21.31439,79.59581,Madhya Pradesh / Maharashtra,0,0.0736,0.1512,0.2575,0.3588,0.2101,0.1977,3.5001,1.0625,0.5855,0.16436773589528492,233.31,0.2,210.91,-0.5137,-0.858,9.24,11.76,1.5,Schist Gneiss Complex,21_79,train,35.16,0.194,1521.1
MN_BG_0161,21.18709,80.14209,Madhya Pradesh / Maharashtra,0,0.1094,0.1643,0.2063,0.3396,0.18,0.213,1.8866,0.8449,0.53,0.24418346916382272,287.7,0.2,102.34,0.9769,-0.2137,9.84,2.0,11.05,Sandstone Sedimentary,21_80,validation,36.6,0.2055,1660.2
MN_BG_0162,18.20057,84.69786,Odisha,0,0.0628,0.1221,0.2248,0.2344,0.2775,0.1205,3.5795,2.3037,1.1838,0.020905877818210322,204.73,7.68,113.86,0.9146,-0.4045,5.03,2.0,3.57,Sandstone Sedimentary,18_84,train,36.34,0.1027,1689.8
MN_BG_0163,21.73939,83.8474,Odisha,0,0.1073,0.1713,0.1921,0.4293,0.2128,0.2357,1.7893,0.903,0.4958,0.38171808542310043,313.88,3.45,177.77,0.0389,-0.9992,14.78,14.6,1.5,Sandstone Sedimentary,21_83,train,33.0,0.2324,1751.4
MN_BG_0164,21.19479,85.36546,Odisha,0,0.118,0.1609,0.2541,0.3816,0.2017,0.1326,2.154,1.5208,0.5287,0.2005659893566315,170.47,7.05,17.35,0.2982,0.9545,13.32,5.36,25.14,Schist Gneiss Complex,21_85,test,36.53,0.1819,1736.1
MN_BG_0165,18.56255,83.82386,Andhra Pradesh,0,0.0725,0.1295,0.1844,0.232,0.2675,0.17,2.5419,1.5735,1.1526,0.11431288589604734,319.41,6.1,76.32,0.9716,0.2365,7.02,25.46,1.94,Alluvial Quaternary Plains,18_83,validation,36.39,0.1592,1686.1
MN_BG_0166,15.14093,75.0859,Karnataka,0,0.0682,0.1521,0.2286,0.2926,0.2503,0.1674,3.3525,1.4949,0.8554,0.12279331774114022,479.34,2.5,320.48,-0.6364,0.7714,11.05,4.07,3.67,Alluvial Quaternary Plains,15_75,test,34.54,0.1855,1267.6
MN_BG_0167,18.66835,84.71821,Odisha,0,0.0761,0.1668,0.1418,0.3072,0.2072,0.1223,1.8639,1.6941,0.6746,0.3683733443800793,269.43,2.22,177.43,0.0448,-0.999,11.62,10.85,1.5,Sandstone Sedimentary,18_84,train,33.23,0.2374,1736.9
MN_BG_0168,22.2467,84.73184,Odisha,0,0.1007,0.1249,0.2329,0.3978,0.233,0.2371,2.3137,0.9825,0.5857,0.2614551110589645,80.0,7.22,43.27,0.6855,0.7281,10.87,3.7,1.5,Alluvial Quaternary Plains,22_84,train,35.47,0.19,1753.9
MN_BG_0169,21.4472,84.72723,Odisha,0,0.0809,0.1297,0.1402,0.289,0.2505,0.2369,1.7328,1.0574,0.8669,0.34669071134503415,305.6,5.93,280.94,-0.9818,0.1897,1.0,4.33,1.5,Alluvial Quaternary Plains,21_84,train,33.1,0.1955,1738.3
MN_BG_0170,19.23574,84.58153,Odisha,0,0.1048,0.1379,0.1469,0.4403,0.292,0.2142,1.4015,1.363,0.6632,0.4996585496278105,205.73,5.26,346.6,-0.2318,0.9728,9.42,2.0,3.64,Sandstone Sedimentary,19_84,test,32.88,0.216,1628.0
MN_BG_0171,21.11333,78.82385,Madhya Pradesh / Maharashtra,0,0.0973,0.1625,0.2094,0.2538,0.2736,0.1963,2.1511,1.3935,1.0778,0.09585471533956105,432.25,2.15,93.57,0.9981,-0.0622,11.05,4.12,5.08,Sandstone Sedimentary,21_78,train,36.16,0.1711,1463.0
MN_BG_0172,15.41085,74.38661,Karnataka,0,0.0688,0.1006,0.2157,0.323,0.1788,0.235,3.1335,0.761,0.5536,0.19918284911295878,268.69,0.38,180.22,-0.0038,-1.0,9.24,13.66,1.5,Deccan Basalt Trap,15_74,train,34.74,0.1948,1197.5
MN_BG_0173,22.09114,79.55723,Madhya Pradesh / Maharashtra,0,0.0928,0.1346,0.1453,0.2581,0.2224,0.1451,1.5655,1.5325,0.8615,0.2796225096120238,251.37,6.97,345.83,-0.2449,0.9696,8.69,3.61,4.6,Sandstone Sedimentary,22_79,train,35.42,0.1899,1485.2
MN_BG_0174,13.69732,76.06703,Karnataka,0,0.1189,0.1152,0.2351,0.4288,0.2921,0.2352,1.9779,1.2419,0.6812,0.29176036788617576,319.87,6.48,272.63,-0.9989,0.0459,8.58,2.12,5.18,Schist Gneiss Complex,13_76,train,34.08,0.1709,1137.0
MN_BG_0175,18.32154,84.15311,Andhra Pradesh,0,0.1,0.113,0.2078,0.3975,0.2298,0.1215,2.0782,1.8925,0.5783,0.31339779712903165,177.46,7.01,115.8,0.9003,-0.4352,10.38,2.0,4.48,Alluvial Quaternary Plains,18_84,train,35.2,0.1786,1657.9
MN_BG_0176,20.21974,85.34847,Odisha,0,0.0671,0.1231,0.1877,0.4315,0.2991,0.1254,2.7975,2.385,0.6931,0.3937332142551449,354.27,3.25,141.28,0.6254,-0.7803,13.79,16.84,20.05,Alluvial Quaternary Plains,20_85,train,33.19,0.2448,1906.3
MN_BG_0177,15.05823,75.27136,Karnataka,0,0.1073,0.1201,0.2077,0.3025,0.2519,0.1488,1.9364,1.6925,0.8329,0.1858091222870986,291.28,2.34,79.51,0.9833,0.1821,9.36,3.98,24.04,Alluvial Quaternary Plains,15_75,test,34.65,0.1815,1215.1
MN_BG_0178,18.5676,84.04416,Andhra Pradesh,0,0.091,0.1607,0.1739,0.3012,0.2852,0.2336,1.9109,1.2209,0.9468,0.26794302685113275,272.95,4.63,280.93,-0.9819,0.1896,12.19,7.76,5.51,Schist Gneiss Complex,18_84,train,34.13,0.2052,1711.6
MN_BG_0179,20.68275,83.30038,Odisha,0,0.0799,0.1684,0.1648,0.2364,0.1697,0.2329,2.0633,0.7285,0.7178,0.17846416135553003,80.0,5.8,291.92,-0.9277,0.3733,6.59,14.2,11.8,Deccan Basalt Trap,20_83,test,37.4,0.166,1618.9
MN_BG_0180,18.19707,84.57659,Andhra Pradesh,0,0.0923,0.1226,0.191,0.2286,0.1779,0.2119,2.0686,0.8397,0.7781,0.0896089380149237,376.2,3.17,350.31,-0.1683,0.9857,8.64,3.08,2.9,Alluvial Quaternary Plains,18_84,train,36.62,0.1577,1722.1
MN_BG_0181,18.29954,83.00265,Andhra Pradesh,0,0.1038,0.1773,0.1669,0.3725,0.2639,0.2218,1.6086,1.1896,0.7084,0.3811635499378014,134.68,3.17,117.11,0.8902,-0.4556,11.95,2.41,3.71,Sandstone Sedimentary,18_83,validation,33.95,0.2388,1614.6
MN_BG_0182,15.67807,77.15458,Karnataka,0,0.1053,0.1315,0.2109,0.372,0.171,0.1853,2.0035,0.9225,0.4596,0.2763762628645344,342.17,2.71,281.03,-0.9815,0.1913,10.59,10.52,24.33,Deccan Basalt Trap,15_77,train,34.07,0.1942,1317.2
MN_BG_0183,21.22452,79.88357,Madhya Pradesh / Maharashtra,0,0.0778,0.1572,0.2311,0.2436,0.2319,0.1811,2.9704,1.281,0.9522,0.026332365004497593,344.61,4.65,297.9,-0.8837,0.468,12.83,7.43,20.31,Sandstone Sedimentary,21_79,train,38.22,0.1438,1576.9
MN_BG_0184,18.3296,82.72315,Odisha,0,0.0685,0.1171,0.2198,0.2562,0.1766,0.2118,3.2076,0.8341,0.6895,0.07647042758313531,379.6,3.07,197.75,-0.3049,-0.9524,16.0,4.49,5.27,Schist Gneiss Complex,18_82,train,35.81,0.1551,1661.5
MN_BG_0185,18.50341,84.63183,Andhra Pradesh,0,0.061,0.1626,0.1549,0.4034,0.2462,0.2212,2.5412,1.1132,0.6103,0.4451004028292981,301.85,2.5,180.39,-0.0068,-1.0,9.73,9.34,4.49,Alluvial Quaternary Plains,18_84,train,32.73,0.2324,1679.1
MN_BG_0186,14.80211,74.55548,Karnataka,0,0.1177,0.1572,0.2543,0.2721,0.2831,0.2171,2.1607,1.3043,1.0403,0.03381452542833312,455.82,8.36,113.96,0.9138,-0.4061,14.47,20.34,5.57,Schist Gneiss Complex,14_74,train,36.06,0.128,1280.2
MN_BG_0187,14.34473,77.00589,Karnataka,0,0.111,0.1786,0.2154,0.2769,0.1828,0.1424,1.9394,1.2834,0.6601,0.12492357317982287,285.08,4.48,68.91,0.933,0.3598,11.21,6.76,16.83,Alluvial Quaternary Plains,14_77,train,35.88,0.1663,1269.1
MN_BG_0188,21.49243,80.07652,Madhya Pradesh / Maharashtra,0,0.0799,0.1045,0.1849,0.4372,0.2498,0.2006,2.3124,1.2456,0.5714,0.4055611548607058,277.64,1.64,150.6,0.4909,-0.8712,10.58,16.68,1.5,Alluvial Quaternary Plains,21_80,validation,33.9,0.2269,1521.5
MN_BG_0189,18.35921,83.77763,Andhra Pradesh,0,0.1188,0.1054,0.2022,0.2613,0.2959,0.1336,1.7021,2.2148,1.1326,0.12750781551711862,426.22,3.36,253.64,-0.9595,-0.2817,1.12,6.08,2.46,Deccan Basalt Trap,18_83,validation,36.07,0.1762,1735.5
MN_BG_0190,21.57286,79.11763,Madhya Pradesh / Maharashtra,0,0.0772,0.1525,0.2562,0.3588,0.1708,0.1291,3.3169,1.3231,0.4759,0.16682899702602114,206.34,4.95,33.14,0.5467,0.8373,9.24,10.97,7.82,Sandstone Sedimentary,21_79,train,36.93,0.1552,1448.5
MN_BG_0191,21.22784,78.53475,Madhya Pradesh / Maharashtra,0,0.1179,0.1201,0.2211,0.3825,0.2454,0.1575,1.8755,1.5576,0.6415,0.2673951832419098,349.0,0.59,311.79,-0.7455,0.6665,10.71,2.72,7.09,Deccan Basalt Trap,21_78,train,35.32,0.2047,1507.0
MN_BG_0192,21.88818,79.43875,Madhya Pradesh / Maharashtra,0,0.0609,0.1466,0.1704,0.3236,0.2941,0.1679,2.7964,1.7516,0.9088,0.3101208297149196,320.65,4.04,242.09,-0.8836,-0.4681,10.18,45.27,1.5,Deccan Basalt Trap,21_79,train,33.96,0.1977,1549.3
MN_BG_0193,14.67067,74.47788,Karnataka,0,0.1049,0.1732,0.1921,0.2795,0.2208,0.2068,1.831,1.0677,0.79,0.18532615494878094,291.42,4.94,220.79,-0.6532,-0.7572,3.33,15.02,1.5,Alluvial Quaternary Plains,14_74,train,35.85,0.1885,1220.8
MN_BG_0194,21.88537,85.67651,Odisha,0,0.0608,0.1199,0.1657,0.2823,0.1947,0.1275,2.7246,1.5267,0.6896,0.2602672761891157,352.07,10.32,218.42,-0.6215,-0.7834,7.3,13.41,1.5,Schist Gneiss Complex,21_85,test,34.12,0.1714,1862.7
MN_BG_0195,15.76393,76.61527,Karnataka,0,0.1094,0.1746,0.2053,0.2661,0.2463,0.2091,1.877,1.1779,0.9259,0.1289772401840471,303.89,10.34,24.65,0.417,0.9089,11.23,10.54,6.18,Alluvial Quaternary Plains,15_76,test,36.22,0.1589,1293.2
MN_BG_0196,18.47898,84.61162,Andhra Pradesh,0,0.1,0.163,0.1945,0.365,0.1948,0.2047,1.9454,0.9517,0.5337,0.30473582710307934,271.16,0.35,233.76,-0.8065,-0.5912,1.0,33.04,1.5,Deccan Basalt Trap,18_84,train,34.04,0.1845,1733.8
MN_BG_0197,14.28943,75.53176,Karnataka,0,0.0613,0.1241,0.2003,0.2329,0.2288,0.2313,3.267,0.9892,0.9821,0.0752537505684428,312.69,4.07,147.48,0.5376,-0.8432,3.47,2.08,1.5,Alluvial Quaternary Plains,14_75,train,36.57,0.1498,1281.7
MN_BG_0198,18.97972,85.35614,Odisha,0,0.1129,0.1651,0.2222,0.2454,0.2005,0.1572,1.9682,1.2755,0.817,0.04961494949754171,363.19,5.5,192.8,-0.2215,-0.9752,1.86,5.3,3.49,Schist Gneiss Complex,18_85,train,37.2,0.1469,1797.8
MN_BG_0199,19.02608,83.55403,Andhra Pradesh,0,0.1148,0.1762,0.1792,0.3015,0.2308,0.2329,1.5607,0.9908,0.7654,0.25442010730162823,385.84,0.2,181.13,-0.0197,-0.9998,9.97,13.56,14.56,Sandstone Sedimentary,19_83,train,33.49,0.2065,1701.0
MN_BG_0200,18.97286,83.79058,Andhra Pradesh,0,0.0966,0.1128,0.2208,0.2612,0.2572,0.1476,2.2853,1.7428,0.9844,0.08381725349117532,261.78,5.54,58.09,0.8489,0.5286,15.48,2.0,1.5,Sandstone Sedimentary,18_83,validation,38.54,0.1705,1607.6
MN_BG_0201,21.63076,79.89783,Madhya Pradesh / Maharashtra,0,0.0747,0.1046,0.1869,0.2739,0.1907,0.2352,2.5016,0.811,0.6965,0.1888016736074791,381.92,11.47,149.68,0.5048,-0.8632,13.87,14.31,9.69,Alluvial Quaternary Plains,21_79,train,34.25,0.1475,1538.8
MN_BG_0202,20.30047,84.27142,Odisha,0,0.1122,0.1505,0.2039,0.2465,0.2448,0.1341,1.8168,1.8259,0.9929,0.09458238325403362,80.24,2.51,249.15,-0.9345,-0.356,6.87,2.77,3.98,Alluvial Quaternary Plains,20_84,test,36.82,0.18,1637.6
MN_BG_0203,14.05165,75.72342,Karnataka,0,0.0852,0.1014,0.2351,0.2359,0.2264,0.1873,2.7611,1.2088,0.9598,0.001698510194245862,421.78,8.19,91.18,0.9998,-0.0206,13.48,20.67,14.83,Sandstone Sedimentary,14_75,train,37.69,0.1597,1233.8
MN_BG_0204,18.43372,84.4248,Andhra Pradesh,0,0.0871,0.1147,0.2426,0.423,0.2253,0.1291,2.786,1.7452,0.5326,0.27103324664476164,301.88,8.91,324.64,-0.5787,0.8155,6.67,2.73,1.5,Deccan Basalt Trap,18_84,train,35.01,0.1697,1690.0
MN_BG_0205,19.10231,83.98205,Andhra Pradesh,0,0.1189,0.136,0.2016,0.4475,0.1924,0.2331,1.6955,0.8254,0.43,0.3788316456144729,283.97,3.49,25.2,0.4258,0.9048,11.32,14.72,3.75,Schist Gneiss Complex,19_83,train,33.71,0.2158,1688.2
MN_BG_0206,18.05892,83.6299,Andhra Pradesh,0,0.1158,0.1303,0.2398,0.4137,0.2123,0.1958,2.0712,1.0838,0.513,0.2661051781099034,424.08,5.51,153.39,0.448,-0.894,6.18,9.53,5.89,Deccan Basalt Trap,18_83,validation,34.25,0.2072,1721.8
MN_BG_0207,15.32918,76.47551,Karnataka,0,0.0609,0.1166,0.2256,0.3089,0.2527,0.1616,3.7055,1.5637,0.8182,0.15584629402002992,191.07,4.14,92.96,0.9987,-0.0517,3.45,17.86,15.32,Alluvial Quaternary Plains,15_76,test,36.23,0.1869,1236.7
MN_BG_0208,22.01323,79.20588,Madhya Pradesh / Maharashtra,0,0.0849,0.157,0.1863,0.3554,0.186,0.192,2.1949,0.9686,0.5233,0.3121648289369966,469.08,8.03,200.85,-0.356,-0.9345,11.94,10.54,1.5,Sandstone Sedimentary,22_79,train,32.39,0.1847,1615.6
MN_BG_0209,21.52124,80.70455,Madhya Pradesh / Maharashtra,0,0.0859,0.1439,0.204,0.3665,0.2648,0.147,2.3757,1.801,0.7225,0.2848373622482695,406.77,5.54,166.72,0.2297,-0.9733,12.09,20.83,1.5,Alluvial Quaternary Plains,21_80,validation,33.82,0.1891,1632.4
MN_BG_0210,15.71845,75.58457,Karnataka,0,0.119,0.1629,0.2328,0.392,0.1811,0.1461,1.9566,1.2397,0.4619,0.2548011286793715,174.23,0.2,149.49,0.5077,-0.8615,7.46,26.32,13.91,Schist Gneiss Complex,15_75,test,34.62,0.1986,1112.8
MN_BG_0211,19.11556,84.41079,Andhra Pradesh,0,0.0857,0.1161,0.2017,0.3893,0.2211,0.2,2.3525,1.1054,0.5679,0.31742755088400865,311.06,4.05,292.58,-0.9234,0.3839,18.3,4.35,3.06,Sandstone Sedimentary,19_84,test,34.58,0.1938,1672.4
MN_BG_0212,19.15922,84.52852,Andhra Pradesh,0,0.0844,0.1011,0.1496,0.2918,0.1622,0.1221,1.7736,1.3289,0.5559,0.3221560440506478,184.13,5.92,111.22,0.9322,-0.362,10.44,2.0,5.73,Deccan Basalt Trap,19_84,test,34.32,0.1868,1669.9
MN_BG_0213,16.03372,75.44445,Karnataka,0,0.0841,0.1312,0.1483,0.3668,0.2626,0.2011,1.7627,1.3057,0.7159,0.4241886542639211,311.04,1.98,205.01,-0.4228,-0.9062,7.24,5.57,7.71,Sandstone Sedimentary,16_75,train,31.73,0.2186,1195.1
MN_BG_0214,14.76707,75.52918,Karnataka,0,0.0896,0.1689,0.1953,0.4362,0.2306,0.2339,2.1789,0.9857,0.5286,0.3814720800125415,376.25,3.89,310.91,-0.7557,0.6549,12.73,2.0,20.73,Schist Gneiss Complex,14_75,train,32.23,0.2115,1277.8
MN_BG_0215,18.42844,85.2703,Odisha,0,0.1185,0.1056,0.2066,0.392,0.2734,0.1697,1.7438,1.6117,0.6976,0.30972216885705167,171.13,11.91,341.55,-0.3165,0.9486,9.18,2.0,1.5,Sandstone Sedimentary,18_85,train,34.96,0.1751,1759.5
MN_BG_0216,18.59133,84.23426,Andhra Pradesh,0,0.1146,0.1511,0.2544,0.4228,0.2418,0.2201,2.2198,1.0989,0.572,0.24867063102387618,253.94,3.26,266.6,-0.9982,-0.0592,9.38,2.0,7.21,Schist Gneiss Complex,18_84,train,34.47,0.1962,1731.1
MN_BG_0217,18.08649,83.41543,Andhra Pradesh,0,0.1149,0.1493,0.1696,0.3789,0.2435,0.1802,1.4751,1.3516,0.6429,0.38158544834011243,399.15,3.69,318.45,-0.6633,0.7484,7.48,2.92,9.4,Sandstone Sedimentary,18_83,validation,31.84,0.2418,1670.5
MN_BG_0218,15.17128,77.02232,Karnataka,0,0.1066,0.1102,0.1817,0.3201,0.2154,0.2003,1.7052,1.0755,0.6729,0.27580654482553835,261.38,4.23,198.68,-0.3202,-0.9473,11.13,18.69,4.31,Deccan Basalt Trap,15_77,train,34.6,0.182,1353.0
MN_BG_0219,21.55992,78.62701,Madhya Pradesh / Maharashtra,0,0.1165,0.106,0.1926,0.3419,0.2979,0.1399,1.6527,2.1293,0.8715,0.2793259507465842,252.97,3.75,227.01,-0.7315,-0.6819,6.71,5.24,2.88,Schist Gneiss Complex,21_78,train,34.87,0.2098,1489.6
MN_BG_0220,18.91448,86.36242,Odisha,0,0.1066,0.1061,0.2584,0.2824,0.1738,0.2195,2.4239,0.7917,0.6154,0.04437861616380141,388.14,7.75,56.15,0.8305,0.557,14.5,7.81,12.13,Schist Gneiss Complex,18_86,train,36.24,0.1339,1810.3
MN_BG_0221,21.2987,78.50722,Madhya Pradesh / Maharashtra,0,0.0705,0.17,0.193,0.4464,0.2154,0.2058,2.7394,1.0465,0.4826,0.3963084199117612,212.24,1.05,68.66,0.9314,0.3639,11.02,50.0,8.73,Deccan Basalt Trap,21_78,train,33.11,0.2338,1430.5
MN_BG_0222,13.6214,74.57907,Karnataka,0,0.0938,0.1612,0.2529,0.2236,0.2332,0.1765,2.6969,1.3211,1.0427,-0.06148990243462243,106.45,7.44,247.33,-0.9228,-0.3854,16.33,12.88,1.5,Schist Gneiss Complex,13_74,validation,39.43,0.1269,1077.1
MN_BG_0223,20.99717,80.10662,Madhya Pradesh / Maharashtra,0,0.085,0.1411,0.2484,0.4247,0.2745,0.1812,2.9233,1.5147,0.6464,0.261922059245195,298.49,10.38,313.06,-0.7307,0.6827,10.08,32.32,10.83,Sandstone Sedimentary,20_80,train,33.45,0.1545,1536.7
MN_BG_0224,21.01065,80.46582,Madhya Pradesh / Maharashtra,0,0.0699,0.1683,0.1989,0.3135,0.2864,0.1925,2.8446,1.4883,0.9137,0.22365295930335813,282.67,9.88,133.62,0.7239,-0.6899,16.64,18.48,2.33,Deccan Basalt Trap,21_80,validation,34.03,0.177,1572.8
MN_BG_0225,15.91376,75.21244,Karnataka,0,0.1038,0.1459,0.1805,0.4474,0.1635,0.1503,1.7396,1.0879,0.3656,0.42506700897115945,513.15,12.0,212.02,-0.5302,-0.8479,11.18,11.0,1.5,Schist Gneiss Complex,15_75,test,30.69,0.2052,1314.7
MN_BG_0226,19.17463,83.64109,Odisha,0,0.0933,0.116,0.1753,0.2745,0.2928,0.2334,1.8794,1.2547,1.0665,0.22054197300584039,412.92,7.3,282.89,-0.9748,0.2231,9.23,10.7,1.5,Schist Gneiss Complex,19_83,train,34.23,0.1796,1717.0
MN_BG_0227,21.15045,85.14559,Odisha,0,0.1056,0.141,0.2245,0.4351,0.2126,0.205,2.1253,1.0373,0.4887,0.3192839307399473,472.12,4.35,274.64,-0.9967,0.0809,9.03,3.09,8.87,Schist Gneiss Complex,21_85,test,33.22,0.2084,1864.5
MN_BG_0228,22.03768,78.78382,Madhya Pradesh / Maharashtra,0,0.0976,0.1223,0.2424,0.4335,0.2995,0.2155,2.4837,1.3896,0.6908,0.2827337139610683,253.33,2.87,120.96,0.8575,-0.5145,11.27,7.52,11.88,Alluvial Quaternary Plains,22_78,test,35.83,0.2403,1553.3
MN_BG_0229,18.99438,86.46618,Odisha,0,0.1017,0.1489,0.164,0.2328,0.2396,0.1982,1.6118,1.2089,1.0293,0.17338665981184523,315.08,0.92,308.34,-0.7844,0.6203,2.76,16.61,4.51,Schist Gneiss Complex,18_86,train,36.19,0.1681,1848.9
MN_BG_0230,19.38776,84.2999,Odisha,0,0.0776,0.1266,0.1753,0.2295,0.2492,0.1917,2.2598,1.3001,1.0856,0.13389294986919498,194.84,1.91,106.44,0.9591,-0.2829,10.68,11.6,7.32,Schist Gneiss Complex,19_84,test,36.52,0.1655,1607.6
MN_BG_0231,18.45554,84.64328,Andhra Pradesh,0,0.0804,0.1364,0.2214,0.3449,0.2086,0.1723,2.7538,1.2106,0.6047,0.2180819034400433,230.22,7.84,51.21,0.7795,0.6264,11.9,2.0,35.0,Alluvial Quaternary Plains,18_84,train,35.39,0.1631,1568.7
MN_BG_0232,16.15908,77.01699,Karnataka,0,0.0872,0.1159,0.1598,0.2752,0.2594,0.1528,1.833,1.6983,0.9427,0.26528674646724953,249.1,3.27,328.76,-0.5186,0.855,1.0,2.52,1.5,Deccan Basalt Trap,16_77,train,33.84,0.1796,1343.2
MN_BG_0233,22.24763,79.98929,Madhya Pradesh / Maharashtra,0,0.0764,0.1142,0.1753,0.2464,0.2918,0.2141,2.2952,1.3629,1.1843,0.1686028726514758,389.62,4.86,89.8,1.0,0.0034,11.41,5.3,11.33,Schist Gneiss Complex,22_79,train,35.27,0.1619,1544.3
MN_BG_0234,14.30691,74.52117,Karnataka,0,0.0864,0.1584,0.2528,0.3589,0.2808,0.2187,2.9261,1.2841,0.7826,0.17345075453530395,329.89,5.03,42.09,0.6703,0.7421,3.29,13.75,23.95,Deccan Basalt Trap,14_74,train,34.99,0.1817,1169.9
MN_BG_0235,18.95405,84.13803,Andhra Pradesh,0,0.095,0.1312,0.1826,0.2304,0.1905,0.1218,1.9219,1.5638,0.8268,0.11573821855152888,207.89,5.77,314.29,-0.7159,0.6983,16.09,6.35,6.58,Schist Gneiss Complex,18_84,train,37.04,0.1827,1610.4
MN_BG_0236,18.54748,83.59193,Odisha,0,0.1068,0.1079,0.1491,0.3032,0.1729,0.1902,1.3959,0.909,0.5703,0.34070231991527766,309.78,6.17,282.06,-0.9779,0.2089,7.61,14.44,7.68,Sandstone Sedimentary,18_83,validation,32.84,0.1924,1584.9
MN_BG_0237,18.28998,84.5716,Andhra Pradesh,0,0.1074,0.1599,0.2074,0.2766,0.2193,0.2152,1.9312,1.0189,0.7927,0.1429749112088612,238.29,3.94,41.65,0.6646,0.7472,8.59,2.95,35.0,Alluvial Quaternary Plains,18_84,train,36.67,0.1538,1704.3
MN_BG_0238,18.77912,85.46168,Odisha,0,0.1139,0.1596,0.1492,0.4261,0.2712,0.139,1.3101,1.9508,0.6364,0.48131326036283617,247.92,5.44,56.17,0.8307,0.5567,5.98,21.59,3.55,Alluvial Quaternary Plains,18_85,train,33.39,0.2399,1767.3
MN_BG_0239,21.7051,78.92015,Madhya Pradesh / Maharashtra,0,0.0684,0.1461,0.2314,0.3997,0.1986,0.1445,3.3846,1.3743,0.4968,0.26667680767420743,277.22,2.92,216.61,-0.5963,-0.8028,7.8,3.45,8.49,Deccan Basalt Trap,21_78,train,34.61,0.188,1481.6
MN_BG_0240,21.33138,80.63463,Madhya Pradesh / Maharashtra,0,0.1107,0.1179,0.1687,0.3378,0.2683,0.1253,1.524,2.1415,0.7942,0.33385916316058606,326.74,8.3,83.33,0.9932,0.1161,13.88,13.72,22.53,Schist Gneiss Complex,21_80,validation,33.93,0.2078,1477.9
MN_BG_0241,18.41555,83.78872,Andhra Pradesh,0,0.114,0.177,0.1933,0.3925,0.2344,0.1845,1.6962,1.2704,0.5973,0.34004721739976546,208.69,3.08,103.68,0.9716,-0.2365,6.67,28.53,1.5,Deccan Basalt Trap,18_83,validation,34.61,0.2137,1612.3
MN_BG_0242,18.67376,84.27821,Andhra Pradesh,0,0.0657,0.1254,0.2562,0.2803,0.2038,0.2204,3.8975,0.9249,0.7271,0.04492069912264844,294.92,5.05,136.66,0.6863,-0.7273,5.94,4.57,2.69,Deccan Basalt Trap,18_84,train,36.82,0.1154,1711.8
MN_BG_0243,21.30372,78.59902,Madhya Pradesh / Maharashtra,0,0.1069,0.1319,0.1933,0.4255,0.2521,0.121,1.8086,2.0842,0.5925,0.3752417982517804,312.88,4.08,180.17,-0.003,-1.0,2.23,9.51,2.57,Deccan Basalt Trap,21_78,train,33.36,0.2337,1431.0
MN_BG_0244,18.27977,84.59184,Andhra Pradesh,0,0.0936,0.1663,0.2255,0.3802,0.2054,0.1481,2.4105,1.3873,0.5402,0.2554065454737568,252.7,6.55,295.35,-0.9037,0.4282,7.04,6.97,1.5,Deccan Basalt Trap,18_84,train,34.84,0.2072,1693.9
MN_BG_0245,18.80515,83.81793,Andhra Pradesh,0,0.1068,0.1798,0.1629,0.3257,0.2203,0.1565,1.5254,1.4075,0.6765,0.33319620713015324,272.31,8.05,178.88,0.0195,-0.9998,9.25,7.01,12.76,Deccan Basalt Trap,18_83,validation,33.89,0.1852,1667.5
MN_BG_0246,21.0997,83.96434,Odisha,0,0.1083,0.1042,0.1592,0.2972,0.1708,0.1482,1.4696,1.1522,0.5746,0.30236568280963455,195.04,1.96,100.76,0.9824,-0.1867,4.92,3.9,1.5,Deccan Basalt Trap,21_83,train,34.08,0.1988,1719.7
MN_BG_0247,21.14192,79.46601,Madhya Pradesh / Maharashtra,0,0.0606,0.1686,0.2277,0.4378,0.2694,0.1576,3.7592,1.7091,0.6155,0.31570200495566497,364.1,2.05,131.08,0.7538,-0.6571,8.02,2.0,6.13,Sandstone Sedimentary,21_79,train,33.63,0.2146,1556.6
MN_BG_0248,15.52892,74.5959,Karnataka,0,0.0908,0.1156,0.1512,0.3144,0.1829,0.1466,1.6652,1.2473,0.5816,0.3505147110938336,291.45,1.8,31.53,0.523,0.8523,5.07,2.0,1.72,Deccan Basalt Trap,15_74,train,33.76,0.2209,1150.6
MN_BG_0249,20.83112,83.7355,Odisha,0,0.0768,0.1266,0.2195,0.4202,0.2663,0.2073,2.8591,1.2844,0.6336,0.3137403255583468,464.37,4.73,198.99,-0.3255,-0.9456,5.9,4.22,19.34,Alluvial Quaternary Plains,20_83,test,34.23,0.2082,1826.1
MN_BG_0250,18.95408,83.62381,Andhra Pradesh,0,0.0845,0.11,0.1606,0.4103,0.2419,0.1605,1.9009,1.507,0.5895,0.4373788099863199,232.94,3.33,351.37,-0.15,0.9887,11.48,5.07,3.29,Sandstone Sedimentary,18_83,validation,33.55,0.2662,1641.5
MN_BG_0251,18.15874,83.20005,Andhra Pradesh,0,0.0989,0.17,0.2349,0.2525,0.2364,0.1327,2.3751,1.7817,0.9363,0.03610989718937796,301.57,4.08,192.65,-0.2191,-0.9757,9.48,2.0,1.5,Sandstone Sedimentary,18_83,validation,38.91,0.1405,1636.5
MN_BG_0252,18.99018,83.91275,Andhra Pradesh,0,0.0983,0.1788,0.2322,0.3199,0.2225,0.1943,2.3624,1.1454,0.6955,0.15884774706077334,80.0,5.23,232.15,-0.7896,-0.6136,16.91,2.0,4.49,Schist Gneiss Complex,18_83,validation,36.35,0.1616,1566.9
MN_BG_0253,18.74253,82.92805,Odisha,0,0.0962,0.1419,0.1704,0.3283,0.2289,0.1434,1.7718,1.5963,0.6972,0.31662258547706945,395.95,7.11,284.93,-0.9663,0.2576,9.63,2.0,2.72,Deccan Basalt Trap,18_82,train,34.02,0.1737,1650.2
MN_BG_0254,16.10232,74.60524,Karnataka,0,0.0691,0.1712,0.2533,0.3961,0.1608,0.1202,3.6649,1.3378,0.4058,0.2198949493456277,514.71,2.18,6.62,0.1153,0.9933,7.12,7.48,22.93,Alluvial Quaternary Plains,16_74,test,33.87,0.1769,1244.6
MN_BG_0255,20.97679,85.30461,Odisha,0,0.0751,0.152,0.1655,0.2481,0.2582,0.1336,2.2045,1.9324,1.0408,0.19970938174714276,146.51,10.28,45.5,0.7132,0.7009,8.82,19.73,14.76,Sandstone Sedimentary,20_85,train,37.94,0.1563,1726.7
MN_BG_0256,19.01069,84.21112,Andhra Pradesh,0,0.1035,0.1394,0.216,0.4053,0.2157,0.2167,2.0879,0.9953,0.5322,0.30468323727146746,262.67,1.7,8.89,0.1545,0.988,9.79,5.41,6.33,Alluvial Quaternary Plains,19_84,test,33.57,0.2378,1763.7
MN_BG_0257,21.00398,80.34047,Madhya Pradesh / Maharashtra,0,0.1118,0.1121,0.2422,0.448,0.2618,0.2142,2.1666,1.2222,0.5842,0.2981740101796433,368.63,3.71,221.21,-0.6589,-0.7522,2.34,16.94,1.5,Alluvial Quaternary Plains,21_80,validation,33.12,0.1872,1527.7
MN_BG_0258,18.42357,83.22999,Andhra Pradesh,0,0.0865,0.1034,0.2222,0.4276,0.2772,0.1353,2.567,2.0491,0.6483,0.3160967742431913,335.64,5.81,332.73,-0.4582,0.8889,7.54,7.41,5.53,Alluvial Quaternary Plains,18_83,validation,33.17,0.2001,1583.7
MN_BG_0259,19.01377,83.21279,Andhra Pradesh,0,0.06,0.157,0.1828,0.2785,0.1618,0.1848,3.0464,0.8754,0.5809,0.20745673649092464,344.76,13.5,30.62,0.5093,0.8606,1.0,11.21,3.94,Alluvial Quaternary Plains,19_83,train,33.23,0.1391,1736.7
MN_BG_0260,18.12345,83.56685,Andhra Pradesh,0,0.0658,0.1142,0.2585,0.3221,0.2345,0.2248,3.9283,1.0428,0.7278,0.10954166458548983,368.88,3.51,110.07,0.9393,-0.3431,12.56,6.18,8.93,Deccan Basalt Trap,18_83,validation,35.51,0.1822,1667.7
MN_BG_0261,18.40981,83.23978,Andhra Pradesh,0,0.0979,0.1103,0.2094,0.3795,0.2581,0.2104,2.1381,1.2265,0.6801,0.28884311624534514,289.99,8.45,262.89,-0.9923,-0.1238,3.77,2.0,2.68,Schist Gneiss Complex,18_83,validation,33.62,0.2156,1610.4
MN_BG_0262,15.16619,76.74988,Karnataka,0,0.0718,0.11,0.2556,0.2449,0.227,0.1903,3.5613,1.193,0.927,-0.021378578664178468,330.45,2.64,20.53,0.3507,0.9365,8.84,2.0,7.05,Sandstone Sedimentary,15_76,test,37.71,0.1269,1344.5
MN_BG_0263,14.1311,76.11332,Karnataka,0,0.1092,0.1033,0.1998,0.3785,0.1953,0.1569,1.8294,1.2446,0.516,0.30900863045369104,365.27,5.92,291.57,-0.93,0.3677,14.86,5.45,8.19,Alluvial Quaternary Plains,14_76,validation,33.67,0.1948,1233.3
MN_BG_0264,18.24692,84.26313,Andhra Pradesh,0,0.0934,0.1287,0.2494,0.2248,0.2042,0.1268,2.6701,1.6101,0.9083,-0.05187673581455967,341.67,7.5,119.29,0.8722,-0.4892,12.54,13.51,4.03,Alluvial Quaternary Plains,18_84,train,39.53,0.1305,1783.5
MN_BG_0265,14.7263,75.43684,Karnataka,0,0.1161,0.1201,0.1545,0.3544,0.2957,0.1653,1.3305,1.7884,0.8343,0.392807245417085,273.68,3.72,182.14,-0.0373,-0.9993,10.33,50.0,4.81,Deccan Basalt Trap,14_75,train,33.68,0.234,1240.5
MN_BG_0266,18.52092,83.20726,Andhra Pradesh,0,0.113,0.1332,0.1865,0.3717,0.2219,0.1978,1.6502,1.1218,0.5969,0.33178012937991863,201.83,5.72,343.64,-0.2816,0.9595,10.54,2.0,5.19,Sandstone Sedimentary,18_83,validation,33.74,0.2312,1588.4
MN_BG_0267,18.75626,83.72263,Andhra Pradesh,0,0.0803,0.1101,0.187,0.2574,0.2628,0.1451,2.3293,1.8117,1.021,0.1584154851136699,297.27,3.16,214.28,-0.5633,-0.8263,9.35,5.09,13.0,Deccan Basalt Trap,18_83,validation,35.05,0.1819,1768.8
MN_BG_0268,18.10306,84.01853,Andhra Pradesh,0,0.1145,0.1317,0.1756,0.253,0.1812,0.1719,1.5335,1.0539,0.7162,0.1805875394597773,382.43,2.93,338.24,-0.3706,0.9288,9.19,16.88,7.07,Schist Gneiss Complex,18_84,train,35.4,0.1733,1674.5
MN_BG_0269,20.9283,79.59673,Madhya Pradesh / Maharashtra,0,0.0978,0.1663,0.234,0.2837,0.2917,0.1349,2.3926,2.1622,1.0282,0.09600135985829655,340.36,2.76,14.5,0.2504,0.9681,10.24,10.43,21.98,Alluvial Quaternary Plains,20_79,validation,35.31,0.1706,1577.9
MN_BG_0270,21.57004,80.36225,Madhya Pradesh / Maharashtra,0,0.117,0.1018,0.2579,0.2398,0.274,0.1536,2.2037,1.7835,1.1426,-0.036367216461289015,80.0,4.68,231.82,-0.7861,-0.6181,4.22,5.75,1.5,Sandstone Sedimentary,21_80,validation,40.88,0.1365,1514.2
MN_BG_0271,15.93649,75.34965,Karnataka,0,0.073,0.1354,0.1458,0.4087,0.2757,0.1906,1.9978,1.4467,0.6745,0.4741199745356636,392.73,3.52,199.69,-0.3369,-0.9415,10.28,18.41,7.3,Sandstone Sedimentary,15_75,test,32.28,0.2546,1330.5
MN_BG_0272,16.08645,75.82334,Karnataka,0,0.0963,0.1176,0.2151,0.3515,0.1859,0.1272,2.2333,1.4619,0.5289,0.2407337791497014,389.12,9.4,188.42,-0.1465,-0.9892,10.72,3.09,8.79,Sandstone Sedimentary,16_75,train,33.79,0.1784,1365.2
MN_BG_0273,14.69295,74.6901,Karnataka,0,0.0711,0.1162,0.1864,0.2318,0.2157,0.1814,2.6229,1.189,0.9306,0.10856023778039746,80.0,4.18,302.09,-0.8472,0.5313,8.58,2.0,1.5,Sandstone Sedimentary,14_74,train,36.02,0.1738,1109.4
MN_BG_0274,18.73582,84.58046,Andhra Pradesh,0,0.0935,0.1768,0.1458,0.2425,0.1662,0.1422,1.5603,1.1683,0.6851,0.24903361052379466,184.55,11.51,16.41,0.2825,0.9593,10.89,35.02,14.77,Schist Gneiss Complex,18_84,train,36.38,0.1829,1636.5
MN_BG_0275,18.52419,83.23051,Odisha,0,0.0676,0.1099,0.2022,0.2765,0.2101,0.2387,2.9907,0.8802,0.7599,0.15521170835239542,318.72,5.59,51.32,0.7807,0.625,12.41,2.0,1.5,Alluvial Quaternary Plains,18_83,validation,35.59,0.1877,1673.1
MN_BG_0276,18.83437,83.73942,Andhra Pradesh,0,0.0894,0.1332,0.1429,0.2971,0.1848,0.1318,1.5986,1.4019,0.6219,0.35045374896875237,100.49,5.53,262.32,-0.991,-0.1337,10.53,4.55,4.0,Alluvial Quaternary Plains,18_83,validation,35.54,0.218,1574.6
MN_BG_0277,18.60726,83.26984,Odisha,0,0.1079,0.1542,0.2056,0.3293,0.2891,0.1287,1.9066,2.2461,0.8781,0.2312577467606155,209.23,1.26,281.67,-0.9793,0.2023,8.68,3.05,4.08,Sandstone Sedimentary,18_83,validation,34.1,0.1926,1708.1
MN_BG_0278,16.1412,74.74268,Karnataka,0,0.1079,0.1267,0.2277,0.3166,0.241,0.2199,2.1093,1.0957,0.7611,0.16332874641053383,294.61,6.22,21.46,0.3659,0.9307,9.63,14.13,1.5,Sandstone Sedimentary,16_74,test,35.14,0.166,1220.5
MN_BG_0279,18.71316,83.72493,Andhra Pradesh,0,0.0912,0.1797,0.1562,0.3754,0.2154,0.136,1.7134,1.5846,0.574,0.4123393296852338,413.13,1.69,174.17,0.1016,-0.9948,1.17,10.81,6.86,Alluvial Quaternary Plains,18_83,validation,32.09,0.2441,1695.0
MN_BG_0280,20.18131,84.87993,Odisha,0,0.0942,0.1168,0.2291,0.2258,0.2097,0.2136,2.4313,0.9815,0.9286,-0.007254325666463687,195.38,0.34,250.18,-0.9408,-0.339,10.23,10.06,12.73,Deccan Basalt Trap,20_84,test,38.41,0.1352,1724.9
MN_BG_0281,18.79314,83.87872,Andhra Pradesh,0,0.068,0.1209,0.1903,0.3578,0.2319,0.1546,2.7987,1.5003,0.6481,0.30560061010653145,289.84,4.52,102.83,0.9751,-0.222,11.06,2.3,5.1,Schist Gneiss Complex,18_83,validation,33.68,0.208,1616.2
MN_BG_0282,15.18934,75.8516,Karnataka,0,0.0844,0.1417,0.2476,0.2651,0.1632,0.2234,2.932,0.7303,0.6153,0.034132954685089395,301.08,8.01,214.9,-0.5721,-0.8201,9.24,19.94,4.49,Schist Gneiss Complex,15_75,test,37.59,0.1228,1203.8
MN_BG_0283,22.26087,79.81588,Madhya Pradesh / Maharashtra,0,0.0708,0.1215,0.1638,0.2768,0.2029,0.1866,2.3125,1.0872,0.7331,0.2564678700229913,149.96,10.79,221.55,-0.6633,-0.7484,8.79,2.89,2.66,Schist Gneiss Complex,22_79,train,34.69,0.1679,1568.4
MN_BG_0284,21.60984,82.55961,Odisha,0,0.099,0.1535,0.2358,0.4345,0.1628,0.1385,2.3831,1.176,0.3747,0.29643399010295374,173.58,4.88,203.25,-0.3948,-0.9188,12.5,13.05,9.09,Alluvial Quaternary Plains,21_82,test,34.79,0.2198,1603.6
MN_BG_0285,19.29603,84.29628,Andhra Pradesh,0,0.0772,0.1704,0.1459,0.2731,0.2856,0.1507,1.8891,1.8948,1.0457,0.30357922773454005,247.35,4.1,309.28,-0.7741,0.6331,16.7,3.28,11.35,Schist Gneiss Complex,19_84,test,34.42,0.212,1643.7
MN_BG_0286,14.34401,75.43205,Karnataka,0,0.0726,0.1781,0.2175,0.4349,0.2025,0.2138,2.9962,0.9469,0.4655,0.3332306357592953,290.06,7.48,347.63,-0.2142,0.9768,12.72,6.0,1.5,Deccan Basalt Trap,14_75,train,33.94,0.2005,1232.0
MN_BG_0287,21.2631,84.97276,Odisha,0,0.0724,0.1404,0.1775,0.3183,0.2503,0.2094,2.4508,1.1953,0.7864,0.28398490523415654,244.88,0.95,96.9,0.9928,-0.1201,10.89,28.8,3.7,Alluvial Quaternary Plains,21_84,train,35.22,0.1896,1813.1
MN_BG_0288,19.16609,84.52302,Andhra Pradesh,0,0.071,0.1765,0.1852,0.298,0.1687,0.1783,2.6096,0.9462,0.5662,0.23344322549001348,232.91,4.32,114.1,0.9128,-0.4083,6.68,19.85,16.67,Sandstone Sedimentary,19_84,test,34.34,0.1941,1725.7
MN_BG_0289,21.80653,86.18609,Odisha,0,0.1059,0.1117,0.2228,0.4374,0.2556,0.1598,2.1046,1.5993,0.5843,0.325052521883487,489.86,5.23,183.81,-0.0664,-0.9978,7.06,19.46,15.81,Deccan Basalt Trap,21_86,train,31.61,0.2099,1955.8
MN_BG_0290,16.07144,75.18647,Karnataka,0,0.0997,0.1601,0.2374,0.4375,0.2038,0.223,2.3805,0.9139,0.4658,0.2964879293407477,224.47,6.41,267.11,-0.9987,-0.0504,5.61,13.59,2.33,Sandstone Sedimentary,16_75,train,35.42,0.2209,1174.3
MN_BG_0291,13.95592,74.3609,Karnataka,0,0.103,0.138,0.2419,0.3082,0.1836,0.2204,2.3473,0.8329,0.5956,0.12052332208085417,168.98,5.83,259.34,-0.9827,-0.185,18.44,7.41,14.12,Schist Gneiss Complex,13_74,validation,36.99,0.1599,1045.5
MN_BG_0292,15.41535,74.5162,Karnataka,0,0.1103,0.1537,0.2236,0.3035,0.2831,0.207,2.027,1.3673,0.9328,0.1515838520511249,313.83,4.54,319.1,-0.6548,0.7558,4.79,2.0,26.04,Sandstone Sedimentary,15_74,train,35.02,0.1655,1263.9
MN_BG_0293,21.8102,79.12229,Madhya Pradesh / Maharashtra,0,0.0749,0.1754,0.1758,0.3984,0.215,0.1367,2.3461,1.5729,0.5398,0.38766912631639433,292.15,4.41,351.28,-0.1516,0.9884,2.76,5.06,5.88,Deccan Basalt Trap,21_79,train,34.41,0.2164,1509.4
MN_BG_0294,15.87577,75.71656,Karnataka,0,0.0905,0.1111,0.2579,0.2775,0.1703,0.1996,2.8511,0.8532,0.6136,0.036608075068967,171.58,0.54,151.99,0.4696,-0.8829,15.48,18.45,1.74,Schist Gneiss Complex,15_75,test,37.89,0.1853,1198.5
MN_BG_0295,21.838,79.46363,Madhya Pradesh / Maharashtra,0,0.0875,0.1205,0.2303,0.338,0.2049,0.1915,2.632,1.0699,0.6063,0.18951224791087823,289.75,5.26,331.45,-0.4779,0.8784,6.67,2.74,4.34,Alluvial Quaternary Plains,21_79,train,36.51,0.1685,1598.8
MN_BG_0296,20.80036,80.6045,Madhya Pradesh / Maharashtra,0,0.1106,0.1594,0.1601,0.2477,0.1695,0.2069,1.4475,0.8191,0.6842,0.21481065519702017,275.66,4.84,42.89,0.6806,0.7327,11.46,8.62,3.43,Sandstone Sedimentary,20_80,train,35.35,0.186,1589.7
MN_BG_0297,15.17759,76.35615,Karnataka,0,0.0666,0.1028,0.2593,0.2735,0.1675,0.1428,3.8915,1.1733,0.6125,0.026651601629876908,280.42,3.84,288.86,-0.9463,0.3233,5.73,13.51,5.69,Sandstone Sedimentary,15_76,test,38.94,0.1473,1283.2
MN_BG_0298,22.18566,78.52279,Madhya Pradesh / Maharashtra,0,0.1067,0.1369,0.2587,0.3311,0.2982,0.2105,2.4246,1.4161,0.9004,0.12275326762755577,112.8,5.94,357.17,-0.0494,0.9988,2.0,23.38,1.5,Alluvial Quaternary Plains,22_78,test,38.75,0.151,1539.1
MN_BG_0299,21.35293,78.51606,Madhya Pradesh / Maharashtra,0,0.0842,0.1188,0.2383,0.2976,0.2759,0.1201,2.8294,2.2974,0.927,0.11065476645873017,194.26,2.83,84.08,0.9947,0.1031,1.42,6.48,3.78,Deccan Basalt Trap,21_78,train,36.81,0.1492,1424.3
MN_BG_0300,15.94431,75.67887,Karnataka,0,0.0798,0.1085,0.2544,0.2339,0.2017,0.1558,3.1877,1.2947,0.8624,-0.041982301899852796,332.44,2.44,281.94,-0.9784,0.2069,6.53,2.0,8.06,Sandstone Sedimentary,15_75,test,38.64,0.1317,1307.5
MN_BG_0301,18.49625,86.41055,Odisha,0,0.0714,0.1657,0.2054,0.2379,0.2938,0.1496,2.8758,1.9632,1.2348,0.07331361760970537,271.74,5.86,307.42,-0.7942,0.6076,8.53,17.61,21.84,Sandstone Sedimentary,18_86,train,37.44,0.1603,1781.1
MN_BG_0302,21.64242,86.31922,Odisha,0,0.072,0.1227,0.1747,0.3067,0.2151,0.1853,2.4276,1.1603,0.7012,0.27419967968491965,260.7,6.66,60.32,0.8688,0.4951,5.03,4.46,5.6,Deccan Basalt Trap,21_86,train,35.79,0.1666,1845.5
MN_BG_0303,20.98916,79.42344,Madhya Pradesh / Maharashtra,0,0.1076,0.1176,0.1623,0.4387,0.1894,0.1513,1.5087,1.2516,0.4317,0.4598994011657218,361.73,6.55,41.7,0.6652,0.7467,8.63,21.2,5.68,Deccan Basalt Trap,20_79,validation,31.12,0.2289,1614.2
MN_BG_0304,14.7899,75.63448,Karnataka,0,0.1061,0.1503,0.216,0.3236,0.2344,0.2095,2.0361,1.1187,0.7243,0.19940659857932064,459.48,6.82,332.67,-0.4592,0.8883,12.08,20.6,6.6,Schist Gneiss Complex,14_75,train,34.77,0.1616,1308.0
MN_BG_0305,19.2042,84.1145,Andhra Pradesh,0,0.1095,0.1551,0.2062,0.2756,0.2196,0.2361,1.8836,0.9302,0.7969,0.14404287247224482,360.57,10.96,335.86,-0.4089,0.9126,11.52,17.09,9.98,Schist Gneiss Complex,19_84,test,36.46,0.1628,1744.7
MN_BG_0306,13.79663,76.85105,Karnataka,0,0.0806,0.1547,0.143,0.3787,0.2043,0.1267,1.7752,1.6122,0.5393,0.4517913517512905,515.42,1.01,139.25,0.6528,-0.7576,10.87,2.0,1.5,Schist Gneiss Complex,13_76,train,29.43,0.2239,1387.9
MN_BG_0307,18.57699,86.41655,Odisha,0,0.0604,0.1387,0.1548,0.2908,0.2896,0.1394,2.5643,2.0778,0.9962,0.3052057782635138,318.76,10.16,318.41,-0.6638,0.7479,14.68,2.61,1.5,Alluvial Quaternary Plains,18_86,train,32.93,0.1779,1780.4
MN_BG_0308,19.57692,84.09995,Odisha,0,0.1056,0.1271,0.2542,0.3897,0.2436,0.2257,2.4079,1.0794,0.6252,0.21043607635335249,507.28,0.6,267.81,-0.9993,-0.0383,7.71,30.19,4.41,Deccan Basalt Trap,19_84,test,32.39,0.1976,1740.8
MN_BG_0309,22.33848,79.52316,Madhya Pradesh / Maharashtra,0,0.0893,0.1281,0.2491,0.3509,0.2667,0.2174,2.7886,1.2267,0.7601,0.16966638388936017,218.01,0.2,305.45,-0.8146,0.58,13.27,33.96,7.81,Deccan Basalt Trap,22_79,train,36.0,0.2134,1479.6
MN_BG_0310,19.04663,84.52107,Andhra Pradesh,0,0.0837,0.1041,0.1882,0.375,0.223,0.2099,2.2487,1.0628,0.5949,0.33167554745108757,240.02,9.18,67.11,0.9213,0.3889,2.87,16.61,6.31,Deccan Basalt Trap,19_84,test,34.59,0.1827,1604.9
MN_BG_0311,19.79802,82.95634,Odisha,0,0.0919,0.1317,0.2136,0.4053,0.202,0.2355,2.3245,0.8577,0.4983,0.30974259211085453,493.78,7.25,245.04,-0.9066,-0.422,9.05,6.72,1.5,Deccan Basalt Trap,19_82,train,34.12,0.1835,1819.3
MN_BG_0312,19.70344,83.93474,Odisha,0,0.0833,0.1111,0.2286,0.4171,0.2914,0.1791,2.7453,1.6273,0.6987,0.291930785301556,478.04,7.55,150.58,0.4911,-0.8711,10.27,4.44,22.08,Deccan Basalt Trap,19_83,train,33.27,0.2163,1713.8
MN_BG_0313,21.59561,78.91036,Madhya Pradesh / Maharashtra,0,0.0665,0.1674,0.2137,0.2949,0.1868,0.1867,3.2139,1.001,0.6335,0.15965363811710948,168.25,6.36,306.51,-0.8038,0.5949,7.56,13.69,2.56,Sandstone Sedimentary,21_78,train,37.88,0.1387,1456.8
MN_BG_0314,20.86836,83.34489,Odisha,0,0.0727,0.1033,0.1786,0.3487,0.2801,0.2,2.4571,1.4003,0.8032,0.3225861509839731,229.15,6.97,258.93,-0.9814,-0.192,8.16,31.94,6.0,Deccan Basalt Trap,20_83,test,33.16,0.1618,1660.6
MN_BG_0315,20.88452,80.17,Madhya Pradesh / Maharashtra,0,0.0673,0.1242,0.2039,0.3498,0.2441,0.14,3.0306,1.744,0.6977,0.2634996144128329,421.22,0.71,349.13,-0.1885,0.9821,9.92,17.24,7.17,Schist Gneiss Complex,20_80,train,32.55,0.212,1611.6
MN_BG_0316,21.00008,85.18053,Odisha,0,0.0961,0.1392,0.2034,0.2969,0.2327,0.1437,2.1159,1.6193,0.7837,0.18688749372877528,307.24,3.63,30.59,0.5089,0.8608,10.53,6.88,8.59,Deccan Basalt Trap,21_85,test,35.42,0.1714,1822.4
MN_BG_0317,21.24281,79.78379,Madhya Pradesh / Maharashtra,0,0.0808,0.1746,0.2507,0.3355,0.2059,0.2085,3.1021,0.9878,0.6136,0.1446602786416264,287.32,3.56,121.08,0.8565,-0.5162,15.07,7.96,1.5,Schist Gneiss Complex,21_79,train,36.4,0.1591,1579.4
MN_BG_0318,20.37564,85.141,Odisha,0,0.0742,0.1387,0.1915,0.2372,0.1749,0.2205,2.5809,0.793,0.7371,0.10660110426614353,322.46,3.05,181.77,-0.0309,-0.9995,6.06,17.57,1.5,Deccan Basalt Trap,20_85,train,36.29,0.1695,1750.5
MN_BG_0319,18.70068,82.65678,Odisha,0,0.0632,0.1667,0.1542,0.2304,0.2213,0.2213,2.4405,1.0001,0.9606,0.19812740996513267,243.12,0.46,14.37,0.2482,0.9687,17.18,10.15,3.23,Schist Gneiss Complex,18_82,train,33.93,0.2028,1596.1
MN_BG_0320,18.13861,83.66024,Andhra Pradesh,0,0.066,0.1613,0.256,0.4431,0.2811,0.1921,3.8798,1.4634,0.6344,0.2676294269354499,161.87,2.01,227.08,-0.7323,-0.681,12.48,7.3,5.26,Sandstone Sedimentary,18_83,validation,35.11,0.1959,1621.9
MN_BG_0321,14.26118,75.15412,Karnataka,0,0.1155,0.1045,0.1983,0.4299,0.2455,0.1856,1.717,1.3227,0.5709,0.36867181045557074,220.67,1.51,306.74,-0.8014,0.5981,11.3,2.0,1.5,Schist Gneiss Complex,14_75,train,32.43,0.2079,1158.2
MN_BG_0322,21.40318,79.88739,Madhya Pradesh / Maharashtra,0,0.0648,0.1546,0.2519,0.3524,0.1777,0.1898,3.8884,0.936,0.5041,0.16630784989599548,543.32,3.7,316.74,-0.6853,0.7283,14.21,12.55,18.36,Alluvial Quaternary Plains,21_79,train,34.96,0.1909,1710.5
MN_BG_0323,18.75141,83.83167,Odisha,0,0.0721,0.1727,0.2312,0.3756,0.2021,0.1421,3.2069,1.4226,0.5382,0.23796928482319574,275.31,10.06,81.28,0.9885,0.1515,6.72,4.74,5.06,Alluvial Quaternary Plains,18_83,validation,35.23,0.1736,1690.9
MN_BG_0324,22.33555,83.39912,Odisha,0,0.0678,0.1163,0.2323,0.3179,0.2392,0.1225,3.4249,1.952,0.7524,0.1555795063985707,300.18,5.02,294.0,-0.9136,0.4067,6.48,25.98,1.5,Schist Gneiss Complex,22_83,train,35.18,0.1616,1762.8
MN_BG_0325,22.03556,84.16828,Odisha,0,0.1098,0.1107,0.2522,0.3928,0.2918,0.2012,2.2979,1.4503,0.7428,0.21798415816409586,340.28,4.68,99.2,0.9871,-0.16,13.44,17.39,21.21,Deccan Basalt Trap,22_84,train,34.54,0.2127,1802.2
MN_BG_0326,15.65459,76.41564,Karnataka,0,0.0638,0.131,0.1739,0.29,0.2976,0.1971,2.725,1.5097,1.0261,0.25026891513491023,197.12,8.84,156.43,0.3999,-0.9166,6.53,24.44,1.59,Sandstone Sedimentary,15_76,test,34.24,0.1546,1298.6
MN_BG_0327,21.15003,79.25031,Madhya Pradesh / Maharashtra,0,0.1054,0.1315,0.213,0.3223,0.2639,0.1474,2.0213,1.7906,0.819,0.20418418796153934,276.93,4.24,170.75,0.1607,-0.987,6.68,6.13,1.5,Sandstone Sedimentary,21_79,train,35.38,0.1539,1519.3
MN_BG_0328,22.21495,78.84901,Madhya Pradesh / Maharashtra,0,0.0959,0.1532,0.1903,0.3813,0.2175,0.1806,1.9852,1.2046,0.5705,0.33414917048780524,196.42,4.35,132.57,0.7365,-0.6765,8.89,46.38,4.37,Deccan Basalt Trap,22_78,test,35.12,0.1968,1427.9
MN_BG_0329,15.95681,76.35179,Karnataka,0,0.0949,0.1638,0.2437,0.3251,0.2265,0.1663,2.5675,1.3619,0.6968,0.14310804657516424,221.08,5.1,197.9,-0.3073,-0.9516,12.46,2.74,14.01,Alluvial Quaternary Plains,15_76,test,35.47,0.1654,1275.3
MN_BG_0330,18.07099,84.74932,Andhra Pradesh,0,0.0908,0.1233,0.1963,0.4173,0.2027,0.1431,2.1632,1.4162,0.4857,0.36016890454872136,270.46,4.02,280.82,-0.9822,0.1877,5.62,7.66,2.06,Schist Gneiss Complex,18_84,train,33.87,0.2144,1665.5
MN_BG_0331,19.59746,86.54167,Odisha,0,0.0806,0.179,0.1982,0.2612,0.2848,0.1752,2.4599,1.6249,1.0902,0.13713509548303118,202.51,8.15,66.35,0.916,0.4012,6.58,7.57,7.45,Deccan Basalt Trap,19_86,train,36.15,0.1446,1758.4
MN_BG_0332,13.57319,76.5505,Karnataka,0,0.0606,0.161,0.2472,0.3196,0.235,0.1772,4.077,1.3258,0.7353,0.12773442530976478,322.35,7.88,321.82,-0.6182,0.786,7.48,4.91,7.64,Sandstone Sedimentary,13_76,train,35.15,0.1533,1280.4
MN_BG_0333,19.25068,83.91613,Andhra Pradesh,0,0.0872,0.1223,0.2551,0.2528,0.2412,0.1539,2.926,1.567,0.9538,-0.004528441566368187,229.18,0.49,359.57,-0.0076,1.0,8.94,2.0,1.5,Sandstone Sedimentary,19_83,train,38.03,0.1275,1722.2
MN_BG_0334,20.34393,83.61281,Odisha,0,0.079,0.107,0.1764,0.4423,0.2923,0.1602,2.2331,1.8245,0.6608,0.42977140815999976,233.63,7.74,2.23,0.0388,0.9992,9.09,19.97,23.71,Sandstone Sedimentary,20_83,test,32.1,0.2382,1677.2
MN_BG_0335,21.05832,80.70972,Madhya Pradesh / Maharashtra,0,0.0923,0.1011,0.1709,0.3235,0.257,0.208,1.8527,1.2357,0.7945,0.3086563336239207,468.95,12.04,146.03,0.5587,-0.8294,8.48,11.09,2.06,Sandstone Sedimentary,21_80,validation,32.67,0.173,1656.1
MN_BG_0336,18.90346,83.9273,Andhra Pradesh,0,0.1194,0.1489,0.1845,0.3976,0.1839,0.1661,1.5451,1.1067,0.4624,0.36608767207065435,396.07,2.65,281.44,-0.9801,0.1984,1.0,7.94,12.64,Deccan Basalt Trap,18_83,validation,31.78,0.229,1795.0
MN_BG_0337,14.42359,76.62994,Karnataka,0,0.0743,0.118,0.2005,0.28,0.1613,0.1978,2.6991,0.8153,0.576,0.16545230915232229,80.0,6.97,348.11,-0.2061,0.9785,12.8,2.0,6.74,Schist Gneiss Complex,14_76,validation,38.27,0.1699,1200.7
MN_BG_0338,18.75804,84.29243,Andhra Pradesh,0,0.0823,0.1074,0.1949,0.3107,0.2814,0.1493,2.3681,1.885,0.9056,0.2290343571314139,308.96,2.95,322.4,-0.6101,0.7923,3.51,40.8,4.69,Schist Gneiss Complex,18_84,train,34.88,0.1904,1818.5
MN_BG_0339,13.82273,74.89096,Karnataka,0,0.0664,0.1657,0.1567,0.3919,0.1667,0.2338,2.3601,0.713,0.4254,0.428726888941143,297.66,9.98,280.57,-0.983,0.1835,17.34,18.52,4.16,Alluvial Quaternary Plains,13_74,validation,31.76,0.2253,1201.2
MN_BG_0340,15.79486,75.34267,Karnataka,0,0.0898,0.1006,0.1991,0.4469,0.199,0.1675,2.2175,1.1882,0.4452,0.3835907374756386,321.74,8.08,150.26,0.4961,-0.8683,10.78,4.45,22.22,Deccan Basalt Trap,15_75,test,32.98,0.2136,1164.7
MN_BG_0341,20.99043,78.65853,Madhya Pradesh / Maharashtra,0,0.089,0.1176,0.1705,0.4219,0.1725,0.2058,1.9152,0.8382,0.409,0.4243747056470194,371.83,2.8,260.07,-0.985,-0.1725,8.52,2.0,16.09,Schist Gneiss Complex,20_78,train,32.17,0.2417,1548.5
MN_BG_0342,14.62953,75.53319,Karnataka,0,0.0782,0.1573,0.183,0.2816,0.2205,0.131,2.3407,1.6836,0.7831,0.21222511359209306,268.16,1.92,83.67,0.9939,0.1103,10.49,12.12,35.0,Alluvial Quaternary Plains,14_75,train,34.93,0.2104,1227.6
MN_BG_0343,18.29359,83.31684,Andhra Pradesh,0,0.112,0.1355,0.1564,0.4183,0.2743,0.2381,1.3972,1.152,0.6556,0.4557152327906164,392.63,12.7,164.87,0.2611,-0.9653,3.26,10.11,1.5,Schist Gneiss Complex,18_83,validation,32.15,0.202,1735.6
MN_BG_0344,20.37677,85.60553,Odisha,0,0.0704,0.1438,0.2257,0.3223,0.1638,0.1739,3.2042,0.9418,0.5082,0.17627705058932366,113.15,6.42,44.86,0.7054,0.7088,7.73,12.68,1.5,Schist Gneiss Complex,20_85,train,37.24,0.1747,1754.7
MN_BG_0345,20.52671,83.78121,Odisha,0,0.0873,0.1131,0.1765,0.3629,0.2023,0.228,2.0216,0.8872,0.5574,0.3455685102548939,203.01,11.27,13.95,0.2411,0.9705,14.88,3.7,13.15,Alluvial Quaternary Plains,20_83,test,33.69,0.1901,1670.5
MN_BG_0346,15.72412,74.45581,Karnataka,0,0.112,0.1399,0.1756,0.281,0.2205,0.2399,1.5681,0.9191,0.7847,0.23083611293010753,289.76,4.36,210.61,-0.5092,-0.8606,7.71,8.05,5.94,Alluvial Quaternary Plains,15_74,train,34.35,0.2048,1136.3
MN_BG_0347,19.32201,86.41586,Odisha,0,0.0861,0.1103,0.2291,0.3679,0.2042,0.1946,2.6593,1.0494,0.555,0.23249542295574047,263.97,0.79,323.79,-0.5908,0.8068,7.28,20.65,27.92,Schist Gneiss Complex,19_86,train,34.87,0.1855,1783.1
MN_BG_0348,18.35763,84.15039,Andhra Pradesh,0,0.0805,0.1798,0.1716,0.2842,0.2903,0.123,2.1331,2.3609,1.0214,0.2470376326510912,201.46,8.44,301.1,-0.8563,0.5165,12.27,44.0,29.71,Sandstone Sedimentary,18_84,train,33.37,0.2041,1611.2
MN_BG_0349,19.06839,84.16336,Andhra Pradesh,0,0.0988,0.1103,0.218,0.446,0.2877,0.1727,2.2058,1.6657,0.645,0.3433729768479264,279.63,4.05,297.5,-0.887,0.4618,7.01,2.0,4.45,Schist Gneiss Complex,19_84,test,32.45,0.2078,1665.5
MN_BG_0350,22.28569,79.9745,Madhya Pradesh / Maharashtra,0,0.0787,0.142,0.1479,0.4437,0.2104,0.1773,1.8796,1.1864,0.4742,0.499999154835776,456.35,9.31,238.4,-0.8518,-0.5239,4.16,15.08,2.5,Schist Gneiss Complex,22_79,train,32.03,0.2001,1655.8
MN_BG_0351,18.72606,85.31869,Odisha,0,0.0624,0.1478,0.2444,0.4249,0.2229,0.1751,3.9168,1.2727,0.5245,0.26968434232131727,310.4,3.52,295.65,-0.9014,0.4329,6.63,21.9,16.77,Schist Gneiss Complex,18_85,train,35.68,0.1956,1822.6
MN_BG_0352,20.5124,83.32772,Odisha,0,0.0661,0.1729,0.2385,0.3948,0.1668,0.2212,3.6068,0.754,0.4226,0.2468020735795459,153.83,0.2,196.73,-0.2879,-0.9577,5.45,2.0,11.31,Alluvial Quaternary Plains,20_83,test,35.37,0.1888,1656.6
MN_BG_0353,21.09854,78.93293,Madhya Pradesh / Maharashtra,0,0.0711,0.1046,0.2105,0.4133,0.1624,0.1259,2.963,1.2905,0.3931,0.3251036788975971,404.09,6.07,117.63,0.886,-0.4637,12.88,3.85,1.5,Sandstone Sedimentary,21_78,train,33.74,0.2158,1486.6
MN_BG_0354,20.82773,84.99725,Odisha,0,0.1045,0.154,0.1647,0.3011,0.1777,0.1356,1.5761,1.3103,0.5901,0.29282891191732086,136.22,7.75,346.58,-0.232,0.9727,10.17,11.88,1.63,Deccan Basalt Trap,20_84,test,35.37,0.1777,1734.1
MN_BG_0355,21.61397,84.98865,Odisha,0,0.0971,0.1625,0.2244,0.4119,0.1679,0.2097,2.311,0.8005,0.4075,0.29467186127320244,248.49,7.47,230.56,-0.7723,-0.6353,9.3,2.0,6.94,Sandstone Sedimentary,21_84,train,36.98,0.1813,1822.6
MN_BG_0356,15.42299,74.72767,Karnataka,0,0.0741,0.1395,0.2498,0.2687,0.1802,0.2111,3.3698,0.8537,0.6706,0.036451231530893864,282.71,7.84,52.78,0.7963,0.6049,8.51,12.46,2.12,Schist Gneiss Complex,15_74,train,38.07,0.1007,1167.7
MN_BG_0357,15.34526,75.98105,Karnataka,0,0.1053,0.1248,0.1938,0.3133,0.2978,0.1551,1.8402,1.9202,0.9506,0.23565325250788308,203.71,1.14,203.25,-0.3948,-0.9188,9.76,3.71,18.09,Alluvial Quaternary Plains,15_75,test,35.11,0.1908,1216.3
MN_BG_0358,18.85353,84.63257,Andhra Pradesh,0,0.0701,0.1775,0.1943,0.4375,0.2548,0.1562,2.7714,1.631,0.5823,0.3849313312261297,273.13,3.43,33.49,0.5517,0.834,4.76,2.0,1.5,Deccan Basalt Trap,18_84,train,32.42,0.1811,1706.8
MN_BG_0359,15.64806,74.62415,Karnataka,0,0.0678,0.1515,0.1637,0.2425,0.1834,0.2308,2.4132,0.7943,0.7563,0.19399262926482205,246.11,8.42,236.1,-0.83,-0.5578,16.39,13.77,7.93,Sandstone Sedimentary,15_74,train,34.21,0.1458,1146.9
MN_BG_0360,18.36383,84.45894,Odisha,0,0.1135,0.1456,0.2399,0.4481,0.1829,0.203,2.1143,0.901,0.4082,0.3026158392211639,327.37,7.43,38.53,0.6229,0.7823,5.95,18.21,19.28,Schist Gneiss Complex,18_84,train,34.02,0.1979,1736.7
MN_BG_0361,18.81983,83.77426,Andhra Pradesh,0,0.0863,0.1248,0.2315,0.4353,0.2917,0.141,2.683,2.0692,0.6701,0.30563841385960727,323.32,6.95,91.02,0.9998,-0.0178,7.99,29.19,8.02,Deccan Basalt Trap,18_83,validation,33.26,0.2027,1679.0
MN_BG_0362,19.28004,85.59337,Odisha,0,0.0617,0.13,0.2152,0.2536,0.2752,0.1482,3.4887,1.857,1.0852,0.08191108807361758,268.6,1.99,214.58,-0.5675,-0.8234,15.38,2.0,1.5,Deccan Basalt Trap,19_85,train,35.73,0.1728,1775.2
MN_BG_0363,21.23141,80.38526,Madhya Pradesh / Maharashtra,0,0.12,0.1169,0.1718,0.3725,0.2952,0.2299,1.4323,1.2839,0.7925,0.3687298020764246,420.69,5.24,48.87,0.7532,0.6578,6.47,2.0,2.54,Sandstone Sedimentary,21_80,validation,32.15,0.1947,1574.3
MN_BG_0364,21.4053,78.70331,Madhya Pradesh / Maharashtra,0,0.0805,0.1785,0.2156,0.3157,0.1833,0.2383,2.6766,0.7691,0.5806,0.18840544248928567,213.56,3.5,25.22,0.4262,0.9046,11.83,2.0,1.5,Schist Gneiss Complex,21_78,train,35.11,0.1803,1449.8
MN_BG_0365,16.00766,75.69023,Karnataka,0,0.1106,0.1357,0.225,0.3883,0.1844,0.1633,2.035,1.1286,0.4747,0.2662640367454153,234.78,5.79,130.15,0.7643,-0.6449,9.07,7.72,13.55,Alluvial Quaternary Plains,16_75,train,36.05,0.1873,1265.9
MN_BG_0366,22.07423,79.86945,Madhya Pradesh / Maharashtra,0,0.1132,0.1329,0.2125,0.3649,0.2184,0.1373,1.8774,1.5907,0.5986,0.26394135098484417,290.9,4.16,76.14,0.9709,0.2395,10.46,15.98,3.09,Schist Gneiss Complex,22_79,train,35.38,0.1766,1545.6
MN_BG_0367,21.06002,80.70742,Madhya Pradesh / Maharashtra,0,0.1111,0.1691,0.1888,0.3953,0.1801,0.121,1.6995,1.4883,0.4557,0.353534748271275,295.03,4.27,163.94,0.2766,-0.961,7.54,6.59,10.13,Sandstone Sedimentary,21_80,validation,33.53,0.2329,1659.0
MN_BG_0368,21.27532,83.50198,Odisha,0,0.1088,0.1471,0.1653,0.2744,0.2479,0.2196,1.5194,1.129,0.9034,0.2481231564176565,290.79,0.57,312.12,-0.7417,0.6707,6.34,13.28,4.75,Sandstone Sedimentary,21_83,train,36.01,0.2121,1691.9
MN_BG_0369,21.12681,79.94165,Madhya Pradesh / Maharashtra,0,0.0815,0.1797,0.1976,0.3318,0.2392,0.23,2.4241,1.04,0.7211,0.25349404326776864,269.69,9.37,258.73,-0.9807,-0.1954,7.57,2.56,4.99,Alluvial Quaternary Plains,21_79,train,34.94,0.1672,1549.4
MN_BG_0370,22.26375,79.27144,Madhya Pradesh / Maharashtra,0,0.1171,0.1426,0.2158,0.3449,0.1781,0.1651,1.8422,1.0788,0.5165,0.23024749376227258,527.44,5.94,160.87,0.3276,-0.9448,5.29,18.06,1.99,Sandstone Sedimentary,22_79,train,33.09,0.1756,1664.1
MN_BG_0371,18.52823,84.66785,Andhra Pradesh,0,0.1026,0.1335,0.2021,0.2394,0.2978,0.2,1.969,1.4894,1.2443,0.08448451985386217,348.71,0.31,39.41,0.6349,0.7726,3.47,15.17,12.0,Sandstone Sedimentary,18_84,train,37.58,0.1641,1663.8
MN_BG_0372,18.79885,84.60644,Andhra Pradesh,0,0.0647,0.1265,0.1698,0.4472,0.2145,0.2079,2.6236,1.0317,0.4796,0.4495940849366532,355.84,2.09,86.04,0.9976,0.0691,11.16,3.96,4.24,Deccan Basalt Trap,18_84,train,32.38,0.2121,1653.6
